target_catalog_id,target_vsx_name,catalog_id,inst_mag,sigma_iqr,inv_nv,spike,locus_sigma_iqr,locus_spread,n_frames,thr_inv_nv,FLAG,flag_reason
458293905511239808,Gaia DR3 458293905511239808,458310879221865088,-6.605907142498921,0.07287676988325273,0.5702704876846088,0.7171159114526847,0.04103836682498597,0.02186553752132792,9,1.0704646996536624,False,
458293905511239808,Gaia DR3 458293905511239808,458358226942974208,-8.807311905548122,0.029886710634620884,0.6022153654480146,0.7753839339780486,0.012255651297858251,0.004514581647951757,12,1.0704646996536624,False,
458293905511239808,Gaia DR3 458293905511239808,458389150705119104,-8.543772052881788,0.020143577983600666,0.7748845193692977,0.9181889556285406,0.016483909602415987,0.006931588975190601,12,1.0704646996536624,False,
458293905511239808,Gaia DR3 458293905511239808,458396744207145600,-8.64233729570159,0.02574764355494328,0.4266391580639304,1.1294725748521945,0.014648025724459087,0.005836463327734495,12,1.0704646996536624,False,
458293905511239808,Gaia DR3 458293905511239808,458406364933891840,-8.71091668747627,0.02277846390981548,0.5726430758175499,0.7625692713999244,0.013370660640000224,0.005074500503205201,12,1.0704646996536624,False,
458293905511239808,Gaia DR3 458293905511239808,458407464445472384,-8.070463043562388,0.029189099598329556,0.6348084042782534,1.2081196249696584,0.024434091617676915,0.010767231220973696,12,1.0704646996536624,False,
458293905511239808,Gaia DR3 458293905511239808,458407567524721152,-8.653192540437267,0.013986837109630989,0.713223335914175,1.392159698332471,0.014445835091824627,0.0057158543120271466,12,1.0704646996536624,False,
458293905511239808,Gaia DR3 458293905511239808,458407842402574208,-8.11840167783976,0.01734701169714048,0.47190468897846155,1.6008589767984367,0.023772337961274072,0.010614596490809997,12,1.0704646996536624,False,
458302632884676480,Gaia DR3 458302632884676480,458307855565031040,-8.238754455847673,0.04260325390938323,0.7672740551242442,0.8555211217962815,0.022110966249177355,0.010231397968937204,12,1.4495758068000197,False,
458302632884676480,Gaia DR3 458302632884676480,458308989436259584,-8.155238370509714,0.035637065587847384,0.5638438141727428,0.9238239966773409,0.023263837532932992,0.010497309907023118,12,1.4495758068000197,False,
458302632884676480,Gaia DR3 458302632884676480,458340634756388352,-6.647753479406004,0.0924644334565104,1.098590992005328,0.7589733229005416,0.04221172455605207,0.023859478549947116,7,1.4495758068000197,False,
458302632884676480,Gaia DR3 458302632884676480,458340840914582272,-8.025015117053366,0.02125020493635263,0.7988205348246931,1.2726956487134087,0.025061463089489346,0.010911935635352029,12,1.4495758068000197,False,
458302632884676480,Gaia DR3 458302632884676480,458342043505412480,-7.973963764498256,0.025606076158234386,0.43361686686861173,1.0870917685043213,0.02576618527707158,0.011074481138351874,12,1.4495758068000197,False,
458302632884676480,Gaia DR3 458302632884676480,458351797363298048,-8.396256547292746,0.02973612267208372,1.055480174877309,1.0977895518817191,0.01923154488146362,0.008570584720002578,12,1.4495758068000197,False,
458302632884676480,Gaia DR3 458302632884676480,458357367949572736,-8.171033625663405,0.026923975323799695,0.5344108446915908,1.274186683243196,0.023045796948145104,0.01044701843450638,12,1.4495758068000197,False,
458302632884676480,Gaia DR3 458302632884676480,458362659349112704,-8.162403928629127,0.031912784925135156,0.5564772425175964,0.833815853291227,0.023164922860932698,0.010474495051186786,12,1.4495758068000197,False,
458305244224911744,Gaia DR3 458305244224911744,458357471028756864,-8.956942352985632,0.0092863736162781,0.8480939608635666,1.22340901824736,0.011245162357087668,0.004186462563241786,12,1.2062607817155517,False,
458305244224911744,Gaia DR3 458305244224911744,458359493944675968,-9.372155238357337,0.006871847749502431,0.5389149872847564,1.2047979916503528,0.008839235426464951,0.0033476273241988003,12,1.2062607817155517,False,
458305244224911744,Gaia DR3 458305244224911744,458403027733301248,-9.518256663212396,0.00796492733146213,0.5653074377969846,1.433603581366238,0.00832872043686582,0.0031129661537475936,12,1.2062607817155517,False,
458305244224911744,Gaia DR3 458305244224911744,458404505202051968,-9.725192897327254,0.004994064074777267,0.37025171303400517,1.1840776701445022,0.007605633379284869,0.0027805950016227487,12,1.2062607817155517,False,
458305244224911744,Gaia DR3 458305244224911744,458405196702890752,-9.385514131150375,0.0045889377401662195,0.45662528355382487,1.5342537178037203,0.00879255610747775,0.0033261709049896356,12,1.2062607817155517,False,
458305244224911744,Gaia DR3 458305244224911744,458406158775439616,-8.92958621441649,0.009512880132581187,0.6826103722697114,1.5244870688840655,0.011429904673639581,0.004246450829682374,12,1.2062607817155517,False,
458305244224911744,Gaia DR3 458305244224911744,458406498066869760,-9.400379518449785,0.008904752040218056,0.34150374777171655,1.0386244733203225,0.008740612719176956,0.003302294825845638,12,1.2062607817155517,False,
458305244224911744,Gaia DR3 458305244224911744,458453506490773120,-9.89779662917168,0.003459907520637411,0.5334429662671085,2.05311199596894,0.0073391996871375225,0.002731857813685874,12,1.2062607817155517,False,
458305450383338368,Gaia DR3 458305450383338368,458307202729952256,-8.595583079690133,0.03138634124243183,0.36059526221901983,0.7657369855000647,0.015518873387857776,0.006355933879584679,12,0.8708548573354591,False,
458305450383338368,Gaia DR3 458305450383338368,458309264304541440,-8.77000050342282,0.023824023212259827,0.43339579100302605,0.9196174223403929,0.012507623806515008,0.0045964004443548945,12,0.8708548573354591,False,
458305450383338368,Gaia DR3 458305450383338368,458351148836990080,-7.653209645130568,0.033431206881347326,0.5018962075104575,0.8898135423536215,0.03207039322995908,0.012361607237462591,12,0.8708548573354591,False,
458305450383338368,Gaia DR3 458305450383338368,458402138686170752,-8.400284623291236,0.02079152425987144,0.7799831451288575,1.4401984649880388,0.019156517624661397,0.008525830106615033,12,0.8708548573354591,False,
458305450383338368,Gaia DR3 458305450383338368,458403513075640832,-8.402858708259316,0.027744108261545067,0.46184273241015183,0.7632998790460422,0.019108572517865196,0.00849723030422395,12,0.8708548573354591,False,
458305450383338368,Gaia DR3 458305450383338368,458405845231841152,-8.778882632435943,0.0150305790889271,0.5154826129405524,1.4857859206853354,0.012447640739619435,0.00457692315151796,12,0.8708548573354591,False,
458305450383338368,Gaia DR3 458305450383338368,458406364933900160,-6.449933666311695,0.031335397269679155,0.7972530484845897,0.9757361086684617,0.03666492107913952,0.01443353901124008,7,0.8708548573354591,False,
458305450383338368,Gaia DR3 458305450383338368,458406674171521024,-8.490597273684344,0.01642268096575557,0.5429967810385515,1.6066434326422587,0.017474347175029502,0.007522396270246923,12,0.8708548573354591,False,
458306652974151936,Gaia DR3 458306652974151936,458309156927978880,-10.12491420851272,0.00728189568421878,0.33168604208335173,0.8796980633535557,0.007062977445164588,0.0027181917271139736,12,1.3184640393725366,False,
458306652974151936,Gaia DR3 458306652974151936,458311154099858304,-10.042899688002798,0.008282601221197623,0.4444004613069554,0.994214231560336,0.0071627241701663034,0.002723126693137711,12,1.3184640393725366,False,
458306652974151936,Gaia DR3 458306652974151936,458357471028756864,-8.956942352985632,0.009528808042985356,0.8575192159099022,1.1882637359337267,0.011245162357087668,0.004186462563241786,12,1.3184640393725366,False,
458306652974151936,Gaia DR3 458306652974151936,458357780266370304,-10.280647121950594,0.008770104773423288,0.9462287152435651,0.8474695243342439,0.006881366690603883,0.002679847018233275,12,1.3184640393725366,False,
458306652974151936,Gaia DR3 458306652974151936,458361761687408128,-10.001423445893185,0.002734321257742008,0.5764215457889988,1.8580982116082525,0.007213167912202344,0.0027256223956588087,12,1.3184640393725366,False,
458306652974151936,Gaia DR3 458306652974151936,458405196702890752,-9.385514131150375,0.008734690112948695,0.4457385973509313,0.8920957327970521,0.00879255610747775,0.0033261709049896356,12,1.3184640393725366,False,
458306652974151936,Gaia DR3 458306652974151936,458406498066869760,-9.400379518449785,0.006284096032233402,0.4181838579151611,1.2405329402082652,0.008740612719176956,0.003302294825845638,12,1.3184640393725366,False,
458306652974151936,Gaia DR3 458306652974151936,458409830961481344,-9.918227298032184,0.008316393411205204,0.926100685889325,1.047916503879862,0.007314351741971725,0.0027306284623948842,12,1.3184640393725366,False,
458307649406613248,Gaia DR3 458307649406613248,458307786845557760,-9.034710584979882,0.012185243196370165,0.5244968046843264,1.0726158470914722,0.010698881763743028,0.004001265370415211,12,0.7406538112587425,False,
458307649406613248,Gaia DR3 458307649406613248,458355237645794688,-8.702054291493967,0.01187456647073509,0.6115940270669843,1.1451905120820398,0.013488968361162661,0.005145517387262806,12,0.7406538112587425,False,
458307649406613248,Gaia DR3 458307649406613248,458355512523680640,-9.155516982491585,0.012681423511483618,0.41451192622735067,1.227935685133582,0.009896045011536798,0.00374301501134036,12,0.7406538112587425,False,
458307649406613248,Gaia DR3 458307649406613248,458355890480894464,-8.975752218650774,0.009481049566113595,0.3432738267154029,1.2899541523270248,0.011090698292618998,0.004127301901497795,12,0.7406538112587425,False,
458307649406613248,Gaia DR3 458307649406613248,458357471028756864,-8.956942352985632,0.009989394522027198,1.247331466090061,1.1498235982257115,0.011215702032247732,0.004167512144185498,12,0.7406538112587425,True,invNV
458307649406613248,Gaia DR3 458307649406613248,458358226942974208,-8.807311905548122,0.012103167954522731,0.3874564480546568,1.1585609911218455,0.012210093264220834,0.0044873802767943175,12,0.7406538112587425,False,
458307649406613248,Gaia DR3 458307649406613248,458359532612983040,-9.071745362569647,0.0053733808771465755,0.5390577830272307,3.010300685717775,0.010452761680938914,0.0039220953528680234,12,0.7406538112587425,True,spike
458307649406613248,Gaia DR3 458307649406613248,458387982474065920,-8.559219459110508,0.010281840713209667,0.3441409668328971,1.657029032611984,0.016164196985295143,0.006741181137786684,12,0.7406538112587425,False,
458308469733215488,Gaia DR3 458308469733215488,458310604343959552,-11.191631936946367,0.004837180063919894,0.4119835208169266,1.1341611774111433,0.0056291641087594674,0.0019891329876580775,12,1.0317684191171064,False,
458308469733215488,Gaia DR3 458308469733215488,458311218512274560,-11.465499581550226,0.006620291319386219,0.6489348681954813,1.5760980257440338,0.005796897016156727,0.0019111691775608192,12,1.0317684191171064,False,
458308469733215488,Gaia DR3 458308469733215488,458353485299241472,-11.21357895410175,0.0022496575467390784,0.6083743967962105,2.550194714193201,0.005589372226318589,0.0019782624853138075,12,1.0317684191171064,False,
458308469733215488,Gaia DR3 458308469733215488,458355306365263232,-11.613992108513568,0.004897535008859594,0.37056281923699197,1.2326932858948856,0.005985396322028202,0.00187736813113267,12,1.0317684191171064,False,
458308469733215488,Gaia DR3 458308469733215488,458388188632487040,-13.587479754646505,0.005013585845392264,0.3985515044288846,1.0895443119982964,0.005413805592874605,0.00228988164354211,12,1.0317684191171064,False,
458308469733215488,Gaia DR3 458308469733215488,458403032039334912,-12.31336000620802,0.005559123492376289,0.6521812423895207,1.0832684397590462,0.0054648738086967765,0.00197066888784887,12,1.0317684191171064,False,
458308469733215488,Gaia DR3 458308469733215488,458406193135257856,-11.331228327390175,0.0028763165246533913,0.3830199811498195,2.169616433522799,0.005626450470965194,0.0019417330651088447,12,1.0317684191171064,False,
458308469733215488,Gaia DR3 458308469733215488,458406261854719616,-11.251353579696328,0.013329811458582794,0.5306171421280349,0.7515898285243205,0.005525055910546229,0.001959914788529195,12,1.0317684191171064,False,
458308955066917120,BD+56 556,458310604343959552,-11.191631936946367,0.0065086320369387605,0.3641723163171144,0.8754115615899106,0.0056291641087594674,0.0019891329876580775,12,1.1199577852207512,False,
458308955066917120,BD+56 556,458353485299241472,-11.21357895410175,0.005588074885246871,0.6592294389573871,1.1840585557202383,0.005589372226318589,0.0019782624853138075,12,1.1199577852207512,False,
458308955066917120,BD+56 556,458356474596389888,-12.805394313806568,0.003106912878358588,0.8228502905594293,2.084813621575561,0.004720591355090255,0.0018369998242695998,12,1.1199577852207512,False,
458308955066917120,BD+56 556,458366713798434432,-11.511256388511033,0.008570889064345019,0.523987393941642,0.9821023539163772,0.005854981598104318,0.0019007536503412715,12,1.1199577852207512,False,
458308955066917120,BD+56 556,458388188632487040,-13.587479754646505,0.0075210158354270685,0.6452983844612896,0.8540039569299303,0.005413805592874605,0.00228988164354211,12,1.1199577852207512,False,
458308955066917120,BD+56 556,458406811610473088,-12.845160597415486,0.0026210493477455497,0.43468454388706973,2.0524591236977177,0.004738152382480039,0.001788446901075625,12,1.1199577852207512,False,
458308955066917120,BD+56 556,458407601884442496,-13.469238658512081,0.0024084747456842768,0.5935152323749396,2.3898147640646044,0.005239718428457056,0.0019410140090795882,12,1.1199577852207512,False,
458308955066917120,BD+56 556,458452888021564288,-11.143645094103963,0.005251284582484582,0.6927982108683312,1.4208365820913373,0.005716168497354725,0.0020129011874056462,12,1.1199577852207512,False,
458308955076524800,Gaia DR3 458308955076524800,458311046713582848,-9.818772591363247,0.013412329146841505,0.4977180162269886,0.9854243237202913,0.0074255478341979575,0.0027409060908762085,12,0.6759686080531659,False,
458308955076524800,Gaia DR3 458308955076524800,458311154099858304,-10.042899688002798,0.008951964614323616,0.41401344324480877,0.8679702222960543,0.007158036120233566,0.002738311929859899,12,0.6759686080531659,False,
458308955076524800,Gaia DR3 458308955076524800,458353416579769728,-9.624069231487361,0.005090291043768767,0.7039373815972315,1.005281750401979,0.007951037928196908,0.002943023738679277,12,0.6759686080531659,False,
458308955076524800,Gaia DR3 458308955076524800,458361761687408128,-10.001423445893185,0.0032630969875279184,0.3999350648046796,1.9224412130617672,0.007207540980564616,0.002738791996982514,12,0.6759686080531659,False,
458308955076524800,Gaia DR3 458308955076524800,458405196702890752,-9.385514131150375,0.007910773607558156,0.46972980515042895,0.9812767540529976,0.00879099584164513,0.003324394426106602,12,0.6759686080531659,False,
458308955076524800,Gaia DR3 458308955076524800,458406498066869760,-9.400379518449785,0.005834655887447605,0.3572221447152538,1.4529027139716866,0.008738654476145191,0.0033006295895332428,12,0.6759686080531659,False,
458308955076524800,Gaia DR3 458308955076524800,458407395726019840,-9.09038549914477,0.014234739097994121,0.4397649128998992,1.1760271053981721,0.01032888590103908,0.0038822479436009497,12,0.6759686080531659,False,
458308955076524800,Gaia DR3 458308955076524800,458453678295539456,-9.582020682847242,0.00768131110486785,1.762760490543112,0.8987165812800632,0.008099091820691299,0.003010245457592647,12,0.6759686080531659,True,invNV
458309573551916800,Gaia DR3 458309573551916800,458307786845557760,-9.034710584979882,0.0071939547881525205,0.4762208419363108,1.3715646785553417,0.01069770435561095,0.003992255011362236,12,0.5779882678070973,False,
458309573551916800,Gaia DR3 458309573551916800,458353416579769728,-9.624069231487361,0.004005044365675484,0.46918251259239974,1.1452910514246357,0.007950517147029126,0.002939038353168597,12,0.5779882678070973,False,
458309573551916800,Gaia DR3 458309573551916800,458357471028756864,-8.956942352985632,0.00679949833614153,0.7592566114012385,1.5126161814010914,0.011214846231226866,0.004160962950014161,12,0.5779882678070973,False,
458309573551916800,Gaia DR3 458309573551916800,458359493944675968,-9.372155238357337,0.00865009093345067,0.42620978146137484,0.914340611608476,0.008836470245420837,0.003333793059704735,12,0.5779882678070973,False,
458309573551916800,Gaia DR3 458309573551916800,458405196702890752,-9.385514131150375,0.009256751552021205,0.45083514211932135,0.8810701157749531,0.008789488526326869,0.0033128593841330028,12,0.5779882678070973,False,
458309573551916800,Gaia DR3 458309573551916800,458405815178103296,-9.27154298596212,0.01150656221450292,0.48738573924114414,0.8057159088313666,0.009190312188213208,0.003491454647593241,12,0.5779882678070973,False,
458309573551916800,Gaia DR3 458309573551916800,458406498066869760,-9.400379518449785,0.005983594222739656,0.42542484020100635,1.6406410483819567,0.008737208635983866,0.0032895649989025007,12,0.5779882678070973,False,
458309573551916800,Gaia DR3 458309573551916800,458455877318750720,-9.224849844514827,0.012544380675034664,1.4139089760982357,1.039088606958514,0.00943331951899292,0.003579772925678256,12,0.5779882678070973,True,invNV
458309642271390976,Gaia DR3 458309642271390976,458309264304541440,-8.77000050342282,0.018820629552373486,0.5406876225009485,1.0957052359203379,0.012457968985016214,0.004566508675804251,12,0.8879219474888567,False,
458309642271390976,Gaia DR3 458309642271390976,458351797363298048,-8.396256547292746,0.023017103532217992,0.44934374035486174,0.8586052860178149,0.019216414984868646,0.008561703532277462,12,0.8879219474888567,False,
458309642271390976,Gaia DR3 458309642271390976,458389803540145152,-8.544578180814945,0.013694604744960408,0.4673720638546675,1.2202312597816491,0.016438421179328064,0.006904744581294938,12,0.8879219474888567,False,
458309642271390976,Gaia DR3 458309642271390976,458402138686170752,-8.400284623291236,0.025976768659421095,0.588538464014023,1.0242923317388086,0.01914097103305713,0.00851670432061534,12,0.8879219474888567,False,
458309642271390976,Gaia DR3 458309642271390976,458403513075640832,-8.402858708259316,0.012348498914660359,0.48835604578891434,1.213462883490748,0.019092759643211624,0.008487948211158043,12,0.8879219474888567,False,
458309642271390976,Gaia DR3 458309642271390976,458407803736908544,-8.808724268726511,0.016486429442690836,0.7677081903252146,1.151571805670681,0.01220046434454114,0.0044825025661924265,12,0.8879219474888567,False,
458309642271390976,Gaia DR3 458309642271390976,458410007066044672,-8.296742132904516,0.014360734264327884,0.8735809732893152,1.3393620387506708,0.021080272738910468,0.009673417958262948,12,0.8879219474888567,False,
458309642271390976,Gaia DR3 458309642271390976,458455018326747648,-8.275230045228541,0.015830325781793452,0.5166008971803646,1.6155037721631131,0.021483183931896747,0.009913737899343505,12,0.8879219474888567,False,
458310054588240384,NSV 15489,458309191287717632,-13.49122646648886,0.0026679775041506147,0.3603446031698234,1.7831987260800823,0.005272091226642918,0.0020058885307700338,12,0.8164964441949891,False,
458310054588240384,NSV 15489,458356474596389888,-12.805394313806568,0.004618195491369952,0.9712623004310869,1.2312772979639555,0.004720591355090255,0.0018369998242695998,12,0.8164964441949891,False,
458310054588240384,NSV 15489,458388188632487040,-13.587479754646505,0.005308014162807914,0.4959393533091201,1.1399444095642026,0.005413805592874605,0.00228988164354211,12,0.8164964441949891,False,
458310054588240384,NSV 15489,458403032039334912,-12.31336000620802,0.005283822981459548,1.107114240146152,0.8328924863720694,0.005479982810908694,0.001993069494528259,12,0.8164964441949891,True,invNV
458310054588240384,NSV 15489,458406811610473088,-12.845160597415486,0.003740938212792644,0.5119553477721419,1.5595787536611303,0.004738152382480039,0.001788446901075625,12,0.8164964441949891,False,
458310054588240384,NSV 15489,458407601884442496,-13.469238658512081,0.004263755685500982,0.5260105904775464,1.3405445239168254,0.005239718428457056,0.0019410140090795882,12,0.8164964441949891,False,
458310054588240384,NSV 15489,458414164594352000,-12.464171402989992,0.006345906358006988,0.33731946624300535,1.091120698619793,0.005209246952145715,0.001962524662114527,12,0.8164964441949891,False,
458310054588240384,NSV 15489,458454296770820992,-12.029515682984282,0.0035180709636557397,0.5633085901564445,1.5337408058863544,0.0058425742411533105,0.0019355706828201892,12,0.8164964441949891,False,
458310776142739328,Gaia DR3 458310776142739328,458359493944675968,-9.372155238357337,0.010819161240115838,0.4459766291415229,0.9584828217716407,0.008836470245420837,0.003333793059704735,12,0.681285842661777,False,
458310776142739328,Gaia DR3 458310776142739328,458373375282357248,-9.834400262512716,0.009233469968009587,0.496548995883189,0.9749587895605548,0.0074068950913696785,0.00274072520826148,12,0.681285842661777,False,
458310776142739328,Gaia DR3 458310776142739328,458408731449864320,-9.249925421492225,0.010992615508020104,0.5104694275654611,1.0495940700318784,0.00926657237073318,0.003525374763422525,12,0.681285842661777,False,
458310776142739328,Gaia DR3 458310776142739328,458412790204894208,-9.943661705990348,0.007630542480258069,0.49810620690840385,0.8549814274183329,0.007276483746855047,0.002739460560740028,12,0.681285842661777,False,
458310776142739328,Gaia DR3 458310776142739328,458412996363273088,-10.050584838855707,0.007866390437649242,0.4489889924583568,1.2317582499288355,0.00714886334323533,0.002738222978014959,12,0.681285842661777,False,
458310776142739328,Gaia DR3 458310776142739328,458452578783931648,-9.9269512588629,0.006899193231491595,0.6534151335932183,0.7921581260620011,0.0072964288602268765,0.002739653975954668,12,0.681285842661777,False,
458310776142739328,Gaia DR3 458310776142739328,458453506490773120,-9.89779662917168,0.006090312897178747,0.49986690105648846,1.0517309472076715,0.007331226995194191,0.0027399914264678985,12,0.681285842661777,False,
458310776142739328,Gaia DR3 458310776142739328,458455465002048896,-10.230794241658792,0.009524903807416135,0.6474925254613199,0.9984904156611807,0.006933770536791303,0.0027361371427253684,12,0.681285842661777,False,
458311291538809984,Gaia DR3 458311291538809984,458389803540145152,-8.544578180814945,0.0107881878970745,0.5715936787540007,1.5448544120758638,0.016438421179328064,0.006904744581294938,12,1.16031388650905,False,
458311291538809984,Gaia DR3 458311291538809984,458403513075640832,-8.402858708259316,0.015484233651115387,0.4382808237788456,0.9210453268400985,0.019092759643211624,0.008487948211158043,12,1.16031388650905,False,
458311291538809984,Gaia DR3 458311291538809984,458407803736908544,-8.808724268726511,0.017402601983405163,0.9006346439021292,1.123059256212493,0.01220046434454114,0.0044825025661924265,12,1.16031388650905,False,
458311291538809984,Gaia DR3 458311291538809984,458408937608290176,-8.819034534324855,0.01967203315798536,0.5786795541736579,0.922558842869703,0.012131903314504866,0.0044601358026509965,12,1.16031388650905,False,
458311291538809984,Gaia DR3 458311291538809984,458409182432337024,-8.258464843823864,0.015760629408403608,0.634626152929172,1.7087129559196466,0.021797188197794096,0.010101028518202196,12,1.16031388650905,False,
458311291538809984,Gaia DR3 458311291538809984,458410007066044672,-8.296742132904516,0.011538257645638544,0.7051178821736103,1.6933099443052384,0.021080272738910468,0.009673417958262948,12,1.16031388650905,False,
458311291538809984,Gaia DR3 458311291538809984,458455018326747648,-8.275230045228541,0.009475943980497177,0.5077668478508596,2.7254915494139005,0.021483183931896747,0.009913737899343505,12,1.16031388650905,False,
458311291538809984,Gaia DR3 458311291538809984,458461340517287936,-8.155418758975731,0.011040310907331229,0.3182175486876188,1.5368528044616918,0.023261347417627056,0.010496735557226754,12,1.16031388650905,False,
458340050640438656,Gaia DR3 458340050640438656,458341631188389888,-7.897047162117832,0.017356220588691122,0.49871057936918867,1.3490220387646672,0.02682795609367065,0.011319380581700976,12,0.8809770028601736,False,
458340050640438656,Gaia DR3 458340050640438656,458342180944366720,-7.622421204536383,0.031050466274340955,0.5137054352842845,0.9005013054667624,0.03309229319058524,0.012544204148222743,12,0.8809770028601736,False,
458340050640438656,Gaia DR3 458340050640438656,458345307680360960,-8.918988854795462,0.007953216825109844,0.5662616179120981,1.4559102804117834,0.011347201752427026,0.004253398731509484,12,0.8809770028601736,False,
458340050640438656,Gaia DR3 458340050640438656,458366404560797056,-8.996851326975206,0.031212327192628446,0.6426206843149751,0.7147930024273697,0.010857666689629134,0.004086488978741276,12,0.8809770028601736,True,amplitude
458340050640438656,Gaia DR3 458340050640438656,458366640773645184,-8.995541854476276,0.01727724567056601,0.4107550963981282,0.8749322965607259,0.010865899573636668,0.004089296027181101,12,0.8809770028601736,False,
458340050640438656,Gaia DR3 458340050640438656,458366919956857216,-7.983734063796797,0.022881717766393233,0.3447402880819495,1.0305950251413802,0.02563131428246731,0.011043372888825556,12,0.8809770028601736,False,
458340050640438656,Gaia DR3 458340050640438656,458558338056727040,-8.691732984242929,0.012157801311413358,0.45073524884604615,1.3361157921360434,0.013522106006482959,0.00526590443943173,12,0.8809770028601736,False,
458340050640438656,Gaia DR3 458340050640438656,458560120457071360,-9.06264355308619,0.017695519358363263,0.563170255030356,1.0078884353945199,0.010444019387672122,0.003945453587919054,12,0.8809770028601736,False,
458340119359913728,Gaia DR3 458340119359913728,458340634756388352,-6.647753479406004,0.06974326361311915,1.2306631164433972,0.9113256852112177,0.04808089011013794,0.022755243503819585,7,1.1877015709709031,True,invNV
458340119359913728,Gaia DR3 458340119359913728,458341940426200704,-7.01893584653062,0.0626578113459884,0.5951286516914822,1.0123387376891007,0.04829928409043867,0.02042010026985349,11,1.1877015709709031,False,
458340119359913728,Gaia DR3 458340119359913728,458346407194577920,-7.959464484693152,0.08308483083344463,0.549974292452338,1.248300722492528,0.025723369694687977,0.010754078156409542,12,1.1877015709709031,True,amplitude
458340119359913728,Gaia DR3 458340119359913728,458351148836990080,-7.653209645130568,0.08010772343440381,0.5722066668799679,1.1483061494980389,0.03162607871152985,0.011884340397269303,12,1.1877015709709031,True,amplitude
458340119359913728,Gaia DR3 458340119359913728,458366610719240064,-7.5842514025945285,0.06673352544090809,0.814593124714187,1.4661627001594317,0.03386671382878318,0.01232685462462182,12,1.1877015709709031,False,
458340119359913728,Gaia DR3 458340119359913728,458367229194470144,-7.594655909529024,0.0703659904154354,0.7221405370301823,1.3014835703172334,0.03352864396566345,0.012260087517778922,12,1.1877015709709031,False,
458340119359913728,Gaia DR3 458340119359913728,458526727096623232,-6.625271532350464,0.029061165725852798,0.7506345047417143,1.0301346580127952,0.0471187647792236,0.02174641248458474,8,1.1877015709709031,False,
458340119359913728,Gaia DR3 458340119359913728,458558509855408256,-8.176621001208735,0.07105166775572697,0.5903617295092082,1.1857272637064344,0.02286436394225385,0.010226235481436741,12,1.1877015709709031,True,amplitude
458340634756157952,Gaia DR3 458340634756157952,458355512523680640,-9.155516982491585,0.01357238859691792,0.4178265550589793,0.9494573658972408,0.009860107795560437,0.0037463656228592574,12,1.1215049284488483,False,
458340634756157952,Gaia DR3 458340634756157952,458355890480894464,-8.975752218650774,0.009774983697639112,0.3790773316127833,1.1664657351163359,0.010990320496134742,0.004131718045523677,12,1.1215049284488483,False,
458340634756157952,Gaia DR3 458340634756157952,458361388038927744,-8.238161228911839,0.025046787743038607,0.698781255815593,0.7802978683411621,0.02205414710956372,0.010076649556360852,12,1.1215049284488483,False,
458340634756157952,Gaia DR3 458340634756157952,458366198403185152,-9.221806167325338,0.009017958020605326,0.711278134946737,0.985663456267184,0.009443336026671564,0.003604264927337208,12,1.1215049284488483,False,
458340634756157952,Gaia DR3 458340634756157952,458366640773645184,-8.995541854476276,0.016461174025937785,0.3327169356277386,0.8419334165202642,0.010865899573636668,0.004089296027181101,12,1.1215049284488483,False,
458340634756157952,Gaia DR3 458340634756157952,458373340922619264,-8.733389391003744,0.012901900611375043,0.5570035097388449,1.1605874192841004,0.012724887851418384,0.004796116414882523,12,1.1215049284488483,False,
458340634756157952,Gaia DR3 458340634756157952,458374376019938944,-9.128492739000414,0.009787608232532254,0.5880277148067766,0.9444527139654028,0.010030013969409841,0.003804296095313903,12,1.1215049284488483,False,
458340634756157952,Gaia DR3 458340634756157952,458533358526031744,-8.812636729058541,0.014027763180182274,0.4468639709157483,1.0932992109958628,0.012015856280003883,0.004481380280466016,12,1.1215049284488483,False,
458340806554842240,Gaia DR3 458340806554842240,458343039937675264,-8.242431701091778,0.030865217906351855,0.37782070183250205,0.7918606427918882,0.021992226706306427,0.010059247537236634,12,3.5526396423982725,False,
458340806554842240,Gaia DR3 458340806554842240,458350118044912640,-7.880440066682012,0.02410266656752005,0.9806349318494758,1.1180839916513936,0.026485598624569166,0.010603289707173063,12,3.5526396423982725,False,
458340806554842240,Gaia DR3 458340806554842240,458356882604568064,-9.309851483768696,0.027233346303330006,0.5142255468819208,0.7408901145518931,0.009057405737434014,0.0034682004630253865,12,3.5526396423982725,True,amplitude
458340806554842240,Gaia DR3 458340806554842240,458368706663119872,-9.076867584238853,0.013156390434308926,0.3236061598629094,1.0103718476039272,0.010357605606881088,0.003928311569811785,12,3.5526396423982725,False,
458340806554842240,Gaia DR3 458340806554842240,458369874893982592,-8.922648708279848,0.012730369969350726,0.3362077327765499,0.7359884637557906,0.011328050787713841,0.004250161341439365,12,3.5526396423982725,False,
458340806554842240,Gaia DR3 458340806554842240,458525936822648192,-8.376520110825812,0.02011587158180416,0.8359264618948856,1.1076543600141713,0.019498495744024222,0.008671992271750036,12,3.5526396423982725,False,
458340806554842240,Gaia DR3 458340806554842240,458532327733904128,-9.230177251047571,0.014289901094923663,2.172443544873651,1.1067863795817403,0.00939288175965797,0.003608359288070328,12,3.5526396423982725,False,
458340806554842240,Gaia DR3 458340806554842240,458533495964990208,-8.27689542162214,0.025310705361372136,0.8390420470151221,0.7631370114928979,0.021388139712472082,0.009755390735216264,12,3.5526396423982725,False,
458341768627329408,Barlad V53,458365854804618112,-9.967499258097863,0.007959332899041969,0.945666819347893,1.338926845428066,0.007248031924132101,0.002739184652787225,12,0.9941369271607433,False,
458341768627329408,Barlad V53,458367916389221760,-10.545475671849399,0.004921606849188231,0.4775321317997077,1.2576858180588795,0.006626620038647714,0.002423869697666524,12,0.9941369271607433,False,
458341768627329408,Barlad V53,458367950748956800,-10.725801170666047,0.004368171266012659,0.5185807126669494,1.218482994899469,0.006453159446489428,0.0022334320329142647,12,0.9941369271607433,False,
458341768627329408,Barlad V53,458371799039531520,-11.19693090660627,0.007740733956943576,0.8085482740698323,1.042364706985845,0.005619556608283582,0.001986508373037222,12,0.9941369271607433,False,
458341768627329408,Barlad V53,458374857056235520,-11.49114706315514,0.005625261505742232,0.5316323089803264,1.3955060698522597,0.005829454428834277,0.0019053310944315126,12,0.9941369271607433,False,
458341768627329408,Barlad V53,458374925776076800,-10.606259751887341,0.0071774876020720985,0.7375128568009363,1.1053649293152594,0.006568149979857533,0.002359677010927806,12,0.9941369271607433,False,
458341768627329408,Barlad V53,458377842048327296,-9.24535933201603,0.00931250336388152,0.5825432813435872,1.439810543940269,0.009297346260392827,0.003576674779529178,12,0.9941369271607433,False,
458341768627329408,Barlad V53,458536313463530112,-11.446087674001484,0.008199229635818863,0.4892486387576152,0.8398786250905665,0.005772255162634479,0.0019155878698797662,12,0.9941369271607433,False,
458342146584446464,Gaia DR3 458342146584446464,458346407194577920,-7.959464484693152,0.02897581118669806,0.5105951206085533,1.0779726812265311,0.02550467512525326,0.010484522830356023,12,0.7729691647812693,False,
458342146584446464,Gaia DR3 458342146584446464,458351148836990080,-7.653209645130568,0.02416396126853503,0.5247076107016565,1.0121417143497098,0.03146309363603678,0.011564668929650669,12,0.7729691647812693,False,
458342146584446464,Gaia DR3 458342146584446464,458361869075174272,-7.671751567037432,0.026655090483623856,0.47435355319851447,1.0266081303467254,0.03081974104345222,0.011418054556769168,12,0.7729691647812693,False,
458342146584446464,Gaia DR3 458342146584446464,458361972155290752,-7.64932387433017,0.017751642954755245,0.35197448900050554,1.3797450534997233,0.03159791896488794,0.011595394431134456,12,0.7729691647812693,False,
458342146584446464,Gaia DR3 458342146584446464,458366610719240064,-7.5842514025945285,0.033517395765095805,0.8055273626529023,1.2034143221914027,0.03385575089877791,0.012109934384613535,12,0.7729691647812693,False,
458342146584446464,Gaia DR3 458342146584446464,458367194835575168,-7.675635984082484,0.036447732839633956,0.3863660996963702,1.0376169741903254,0.03068496268610789,0.011387339759676872,12,0.7729691647812693,False,
458342146584446464,Gaia DR3 458342146584446464,458538649925633280,-7.256706904411785,0.042030510596036706,1.5058514354535384,1.0349682332759154,0.04522062467783709,0.0146998887287785,12,0.7729691647812693,True,invNV
458342146584446464,Gaia DR3 458342146584446464,458558509855408256,-8.176621001208735,0.007950746702932374,0.461617032208461,2.073006968605679,0.022809129426331565,0.010158155336660741,12,0.7729691647812693,False,
458343967650596480,Gaia DR3 458343967650596480,458345307680360960,-8.918988854795462,0.006887663728141698,0.7253981183122407,1.5712599968935699,0.011351080959308535,0.004257799336469579,12,1.3854893283420977,False,
458343967650596480,Gaia DR3 458343967650596480,458366198403185152,-9.221806167325338,0.00716740308879593,0.47073718593391206,1.4313476602640416,0.009445558047214028,0.0036258294671746823,12,1.3854893283420977,False,
458343967650596480,Gaia DR3 458343967650596480,458366541999723520,-9.307679779487858,0.011686434264545544,0.3119633456139182,1.19354649218295,0.009065052357413141,0.0034717850249339098,12,1.3854893283420977,False,
458343967650596480,Gaia DR3 458343967650596480,458366640773645184,-8.995541854476276,0.01743566668112378,0.3420963256536458,0.8350352644379762,0.01086935983952625,0.004098035719263435,12,1.3854893283420977,False,
458343967650596480,Gaia DR3 458343967650596480,458367504072356864,-8.857792048608408,0.02375740183467134,0.46380903634395904,0.8335586472471993,0.01173617095090184,0.004385515077964648,12,1.3854893283420977,False,
458343967650596480,Gaia DR3 458343967650596480,458369118979758720,-9.39444769628117,0.009395415553542702,1.0752397877776512,1.6582805934482518,0.008759540556403624,0.0033285680261171562,12,1.3854893283420977,False,
458343967650596480,Gaia DR3 458343967650596480,458526830175830912,-9.24334541371602,0.01086813785264468,0.7225519466937002,1.2589038512442903,0.009310019140393297,0.003580877761433333,12,1.3854893283420977,False,
458343967650596480,Gaia DR3 458343967650596480,458560120457071360,-9.06264355308619,0.007858448941455865,0.4887801504665042,1.7599602526213773,0.010447112435395298,0.003957996659588507,12,1.3854893283420977,False,
458344345607713408,Gaia DR3 458344345607713408,458342829474964608,-10.03888045745314,0.007269362417692031,0.3957662953899705,1.2153281421528164,0.007162833359252311,0.002738358450478618,12,1.655064372720668,False,
458344345607713408,Gaia DR3 458344345607713408,458345307680360960,-8.918988854795462,0.011554682863085964,0.8595796735528634,1.0735490918128077,0.011351080959308535,0.004257799336469579,12,1.655064372720668,False,
458344345607713408,Gaia DR3 458344345607713408,458346677766129408,-9.773890503145836,0.0061866155694708875,1.1346218700978776,0.9516003013138891,0.007479117815362038,0.0027414255789940216,12,1.655064372720668,False,
458344345607713408,Gaia DR3 458344345607713408,458365884859401984,-10.046966646810574,0.0068741655654381536,0.5887310310105307,1.1768848922629436,0.007153181914126392,0.0027382648568100433,12,1.655064372720668,False,
458344345607713408,Gaia DR3 458344345607713408,458366434615213184,-10.08552479491593,0.00846254346077041,0.7508885753204573,1.5072960482691657,0.0071071600076206155,0.0027378185651916903,12,1.655064372720668,False,
458344345607713408,Gaia DR3 458344345607713408,458366640773645184,-8.995541854476276,0.017666428406357654,0.3657588947990813,0.8689334486767778,0.01086935983952625,0.004098035719263435,12,1.655064372720668,False,
458344345607713408,Gaia DR3 458344345607713408,458370867021453312,-9.413343473703613,0.009680314107880355,0.6770007857668265,1.0982540910147411,0.008693008095960242,0.003297379118595058,12,1.655064372720668,False,
458344345607713408,Gaia DR3 458344345607713408,458372722447315200,-9.73463175626811,0.010171926437114622,0.5406942164836335,0.948664765799748,0.007561744773327369,0.002767068546618488,12,1.655064372720668,False,
458344551766128896,Gaia DR3 458344551766128896,458345307680360960,-8.918988854795462,0.01165770178979309,0.7300446596044071,1.0093335343794718,0.011351080959308535,0.004257799336469579,12,1.863056978410853,False,
458344551766128896,Gaia DR3 458344551766128896,458366198403185152,-9.221806167325338,0.016800920127719502,0.8909906790792672,0.7857624647084039,0.009445558047214028,0.0036258294671746823,12,1.863056978410853,False,
458344551766128896,Gaia DR3 458344551766128896,458366541999723520,-9.307679779487858,0.00500170280456402,0.38892124255848964,2.2789073128004333,0.009065052357413141,0.0034717850249339098,12,1.863056978410853,False,
458344551766128896,Gaia DR3 458344551766128896,458366640773645184,-8.995541854476276,0.014146197295741672,0.35782309382907007,0.8946903089776511,0.01086935983952625,0.004098035719263435,12,1.863056978410853,False,
458344551766128896,Gaia DR3 458344551766128896,458369118979758720,-9.39444769628117,0.007271088185787135,0.5718137322195692,1.8269595971535701,0.008759540556403624,0.0033285680261171562,12,1.863056978410853,False,
458344551766128896,Gaia DR3 458344551766128896,458370867021453312,-9.413343473703613,0.00959139356467299,0.8196578073924513,1.2531352375683673,0.008693008095960242,0.003297379118595058,12,1.863056978410853,False,
458344551766128896,Gaia DR3 458344551766128896,458371730320069120,-9.8802032707685,0.00921038688689136,0.8077225564402428,1.0439832180029562,0.007352225926297971,0.002740195060946727,12,1.863056978410853,False,
458344551766128896,Gaia DR3 458344551766128896,458374376019938944,-9.128492739000414,0.007631217360743311,0.40482071580993656,1.0345960509451415,0.010032746653419257,0.003820571553118473,12,1.863056978410853,False,
458344689205097216,Gaia DR3 458344689205097216,458342249663654400,-10.205289330573287,0.01081996319739346,0.8425340011008406,0.8370200561091515,0.006965224569852897,0.0027363473019351666,12,1.0169106736811961,False,
458344689205097216,Gaia DR3 458344689205097216,458345307680360960,-8.918988854795462,0.010216020446113838,0.6834056011998781,1.2574674792017226,0.011351080959308535,0.0042529862680066675,12,1.0169106736811961,False,
458344689205097216,Gaia DR3 458344689205097216,458346677766129408,-9.773890503145836,0.006268226857781501,0.5852528148471059,1.1325623504800404,0.007489895322518729,0.0027405199344930392,12,1.0169106736811961,False,
458344689205097216,Gaia DR3 458344689205097216,458353416579769728,-9.624069231487361,0.005181571426282715,1.2255603666332218,1.2693684000010919,0.007959505589199452,0.0029452620904502247,12,1.0169106736811961,True,invNV
458344689205097216,Gaia DR3 458344689205097216,458368259986581632,-9.563534060749323,0.008487840938288678,0.4523199978979717,1.3081876639303172,0.008171280985643166,0.003043570972675878,12,1.0169106736811961,False,
458344689205097216,Gaia DR3 458344689205097216,458369118979758720,-9.39444769628117,0.007870465336556632,0.6502806989132139,1.4138937743080935,0.008762810363224795,0.0033181665720241815,12,1.0169106736811961,False,
458344689205097216,Gaia DR3 458344689205097216,458371730320069120,-9.8802032707685,0.009655712063787783,0.6157618870550431,1.0313816371866318,0.00736059687231385,0.0027394916421396615,12,1.0169106736811961,False,
458344689205097216,Gaia DR3 458344689205097216,458374376019938944,-9.128492739000414,0.007439746075203873,0.42140864290096886,1.0736773225741374,0.010032746653419257,0.003809791484410814,12,1.0169106736811961,False,
458344861003774336,Gaia DR3 458344861003774336,458340840914582272,-8.025015117053366,0.022187748093320435,0.44585047648769016,0.9083488018780889,0.02469100060166376,0.0103860058899629,12,1.3882638150090538,False,
458344861003774336,Gaia DR3 458344861003774336,458342043505412480,-7.973963764498256,0.0315711997819554,0.6322083662639398,0.8625850058465686,0.02532469677625766,0.010462731664765839,12,1.3882638150090538,False,
458344861003774336,Gaia DR3 458344861003774336,458344272583973120,-8.451912164182819,0.015386115240575078,0.8123111951893224,1.8031074829890505,0.01806848737929333,0.007852118850638934,12,1.3882638150090538,False,
458344861003774336,Gaia DR3 458344861003774336,458350118044912640,-7.880440066682012,0.022367789093374276,0.9330914800077429,1.164844453771497,0.026485598624569166,0.010603289707173063,12,1.3882638150090538,False,
458344861003774336,Gaia DR3 458344861003774336,458533495964990208,-8.27689542162214,0.02454036350708005,0.5645103212150018,1.040562806291118,0.021388139712472082,0.009755390735216264,12,1.3882638150090538,False,
458344861003774336,Gaia DR3 458344861003774336,458535385750525440,-8.333954676574303,0.024109231607009764,0.4844729280555845,0.7574641909582738,0.020305861034100967,0.009134882810565969,12,1.3882638150090538,False,
458344861003774336,Gaia DR3 458344861003774336,458558509855408256,-8.176621001208735,0.015587367490383981,0.6806408332951314,1.1094653531052423,0.022809129426331565,0.010158155336660741,12,1.3882638150090538,False,
458344861003774336,Gaia DR3 458344861003774336,458559197050171904,-8.1274132692534,0.026379619706467163,0.44126951665390163,1.012512676223202,0.023419940892430834,0.010232110308891746,12,1.3882638150090538,False,
458345062857953408,V0502 Per,458371799039531520,-11.19693090660627,0.00614293753030302,0.47368628192482193,1.4087447424783923,0.005619556608283582,0.001986508373037222,12,1.1797199179684024,False,
458345062857953408,V0502 Per,458373826264109312,-12.012401790053119,0.006297488447644959,0.8217803479525285,1.2495962722703884,0.005833866909465831,0.0018992220876613611,12,1.1797199179684024,False,
458345062857953408,V0502 Per,458374719617266048,-13.460924929009382,0.006519551381170303,0.6418917449047677,1.061146787243926,0.005227478068360816,0.001916484541407277,12,1.1797199179684024,False,
458345062857953408,V0502 Per,458374719617270272,-12.913261820951869,0.00872019780806417,0.39928142185075194,0.7947241662599696,0.004768226287891006,0.0017052982340215034,12,1.1797199179684024,False,
458345062857953408,V0502 Per,458374719617277184,-12.15870406488311,0.004541137900645383,0.5545132823436081,1.1885844880051282,0.0056859991853772975,0.0019649109056732433,12,1.1797199179684024,False,
458345062857953408,V0502 Per,458374822697357696,-11.512931306761221,0.013506608465771348,0.5616378416521393,0.8772238578080099,0.0058260971472082965,0.0018661894122400993,12,1.1797199179684024,True,amplitude
458345062857953408,V0502 Per,458377811993695232,-11.641033860520748,0.007909768863498852,0.4395270751016977,1.2015631117439696,0.005973604362040031,0.0018203754306083829,12,1.1797199179684024,False,
458345062857953408,V0502 Per,458536313463530112,-11.446087674001484,0.006101401247179063,0.659938751275839,1.4469189064346097,0.005749128204683286,0.0018900950477920683,12,1.1797199179684024,False,
458345376399835904,Gaia DR3 458345376399835904,458351114477243136,-9.430442048886452,0.018953007447651424,0.4192727330702362,0.8519601897175907,0.008640790333859347,0.0032585814776177092,12,0.8859642817507324,False,
458345376399835904,Gaia DR3 458345376399835904,458366198403185152,-9.221806167325338,0.011610232961060755,0.9909036840484459,0.7744175655688057,0.009451319256508273,0.0036143692928612327,12,0.8859642817507324,False,
458345376399835904,Gaia DR3 458345376399835904,458369118979758720,-9.39444769628117,0.0032615564930590884,0.8478329983084617,4.2669537614212345,0.008767152000487376,0.0033178991525640257,12,0.8859642817507324,True,spike
458345376399835904,Gaia DR3 458345376399835904,458371730320069120,-9.8802032707685,0.010080909594551756,0.8755967539483568,1.4990441939484214,0.00736059687231385,0.002732989137881501,12,0.8859642817507324,False,
458345376399835904,Gaia DR3 458345376399835904,458374376019938944,-9.128492739000414,0.013536670433432284,0.5703160183934429,0.7203376653528853,0.010037368415568097,0.0038077372270672936,12,0.8859642817507324,False,
458345376399835904,Gaia DR3 458345376399835904,458378082567513856,-8.88692132122503,0.013617140686538845,0.5062941408909646,1.0681909498019406,0.011554542618483318,0.004308331480831073,12,0.8859642817507324,False,
458345376399835904,Gaia DR3 458345376399835904,458538168889337728,-9.64036890434142,0.009346591350650371,0.48844607407947377,1.2080630834105464,0.007903821742809364,0.0029126279578827064,12,0.8859642817507324,False,
458345376399835904,Gaia DR3 458345376399835904,458563114060288768,-9.199572603393374,0.01024924787291347,0.4783456917912748,1.22042049034623,0.009590955766270396,0.0036604426009020858,12,0.8859642817507324,False,
458345990570888320,Gaia DR3 458345990570888320,458342249663654400,-10.205289330573287,0.004039589548465925,0.8772379888775943,1.3294125700809079,0.006965224569852897,0.0027355611096966997,12,0.7515757067424848,False,
458345990570888320,Gaia DR3 458345990570888320,458365884859401984,-10.046966646810574,0.004501518250905674,0.38555008823363957,1.8589565629189209,0.007157777901880269,0.002734308513751525,12,0.7515757067424848,False,
458345990570888320,Gaia DR3 458345990570888320,458377605835304576,-10.342696272237248,0.008771600990208546,0.6704360958714335,1.1004399202439061,0.00682167972219247,0.002638020417201026,12,0.7515757067424848,False,
458345990570888320,Gaia DR3 458345990570888320,458538168889337728,-9.64036890434142,0.013598393216756837,0.4398038768728625,0.8982662151133384,0.007903821742809364,0.0029126279578827064,12,0.7515757067424848,False,
458345990570888320,Gaia DR3 458345990570888320,458557925739871616,-9.634978446831632,0.008741157542094256,0.37104750669641295,1.5031305725449706,0.007922745466825016,0.0029215112793827195,12,0.7515757067424848,False,
458345990570888320,Gaia DR3 458345990570888320,458558578574918272,-10.27587963845556,0.007537983221515417,0.49041949757495257,1.259727991311895,0.006885952678251666,0.0027085839469707645,12,0.7515757067424848,False,
458345990570888320,Gaia DR3 458345990570888320,458560399640994176,-10.246757322100574,0.009508161256002345,0.42283620056263577,0.9586342318396088,0.0069147908622419945,0.002735889190530141,12,0.7515757067424848,False,
458345990570888320,Gaia DR3 458345990570888320,458561052475969920,-9.5015727286764,0.012013417657773817,0.3824132735336105,1.2053257669004382,0.008391079182079288,0.0031413601293478833,12,0.7515757067424848,False,
458346544630932352,Gaia DR3 458346544630932352,458342249663654400,-10.205289330573287,0.004035342548279258,0.6490949881435059,1.3068451254908144,0.006960126089604273,0.0027433423144671352,12,0.863969981266555,False,
458346544630932352,Gaia DR3 458346544630932352,458345307680360960,-8.918988854795462,0.009422107222511668,0.5066461758530766,1.1752343805690773,0.011353144476549927,0.004241879815375099,12,0.863969981266555,False,
458346544630932352,Gaia DR3 458346544630932352,458373375282357248,-9.834400262512716,0.008452404894655931,1.0842598264135996,0.8610821190355852,0.007406137569294451,0.0027301466416108145,12,0.863969981266555,True,invNV
458346544630932352,Gaia DR3 458346544630932352,458377842048327296,-9.24535933201603,0.012006211874863337,0.5999426131521742,0.8903104894540421,0.009303395076591607,0.003565561453710846,12,0.863969981266555,False,
458346544630932352,Gaia DR3 458346544630932352,458379117663562368,-10.459956813296266,0.009585460235354146,0.5923387845746566,1.03374861311677,0.0067062799948742246,0.002519415561376315,12,0.863969981266555,False,
458346544630932352,Gaia DR3 458346544630932352,458558578574918272,-10.27587963845556,0.006889003364582024,0.5463908285203445,1.0030019283077167,0.006881697281058668,0.0027171353781405426,12,0.863969981266555,False,
458346544630932352,Gaia DR3 458346544630932352,458560399640994176,-10.246757322100574,0.00509330990280484,0.43872917943267087,1.5998888255544599,0.006910258887107367,0.002744817682973045,12,0.863969981266555,False,
458346544630932352,Gaia DR3 458346544630932352,458560532773928448,-10.23519228054049,0.009002375442718206,0.4498911851596519,0.8158206791373621,0.006924166391380448,0.0027444062162620022,12,0.863969981266555,False,
458346613350410368,Gaia DR3 458346613350410368,458341906066460416,-10.524418249708361,0.00822370256024713,0.5437699449497659,0.9988369218609437,0.006644851139022074,0.0024501766489104554,12,0.8830648895448502,False,
458346613350410368,Gaia DR3 458346613350410368,458342249663654400,-10.205289330573287,0.0041647702665471706,0.62888218704897,1.0892848286169943,0.006960126089604273,0.0027433423144671352,12,0.8830648895448502,False,
458346613350410368,Gaia DR3 458346613350410368,458343555333754240,-10.380379326897575,0.0066862081618313625,0.38367376205785586,1.5276949450518729,0.006782113767950748,0.002604890830338492,12,0.8830648895448502,False,
458346613350410368,Gaia DR3 458346613350410368,458345307680360960,-8.918988854795462,0.011293200617609935,0.4807500212943825,1.1230194347456337,0.011353144476549927,0.004241879815375099,12,0.8830648895448502,False,
458346613350410368,Gaia DR3 458346613350410368,458379117663562368,-10.459956813296266,0.009635562250325835,0.5619141405126461,1.0619275204374456,0.0067062799948742246,0.002519415561376315,12,0.8830648895448502,False,
458346613350410368,Gaia DR3 458346613350410368,458558578574918272,-10.27587963845556,0.007388462407166698,0.5438282569816282,0.8973050026451621,0.006881697281058668,0.0027171353781405426,12,0.8830648895448502,False,
458346613350410368,Gaia DR3 458346613350410368,458560399640994176,-10.246757322100574,0.0088565309621849,0.39754904414688574,0.9217235145550161,0.006910258887107367,0.002744817682973045,12,0.8830648895448502,False,
458346613350410368,Gaia DR3 458346613350410368,458560532773928448,-10.23519228054049,0.005046793496251188,0.5951674084927019,1.4416010298137856,0.006924166391380448,0.0027444062162620022,12,0.8830648895448502,False,
458349877526712576,Gaia DR3 458349877526712576,458305931419660928,-8.476426935569915,0.027882021080521683,0.3732064001774893,0.7904478524965867,0.017603500333815077,0.007577189468949254,12,0.47627145386535574,False,
458349877526712576,Gaia DR3 458349877526712576,458307855565031040,-8.238754455847673,0.027453319051972916,0.5404337925691617,0.9747749517558789,0.022037872044335775,0.010064774119322582,12,0.47627145386535574,False,
458349877526712576,Gaia DR3 458349877526712576,458342215303921408,-8.116728414981386,0.02452015123238383,0.32073330282266643,1.1428383378900833,0.023552571095929547,0.010248168722266629,12,0.47627145386535574,False,
458349877526712576,Gaia DR3 458349877526712576,458350118044912640,-7.880440066682012,0.02301766851095356,0.4738784395158034,1.1485448277411612,0.026485598624569166,0.010603289707173063,12,0.47627145386535574,False,
458349877526712576,Gaia DR3 458349877526712576,458368397425511552,-6.480270065676942,0.022297262214677704,0.3706404770643929,1.1830643031509913,0.04091335989317525,0.01523977064198014,6,0.47627145386535574,False,
458349877526712576,Gaia DR3 458349877526712576,458374341660198784,-8.563098090461006,0.023435249304943416,0.37716931417534444,1.1046605314713562,0.015959554175613934,0.006631467186769175,12,0.47627145386535574,False,
458349877526712576,Gaia DR3 458349877526712576,458404475148391936,-8.532918327074924,0.03905600004172015,0.3766415978764599,0.8323564586692281,0.016531992677631273,0.006960777148555249,12,0.47627145386535574,False,
458349877526712576,Gaia DR3 458349877526712576,458453540850510336,-7.859292819494471,0.020065767156856786,0.34502809184531225,1.492728003473602,0.026748097637332244,0.010635072193712706,12,0.47627145386535574,False,
458350908318817792,Gaia DR3 458350908318817792,458305931419660928,-8.476426935569915,0.016214273865693837,0.8777679348019137,0.7088568638824116,0.017603500333815077,0.007577189468949254,12,1.5254857893344957,False,
458350908318817792,Gaia DR3 458350908318817792,458309333033639680,-8.540406045360228,0.014722582410369953,0.6525544389647083,1.1439376109107524,0.016389968428337648,0.006879074048671583,12,1.5254857893344957,False,
458350908318817792,Gaia DR3 458350908318817792,458361388038927744,-8.238161228911839,0.01930802396018667,0.534404550877509,0.9598148897067049,0.02204523572073393,0.010065665688184282,12,1.5254857893344957,False,
458350908318817792,Gaia DR3 458350908318817792,458369359498288256,-8.702174766265218,0.01342525395306242,0.7415785742736812,1.162346322431993,0.013321599631555794,0.005113916031429742,12,1.5254857893344957,False,
458350908318817792,Gaia DR3 458350908318817792,458453609576073600,-8.112548275130928,0.013601107939290421,0.5469990615238478,1.5024345721415315,0.02360445882269728,0.010254451111522914,12,1.5254857893344957,False,
458350908318817792,Gaia DR3 458350908318817792,458454292462921344,-8.543930802210118,0.019009287247210273,1.497322368450147,0.8345563787676842,0.01632311215430679,0.006840613258615231,12,1.5254857893344957,False,
458350908318817792,Gaia DR3 458350908318817792,458454949605985280,-8.314844150406836,0.011482248299780147,0.4293832008405053,1.4976909601809338,0.020668342370754277,0.009340318626942599,12,1.5254857893344957,False,
458350908318817792,Gaia DR3 458350908318817792,458457629665412736,-8.508151363580636,0.00976127702296435,0.3374757410256903,1.5957737495909126,0.017001763208990935,0.007231024721325239,12,1.5254857893344957,False,
458350942678587264,Gaia DR3 458350942678587264,458307855565031040,-8.238754455847673,0.01143769025666447,0.42919199021453,1.8584680726990215,0.022037872044335775,0.010064774119322582,12,0.9518906515301506,False,
458350942678587264,Gaia DR3 458350942678587264,458309264304541440,-8.77000050342282,0.02178208876964443,0.5315207287899466,1.0266524293827775,0.012288856512845616,0.004550619621026408,12,0.9518906515301506,False,
458350942678587264,Gaia DR3 458350942678587264,458342043505412480,-7.973963764498256,0.0200960307611072,0.6371706526080079,1.1849048870321053,0.02532469677625766,0.010462731664765839,12,0.9518906515301506,False,
458350942678587264,Gaia DR3 458350942678587264,458350118044912640,-7.880440066682012,0.021716622035293398,0.7798746102752225,1.1101937278824436,0.026485598624569166,0.010603289707173063,12,0.9518906515301506,False,
458350942678587264,Gaia DR3 458350942678587264,458351797363298048,-8.396256547292746,0.023585220528422438,0.4769335797266191,0.7889928457732157,0.019124142374126626,0.00845197788800309,12,0.9518906515301506,False,
458350942678587264,Gaia DR3 458350942678587264,458362659349112704,-8.162403928629127,0.01915030091699405,0.5801665046694674,0.7628388660792637,0.02298560476061181,0.010179522369158511,12,0.9518906515301506,False,
458350942678587264,Gaia DR3 458350942678587264,458369874893982592,-8.922648708279848,0.013809891150155311,0.4318017534969043,1.094828712168037,0.011330158995303454,0.004234295716060814,12,0.9518906515301506,False,
458350942678587264,Gaia DR3 458350942678587264,458376227140620928,-8.067356572410848,0.025053622460435212,0.42219515464092966,1.069322846181398,0.024165419653386047,0.010322370338581967,12,0.9518906515301506,False,
458350942678588800,Gaia DR3 458350942678588800,458305931419660928,-8.476426935569915,0.01248607408735474,0.5989151080458511,1.0620288576556431,0.017639527966478337,0.007602992514625049,12,0.7686390246001408,False,
458350942678588800,Gaia DR3 458350942678588800,458309333033639680,-8.540406045360228,0.013192504742389987,0.49385301162770756,1.5252687861440095,0.01643617601534179,0.006912167993232977,12,0.7686390246001408,False,
458350942678588800,Gaia DR3 458350942678588800,458342215303921408,-8.116728414981386,0.01601522578716911,0.564012988795123,1.454626751781817,0.023552571095929547,0.010248168722266629,12,0.7686390246001408,False,
458350942678588800,Gaia DR3 458350942678588800,458355890480894464,-8.975752218650774,0.011082364528425358,0.5237489265138312,1.4292853978152187,0.011040282300259581,0.004155505021324825,12,0.7686390246001408,False,
458350942678588800,Gaia DR3 458350942678588800,458368466144982016,-8.385379990577128,0.022359315770286377,0.5015818556626955,0.8335046584360437,0.019351985661828757,0.0085860862526435,12,0.7686390246001408,False,
458350942678588800,Gaia DR3 458350942678588800,458371348057793280,-8.747351788798383,0.016260381365578322,0.5792283373796409,1.0939613399884902,0.012543834203117797,0.004677638712764081,12,0.7686390246001408,False,
458350942678588800,Gaia DR3 458350942678588800,458375784769094016,-8.489537138058573,0.018252089161570357,0.5408108036162287,1.2650910991575035,0.017392944545792634,0.007461433037019571,12,0.7686390246001408,False,
458350942678588800,Gaia DR3 458350942678588800,458454292462921344,-8.543930802210118,0.014391111539505019,1.2690692871487685,0.9823131986582846,0.016369880578495324,0.006874108875626791,12,0.7686390246001408,True,invNV
458351732952617856,Gaia DR3 458351732952617856,458345307680360960,-8.918988854795462,0.012298015186758401,0.5904199815297775,0.9580815890096609,0.01140581289215542,0.0042796010152730355,12,0.7329347209242785,False,
458351732952617856,Gaia DR3 458351732952617856,458355890480894464,-8.975752218650774,0.01086862577426608,0.6127516012685913,1.2985087304068268,0.011040282300259581,0.004155505021324825,12,0.7329347209242785,False,
458351732952617856,Gaia DR3 458351732952617856,458361388038927744,-8.238161228911839,0.015890052160598998,0.5631799155470637,1.0276475325181307,0.02204523572073393,0.010065665688184282,12,0.7329347209242785,False,
458351732952617856,Gaia DR3 458351732952617856,458369325138179968,-8.817508806907743,0.014057401223089579,0.49351982799590516,0.8684460914148537,0.012059298863574722,0.004501456567044744,12,0.7329347209242785,False,
458351732952617856,Gaia DR3 458351732952617856,458369359498288256,-8.702174766265218,0.013697962019578836,0.7382445122392127,1.1301664955006172,0.013393546841977536,0.005165444733693086,12,0.7329347209242785,False,
458351732952617856,Gaia DR3 458351732952617856,458370527729016960,-8.7325412665655,0.019931999241137126,0.576008792504337,0.8480114821324332,0.012822398110691729,0.00483755766078682,12,0.7329347209242785,False,
458351732952617856,Gaia DR3 458351732952617856,458371348057793280,-8.747351788798383,0.018436056535076576,0.7823121426249661,1.0116374495408051,0.012543834203117797,0.004677638712764081,12,0.7329347209242785,False,
458351732952617856,Gaia DR3 458351732952617856,458374994495145088,-8.383560010012008,0.010954219039490122,0.5814735627856283,1.2102253560029068,0.01938621679088394,0.008605737779633521,12,0.7329347209242785,False,
458351904751297280,Gaia DR3 458351904751297280,458310604343959552,-11.191631936946367,0.00574399359324543,0.697190266976019,0.9319701122797894,0.0056291641087594674,0.0019891329876580775,12,1.0901399584059943,False,
458351904751297280,Gaia DR3 458351904751297280,458345651277736320,-11.053354342622992,0.005591759918919691,0.6185729724963163,1.2425250259253857,0.005879873612404857,0.002057622792108955,12,1.0901399584059943,False,
458351904751297280,Gaia DR3 458351904751297280,458353485299241472,-11.21357895410175,0.00466220619931314,0.42627517869780973,1.0468296188488393,0.005589372226318589,0.0019782624853138075,12,1.0901399584059943,False,
458351904751297280,Gaia DR3 458351904751297280,458353893307331328,-9.508081576344756,0.010987287419730122,0.3584488064320702,1.0565527180471974,0.008362387147754837,0.0031281483008250006,12,1.0901399584059943,False,
458351904751297280,Gaia DR3 458351904751297280,458366713798434432,-11.511256388511033,0.0018965966771878453,0.6843068021169578,2.255373201466848,0.0058241685164440735,0.0018667884219529954,12,1.0901399584059943,False,
458351904751297280,Gaia DR3 458351904751297280,458368088188146688,-11.101716557901288,0.004795508264076931,0.5495116017721589,1.170061261910552,0.005792188640396609,0.0020336686679181945,12,1.0901399584059943,False,
458351904751297280,Gaia DR3 458351904751297280,458371283643256320,-11.472451862338344,0.002250948562722102,0.49038110200198554,1.5094587225792124,0.005779485975693611,0.0018806662861885536,12,1.0901399584059943,False,
458351904751297280,Gaia DR3 458351904751297280,458452372625503744,-10.557622090752208,0.006676657812094721,0.43322986349003184,1.2747581357613431,0.006613209368705621,0.002414511948098206,12,1.0901399584059943,False,
458352484558626304,Gaia DR3 458352484558626304,458357471028756864,-8.956942352985632,0.00964740328332502,0.660826163298517,1.1485844770430544,0.011161409394622528,0.004196627125745874,12,1.1073732544693715,False,
458352484558626304,Gaia DR3 458352484558626304,458361388038927744,-8.238161228911839,0.02380897794074573,0.6999146001866775,0.8618610975641406,0.02204523572073393,0.010065665688184282,12,1.1073732544693715,False,
458352484558626304,Gaia DR3 458352484558626304,458366541999723520,-9.307679779487858,0.009600383287529896,0.2925460249942948,1.1272370272524403,0.009070453514799222,0.0034603347451073255,12,1.1073732544693715,False,
458352484558626304,Gaia DR3 458352484558626304,458369118979758720,-9.39444769628117,0.008504291673750948,0.9708735137630973,1.5868895388647972,0.008763882193666205,0.003316508061866872,12,1.1073732544693715,False,
458352484558626304,Gaia DR3 458352484558626304,458369325138179968,-8.817508806907743,0.01175021869056621,0.6369326812570404,1.10227444140098,0.012059298863574722,0.004501456567044744,12,1.1073732544693715,False,
458352484558626304,Gaia DR3 458352484558626304,458374376019938944,-9.128492739000414,0.008834646743994394,0.5797079971496828,1.164914049454288,0.010056701888214333,0.0038215838897782545,12,1.1073732544693715,False,
458352484558626304,Gaia DR3 458352484558626304,458374582178365696,-8.937961503634053,0.011255896888417072,0.47034901351233166,1.2800136335807406,0.011283637547200891,0.004238123034484992,12,1.1073732544693715,False,
458352484558626304,Gaia DR3 458352484558626304,458374994495145088,-8.383560010012008,0.011699932854858605,0.5316090045132157,1.4431867191132652,0.01938621679088394,0.008605737779633521,12,1.1073732544693715,False,
458354305624190592,Gaia DR3 458354305624190592,458310810492754560,-10.589511851206865,0.01094875297623667,0.4137759260804198,0.8168934907516814,0.006608727260029432,0.0023759480792766787,12,1.0787751460716453,False,
458354305624190592,Gaia DR3 458354305624190592,458342249663654400,-10.205289330573287,0.006810333455538075,0.8311323372475955,0.8467528388500719,0.006959860690751177,0.0027437043221492925,12,1.0787751460716453,False,
458354305624190592,Gaia DR3 458354305624190592,458361216240219648,-11.000283657577475,0.008474190825714937,0.5097309959026642,1.0268959518530476,0.005995150760632434,0.0020807385084665865,12,1.0787751460716453,False,
458354305624190592,Gaia DR3 458354305624190592,458361422399500544,-10.44332351883314,0.005363860207905208,0.5341075154823737,1.2566523314642406,0.006736882870045203,0.002534827063096472,12,1.0787751460716453,False,
458354305624190592,Gaia DR3 458354305624190592,458361761687408128,-10.001423445893185,0.0030939753338949565,0.4529200843798857,1.4155351017683622,0.007203808836643895,0.0027381017173480717,12,1.0787751460716453,False,
458354305624190592,Gaia DR3 458354305624190592,458377605835304576,-10.342696272237248,0.00811877804258506,0.9045267847798383,0.9870366005304828,0.006825097476247399,0.0026441897900948714,12,1.0787751460716453,False,
458354305624190592,Gaia DR3 458354305624190592,458453678295539456,-9.582020682847242,0.010176263103652562,1.9052917952779753,0.8469658468639211,0.008099172163061222,0.0030082749437700174,12,1.0787751460716453,True,invNV
458354305624190592,Gaia DR3 458354305624190592,458558578574886784,-10.876061518630484,0.006919348240956301,0.41305593617066094,0.7634540682486173,0.006229855598941975,0.002140689356623915,12,1.0787751460716453,False,
458354619170561280,Gaia DR3 458354619170561280,458357471028756864,-8.956942352985632,0.009006397116112973,0.7501403540736291,1.1537932779379771,0.011161409394622528,0.004196627125745874,12,1.9639887416284287,False,
458354619170561280,Gaia DR3 458354619170561280,458368259986581632,-9.563534060749323,0.012466272441115214,0.45109032354255174,0.8478220675346725,0.00816459945292605,0.0030387687277007285,12,1.9639887416284287,False,
458354619170561280,Gaia DR3 458354619170561280,458369118979758720,-9.39444769628117,0.007851065227090132,0.8373321395670031,1.7804272845855993,0.008763024764032139,0.003317677607668672,12,1.9639887416284287,False,
458354619170561280,Gaia DR3 458354619170561280,458370867021453312,-9.413343473703613,0.008980686616975164,0.926917323723138,1.6199091260858833,0.008696149404104776,0.00328650891979964,12,1.9639887416284287,False,
458354619170561280,Gaia DR3 458354619170561280,458374066782258560,-8.901500821740793,0.007530955329482159,0.5985145744877852,1.2972192429897988,0.011518427977650722,0.004317833330920325,12,1.9639887416284287,False,
458354619170561280,Gaia DR3 458354619170561280,458405196702890752,-9.385514131150375,0.003616291750344295,0.46262633923334334,2.1606756181570725,0.0087946421656452,0.003332413572053428,12,1.9639887416284287,False,
458354619170561280,Gaia DR3 458354619170561280,458453506490773120,-9.89779662917168,0.005568933485643064,0.4096707907035279,1.1707130047793215,0.0073278098181894,0.002735253864202803,12,1.9639887416284287,False,
458354619170561280,Gaia DR3 458354619170561280,458453678295539456,-9.582020682847242,0.007294037082153426,1.5480048347721567,1.0216678685975875,0.008099172163061222,0.0030082749437700174,12,1.9639887416284287,False,
458354859688737664,Gaia DR3 458354859688737664,458345307680360960,-8.918988854795462,0.006655201909904458,0.5699059372847384,1.5641592007647058,0.01140581289215542,0.0042796010152730355,12,1.1600067716500218,False,
458354859688737664,Gaia DR3 458354859688737664,458353416579769728,-9.624069231487361,0.005655683265307865,0.6834480025966898,0.9366598929022244,0.007950355220425602,0.00293891563355963,12,1.1600067716500218,False,
458354859688737664,Gaia DR3 458354859688737664,458359493944675968,-9.372155238357337,0.010499560742759356,0.4838057295905598,0.7008001062353784,0.008841921552134181,0.003354449138541817,12,1.1600067716500218,False,
458354859688737664,Gaia DR3 458354859688737664,458371730320069120,-9.8802032707685,0.008193750752022992,0.9490833342572133,1.5221722896324508,0.007348862223152674,0.0027347703667583243,12,1.1600067716500218,False,
458354859688737664,Gaia DR3 458354859688737664,458374066782258560,-8.901500821740793,0.010024230258462205,0.7336336741041729,0.8608980010004825,0.011518427977650722,0.004317833330920325,12,1.1600067716500218,False,
458354859688737664,Gaia DR3 458354859688737664,458376983054861056,-9.508293641995166,0.010612131434727768,0.42431076282819474,1.140244193376284,0.008360104660472297,0.0031298880995799653,12,1.1600067716500218,False,
458354859688737664,Gaia DR3 458354859688737664,458377842048327296,-9.24535933201603,0.007625612572720439,0.5661652901894785,1.3190507344968379,0.009304133470550868,0.003566090292595033,12,1.1600067716500218,False,
458354859688737664,Gaia DR3 458354859688737664,458453506490773120,-9.89779662917168,0.0038569992048014773,0.4918151130626003,2.031580063590285,0.0073278098181894,0.002735253864202803,12,1.1600067716500218,False,
458355100206860160,Gaia DR3 458355100206860160,458309333033639680,-8.540406045360228,0.018706592065228525,0.7452499176146823,0.9425114315667983,0.01643617601534179,0.006912167993232977,12,1.3370557245166792,False,
458355100206860160,Gaia DR3 458355100206860160,458372589313293056,-8.595635129537373,0.017478201869518567,0.8082177789844391,1.0573078946979182,0.015397399039202729,0.006315823252447376,12,1.3370557245166792,False,
458355100206860160,Gaia DR3 458355100206860160,458374994495145088,-8.383560010012008,0.011792541428199951,0.49945662280817327,1.4697034346152553,0.01938621679088394,0.008605737779633521,12,1.3370557245166792,False,
458355100206860160,Gaia DR3 458355100206860160,458377945127545216,-8.4557496824851,0.020648114742051433,0.6241262707582801,0.8277949929583779,0.01802843636056673,0.007826258413647959,12,1.3370557245166792,False,
458355100206860160,Gaia DR3 458355100206860160,458378151285973760,-8.333530999649971,0.02060393305425331,0.8019555235349534,1.03939611584488,0.020327188108395178,0.009145933903842579,12,1.3370557245166792,False,
458355100206860160,Gaia DR3 458355100206860160,458378877145977600,-8.327263856710488,0.01950522742377305,0.5965288280733162,0.912978789319889,0.020445063751069734,0.009213604367465066,12,1.3370557245166792,False,
458355100206860160,Gaia DR3 458355100206860160,458454292462921344,-8.543930802210118,0.014600862071928237,0.7874316481668684,1.1806908464732178,0.016369880578495324,0.006874108875626791,12,1.3370557245166792,False,
458355100206860160,Gaia DR3 458355100206860160,458457629665412736,-8.508151363580636,0.016359415362182723,0.5004805040210198,0.9224973687127671,0.017042838633499036,0.007260443003249049,12,1.3370557245166792,False,
458355203286069248,Gaia DR3 458355203286069248,458311046713582848,-9.818772591363247,0.016001288095793476,0.5048684457333505,0.6736959750438801,0.007422370845575483,0.002733082140109132,12,0.7332352394518573,False,
458355203286069248,Gaia DR3 458355203286069248,458355890480894464,-8.975752218650774,0.008528193313525499,0.49680649524877574,1.3980518925427496,0.011040282300259581,0.004155505021324825,12,0.7332352394518573,False,
458355203286069248,Gaia DR3 458355203286069248,458373375282357248,-9.834400262512716,0.010231443327837243,0.5965318065255865,0.9060561738843863,0.007403670603465254,0.002733511616897518,12,0.7332352394518573,False,
458355203286069248,Gaia DR3 458355203286069248,458374066782258560,-8.901500821740793,0.009354354365843405,0.5587806267718072,1.3124865942162391,0.011518427977650722,0.004317833330920325,12,0.7332352394518573,False,
458355203286069248,Gaia DR3 458355203286069248,458376983054861056,-9.508293641995166,0.009186110007237446,0.5430604661191744,1.3820648519260426,0.008360104660472297,0.0031298880995799653,12,0.7332352394518573,False,
458355203286069248,Gaia DR3 458355203286069248,458377807688592768,-9.278556349557137,0.012370208493111908,0.47142002546280587,1.016871969922352,0.009173183888548028,0.0035088410158739757,12,0.7332352394518573,False,
458355203286069248,Gaia DR3 458355203286069248,458378082567513856,-8.88692132122503,0.015103944732441813,0.8127739968344093,0.9265457976821909,0.011612313418736574,0.004349707016426065,12,0.7332352394518573,False,
458355203286069248,Gaia DR3 458355203286069248,458453506490773120,-9.89779662917168,0.0077312790569310005,0.4882040550278003,0.8962584518647956,0.0073278098181894,0.002735253864202803,12,0.7332352394518573,False,
458355409444499840,Gaia DR3 458355409444499840,458355890480894464,-8.975752218650774,0.009615447648969584,0.4518274094392179,1.1140632288514285,0.011040282300259581,0.004155505021324825,12,0.8964557341616147,False,
458355409444499840,Gaia DR3 458355409444499840,458357471028756864,-8.956942352985632,0.0113410887926596,0.8674572073892093,1.1314350368668684,0.011161409394622528,0.004196627125745874,12,0.8964557341616147,False,
458355409444499840,Gaia DR3 458355409444499840,458369325138179968,-8.817508806907743,0.012757463444203539,0.5642720379510221,0.9598040902743014,0.012059298863574722,0.004501456567044744,12,0.8964557341616147,False,
458355409444499840,Gaia DR3 458355409444499840,458374066782258560,-8.901500821740793,0.009748339330900477,0.5347113024283642,1.2088440855119023,0.011518427977650722,0.004317833330920325,12,0.8964557341616147,False,
458355409444499840,Gaia DR3 458355409444499840,458374376019938944,-9.128492739000414,0.01238845622272374,0.4299806562407204,0.8526842101454853,0.010056701888214333,0.0038215838897782545,12,0.8964557341616147,False,
458355409444499840,Gaia DR3 458355409444499840,458377807688592768,-9.278556349557137,0.020529648035676064,0.4618094663526758,0.7666182466267272,0.009173183888548028,0.0035088410158739757,12,0.8964557341616147,False,
458355409444499840,Gaia DR3 458355409444499840,458377842048327296,-9.24535933201603,0.008427656443715261,0.6115602831512863,1.0409751823096824,0.009304133470550868,0.003566090292595033,12,0.8964557341616147,False,
458355409444499840,Gaia DR3 458355409444499840,458379358181844096,-9.283069893731392,0.005416529631427376,0.39459500607228837,1.5777682787028475,0.009157209690479689,0.0035013959001528646,12,0.8964557341616147,False,
458356199718496384,Gaia DR3 458356199718496384,458353416579769728,-9.624069231487361,0.007991536899074333,0.607612144671578,0.9185000789256048,0.007950355220425602,0.00293891563355963,12,1.120581582338715,False,
458356199718496384,Gaia DR3 458356199718496384,458355512523680640,-9.155516982491585,0.011042444158975253,0.45163923558466035,1.011471258539697,0.009882677886676225,0.0037625035229895006,12,1.120581582338715,False,
458356199718496384,Gaia DR3 458356199718496384,458357471028756864,-8.956942352985632,0.012414468425537346,1.0114081643834592,0.997832923538494,0.011161409394622528,0.004196627125745874,12,1.120581582338715,False,
458356199718496384,Gaia DR3 458356199718496384,458359493944675968,-9.372155238357337,0.00310184024890299,0.488536030043687,2.246169604477658,0.008841921552134181,0.003354449138541817,12,1.120581582338715,False,
458356199718496384,Gaia DR3 458356199718496384,458374376019938944,-9.128492739000414,0.009521126485588435,0.45143078644823464,0.9823058704056414,0.010056701888214333,0.0038215838897782545,12,1.120581582338715,False,
458356199718496384,Gaia DR3 458356199718496384,458405196702890752,-9.385514131150375,0.007705622913508903,0.46873105087256195,1.1536997584186812,0.0087946421656452,0.003332413572053428,12,1.120581582338715,False,
458356199718496384,Gaia DR3 458356199718496384,458406158775439616,-8.92958621441649,0.012052088719274514,0.7314951263576771,1.1287908892002525,0.011337570651532023,0.004256433081132446,12,1.120581582338715,False,
458356199718496384,Gaia DR3 458356199718496384,458454292462921344,-8.543930802210118,0.0071532532915068725,0.9601915905001788,1.6147158503314423,0.016369880578495324,0.006874108875626791,12,1.120581582338715,False,
458357333589838208,Gaia DR3 458357333589838208,458355512523680640,-9.155516982491585,0.011280973080193282,0.5848918066139449,1.1326119976347961,0.009882677886676225,0.0037625035229895006,12,1.552117360267109,False,
458357333589838208,Gaia DR3 458357333589838208,458357471028756864,-8.956942352985632,0.011086352513805553,0.8211569052452221,1.0284015363553871,0.011161409394622528,0.004196627125745874,12,1.552117360267109,False,
458357333589838208,Gaia DR3 458357333589838208,458366198403185152,-9.221806167325338,0.011831364347705283,0.7540635969001306,0.7331734917734344,0.009455805282185455,0.0036175821913198413,12,1.552117360267109,False,
458357333589838208,Gaia DR3 458357333589838208,458374376019938944,-9.128492739000414,0.011790936731012369,0.62815419827135,0.9266574554667689,0.010056701888214333,0.0038215838897782545,12,1.552117360267109,False,
458357333589838208,Gaia DR3 458357333589838208,458406158775439616,-8.92958621441649,0.013875912506399602,1.034736127034193,1.0725086144444258,0.011337570651532023,0.004256433081132446,12,1.552117360267109,False,
458357333589838208,Gaia DR3 458357333589838208,458454743447553152,-8.957273653787976,0.008831508349386695,0.5920906019509151,1.3491803514667606,0.011159275966119505,0.004195902836352674,12,1.552117360267109,False,
458357333589838208,Gaia DR3 458357333589838208,458455877318750720,-9.224849844514827,0.014917441875347416,1.0398262510993643,1.0535304067447377,0.009436205366869488,0.0036109281081148745,12,1.552117360267109,False,
458357333589838208,Gaia DR3 458357333589838208,458459141493858304,-8.899936593886906,0.013094048081389833,0.7380287166926366,0.9327955979541847,0.011528500903116322,0.004321253043867296,12,1.552117360267109,False,
458357677187186944,Gaia DR3 458357677187186944,458311154099858304,-10.042899688002798,0.011383882760330952,0.5647657259047064,0.7416023958736585,0.007154177911994022,0.002739241559816293,12,1.1204699815488404,False,
458357677187186944,Gaia DR3 458357677187186944,458361422399500544,-10.44332351883314,0.006416918404789649,0.44654912718203493,0.9469445847361598,0.006736882870045203,0.002534827063096472,12,1.1204699815488404,False,
458357677187186944,Gaia DR3 458357677187186944,458361761687408128,-10.001423445893185,0.00390138890048611,0.3935891990626804,1.4425943476257903,0.007203808836643895,0.0027381017173480717,12,1.1204699815488404,False,
458357677187186944,Gaia DR3 458357677187186944,458375063214603904,-9.991270248508277,0.0045682337796724105,0.3961924353794886,1.6680981402335888,0.007215958263610636,0.0027378226890422534,12,1.1204699815488404,False,
458357677187186944,Gaia DR3 458357677187186944,458377605835304576,-10.342696272237248,0.009125685984225433,0.7751099647011407,0.8495272075353885,0.006825097476247399,0.0026441897900948714,12,1.1204699815488404,False,
458357677187186944,Gaia DR3 458357677187186944,458404853105476992,-10.48703366248201,0.009437254696399833,0.8443250776797312,1.4363869754910472,0.006698564489691307,0.002487322429225992,12,1.1204699815488404,False,
458357677187186944,Gaia DR3 458357677187186944,458453162899598848,-9.713281972915679,0.0047417785087778466,0.5889965067446512,1.43822419292194,0.0076346162031973785,0.0027917587302285617,12,1.1204699815488404,False,
458357677187186944,Gaia DR3 458357677187186944,458455980397966848,-10.202973446160925,0.003952512248469866,0.40777688353165803,1.374582227563417,0.00696263190335197,0.0027436406774392023,12,1.1204699815488404,False,
458357741598022528,AD Per,458309191287717632,-13.49122646648886,0.0037772782444614535,0.3690484228068968,1.455384895663296,0.005272091226642918,0.0020058885307700338,12,0.5659712493325703,False,
458357741598022528,AD Per,458368603583940352,-12.838205044624257,0.003710678852037332,0.4699966149053589,1.5987843067310632,0.004735080768992615,0.001796939332094964,12,0.5659712493325703,False,
458357741598022528,AD Per,458369595712180224,-12.067038216636583,0.0034478438501755215,0.4470749170690931,1.128552220885525,0.005778645867546865,0.0019237535058285171,12,0.5659712493325703,False,
458357741598022528,AD Per,458374719617266048,-13.460924929009382,0.0054220260634287865,0.4279728516908921,1.2343809573421862,0.005227478068360816,0.001916484541407277,12,0.5659712493325703,False,
458357741598022528,AD Per,458374719617270272,-12.913261820951869,0.004660640428825819,0.5069483222047186,1.0406665526433474,0.004768226287891006,0.0017052982340215034,12,0.5659712493325703,False,
458357741598022528,AD Per,458407601884442496,-13.469238658512081,0.005310976722017314,0.4356532704650362,1.0013584248654612,0.005239718428457056,0.0019410140090795882,12,0.5659712493325703,False,
458358570540307456,Gaia DR3 458358570540307456,458356882604568064,-9.309851483768696,0.007224166654704549,0.5514454691255134,1.2485667440270913,0.00906242510273129,0.0034572195213859536,12,0.8273292858967476,False,
458358570540307456,Gaia DR3 458358570540307456,458368706663119872,-9.076867584238853,0.020995864178820562,0.5336987142963073,0.8394921429179183,0.010389144719206664,0.003934446737533297,12,0.8273292858967476,False,
458358570540307456,Gaia DR3 458358570540307456,458390692587228800,-9.122112590376922,0.013068870873122017,0.4581802862694066,1.092525650267439,0.01009778718239586,0.003835532162593582,12,0.8273292858967476,False,
458358570540307456,Gaia DR3 458358570540307456,458402688441937536,-8.787810028503358,0.014539510108147441,0.4920816377343073,0.9641105559864827,0.0122505456698142,0.004566383998663031,12,0.8273292858967476,False,
458358570540307456,Gaia DR3 458358570540307456,458403513075640832,-8.402858708259316,0.015527615632600644,0.7660904086056269,1.1839589408622897,0.01902323696408726,0.0083973570437358,12,0.8273292858967476,False,
458358570540307456,Gaia DR3 458358570540307456,458408460877942656,-9.72431750046998,0.014807546472612539,0.5182030725663663,0.9749128604812519,0.007595559600196456,0.0027735555673673424,12,0.8273292858967476,False,
458358570540307456,Gaia DR3 458358570540307456,458414233313834368,-7.466111702884537,0.01056497579419299,0.8503695517888854,2.141080890315054,0.0379548665393982,0.013044086630124697,12,0.8273292858967476,False,
458358570540307456,Gaia DR3 458358570540307456,458459588170440576,-9.838457356543096,0.006515750909468197,0.43512526118476474,1.3975184502745912,0.007398815840403859,0.002733623113210544,12,0.8273292858967476,False,
458358570540320256,Gaia DR3 458358570540320256,458305931419660928,-8.476426935569915,0.016727241470148306,0.7542177940646194,0.7850110303047267,0.017639527966478337,0.007602992514625049,12,1.4258539541474566,False,
458358570540320256,Gaia DR3 458358570540320256,458374066782258560,-8.901500821740793,0.0068459157499523434,0.47672139881703174,1.0040478404577513,0.011518427977650722,0.004317833330920325,12,1.4258539541474566,False,
458358570540320256,Gaia DR3 458358570540320256,458375131934098816,-7.928639145087972,0.01308144002860732,0.44611622565278203,1.1312259112348801,0.02588730749071847,0.010530850654133424,12,1.4258539541474566,False,
458358570540320256,Gaia DR3 458358570540320256,458410110145267712,-8.827677831506254,0.00985909200974,0.3516840501587262,1.35069678958995,0.011993814908290257,0.0044792250583862245,12,1.4258539541474566,False,
458358570540320256,Gaia DR3 458358570540320256,458454292462921344,-8.543930802210118,0.01793588995958508,1.3146632514535064,0.8797554328432434,0.016369880578495324,0.006874108875626791,12,1.4258539541474566,False,
458358570540320256,Gaia DR3 458358570540320256,458454743447553152,-8.957273653787976,0.011316173000889655,0.5666020534176757,1.2756165669787871,0.011159275966119505,0.004195902836352674,12,1.4258539541474566,False,
458358570540320256,Gaia DR3 458358570540320256,458458488658864256,-8.829186990314101,0.013085809728173676,0.638740616509512,0.9372747480691527,0.01198409660277011,0.004475925737317747,12,1.4258539541474566,False,
458358570540320256,Gaia DR3 458358570540320256,458459141493858304,-8.899936593886906,0.009295928704941725,0.7287432141823259,0.9929118276175536,0.011528500903116322,0.004321253043867296,12,1.4258539541474566,False,
458358604900021888,Gaia DR3 458358604900021888,458309156927978880,-10.12491420851272,0.006007821772462112,0.46080786217657055,0.9457433545039029,0.007059612458127704,0.002741687316615971,12,0.8697422403872278,False,
458358604900021888,Gaia DR3 458358604900021888,458361761687408128,-10.001423445893185,0.004004351252555995,0.3759215458248429,1.1039712601098994,0.007210911298243766,0.0027384829686112264,12,0.8697422403872278,False,
458358604900021888,Gaia DR3 458358604900021888,458374994495134464,-10.124939406513956,0.003750467568184237,0.5960342012046842,1.6291527080363677,0.007059581585953305,0.0027416879704556855,12,0.8697422403872278,False,
458358604900021888,Gaia DR3 458358604900021888,458406498066869760,-9.400379518449785,0.007468043602353148,0.4942815286135907,0.9988471587712897,0.008746327763319198,0.0033081236774194695,12,0.8697422403872278,False,
458358604900021888,Gaia DR3 458358604900021888,458412790204894208,-9.943661705990348,0.004684411350259021,0.47270957509547423,1.2417077482838168,0.0072816800267300405,0.00273698416244887,12,0.8697422403872278,False,
458358604900021888,Gaia DR3 458358604900021888,458452578783931648,-9.9269512588629,0.004721647830165933,1.7603562950462466,1.082985619742677,0.007302153390199282,0.00273655055845473,12,0.8697422403872278,True,invNV
458358604900021888,Gaia DR3 458358604900021888,458453162899598848,-9.713281972915679,0.00396284088565467,2.1147380840017225,1.5554037509782235,0.007647853342292695,0.002792469283313528,12,0.8697422403872278,True,invNV
458358604900021888,Gaia DR3 458358604900021888,458461404928737024,-9.401749242291386,0.008148299274698727,0.6688828759721341,0.854196260124479,0.008741519214896538,0.0033058664112729365,12,0.8697422403872278,False,
458359017216933504,Gaia DR3 458359017216933504,458355237645794688,-8.702054291493967,0.011088978071303678,0.4419731361938301,1.217092327573701,0.01339581279334076,0.005166745579023098,12,1.3671330710327494,False,
458359017216933504,Gaia DR3 458359017216933504,458355890480894464,-8.975752218650774,0.011718109387491148,0.44762331922189574,0.8769345834753118,0.011040282300259581,0.004155505021324825,12,1.3671330710327494,False,
458359017216933504,Gaia DR3 458359017216933504,458357471028756864,-8.956942352985632,0.008753565009130914,0.8441235348578517,1.701220199380387,0.011161409394622528,0.004196627125745874,12,1.3671330710327494,False,
458359017216933504,Gaia DR3 458359017216933504,458403547435358720,-8.99426638237222,0.00790425321022317,0.5872763865898323,1.5139317677240298,0.01092105939372418,0.004115029380117423,12,1.3671330710327494,False,
458359017216933504,Gaia DR3 458359017216933504,458454292462921344,-8.543930802210118,0.00849672706465171,0.7160372773405985,1.6031080670857387,0.016369880578495324,0.006874108875626791,12,1.3671330710327494,False,
458359017216933504,Gaia DR3 458359017216933504,458454743447553152,-8.957273653787976,0.013710758518660686,1.2021812121048163,0.9186943392952623,0.011159275966119505,0.004195902836352674,12,1.3671330710327494,False,
458359017216933504,Gaia DR3 458359017216933504,458454949605985280,-8.314844150406836,0.01894113102539083,0.40646359199318605,1.0582585722293212,0.02067865996492804,0.009347708103687246,12,1.3671330710327494,False,
458359017216933504,Gaia DR3 458359017216933504,458455258843620224,-8.77712566315044,0.013485128124697748,0.34188044850524985,0.9548035925331108,0.01231934818830903,0.004589742144624147,12,1.3671330710327494,False,
458360322887062912,Gaia DR3 458360322887062912,458353416579769728,-9.624069231487361,0.007160784351122682,0.6012759362538168,0.8429764089123245,0.00795257566459001,0.002935360288872093,12,0.9677264389976398,False,
458360322887062912,Gaia DR3 458360322887062912,458357471028756864,-8.956942352985632,0.008775811832887125,0.9784976344875429,1.2554601650963766,0.011161409394622528,0.004196627125745874,12,0.9677264389976398,False,
458360322887062912,Gaia DR3 458360322887062912,458359493944675968,-9.372155238357337,0.004812975555156415,0.769956387872826,1.5940918642695066,0.008842646655573147,0.0033532881128781407,12,0.9677264389976398,False,
458360322887062912,Gaia DR3 458360322887062912,458362762428329472,-9.78432574873623,0.009813668904739089,0.6107748309713013,1.125656473736487,0.007466354517992895,0.0027277094728080657,12,0.9677264389976398,False,
458360322887062912,Gaia DR3 458360322887062912,458374582178365696,-8.937961503634053,0.007105888554982251,0.5505838660678599,1.7735129929018654,0.011283637547200891,0.004238123034484992,12,0.9677264389976398,False,
458360322887062912,Gaia DR3 458360322887062912,458404505202051968,-9.725192897327254,0.005367499975018398,0.3444565188724333,1.1910287315907715,0.007595282128222206,0.0027675951199155296,12,0.9677264389976398,False,
458360322887062912,Gaia DR3 458360322887062912,458405815178103296,-9.27154298596212,0.006821815284053297,0.6203982495136932,1.2406268122655002,0.009198133248762255,0.0035202048418356197,12,0.9677264389976398,False,
458360322887062912,Gaia DR3 458360322887062912,458453678295539456,-9.582020682847242,0.007919385486521997,1.5738174583277307,0.9209106269423154,0.008101143010502377,0.0030051192499263414,12,0.9677264389976398,True,invNV
458360357246806656,Gaia DR3 458360357246806656,458344723564833408,-8.471700364290145,0.019986642262748797,0.659806774550568,0.9277310020133113,0.01772842774627112,0.007654028412949895,12,1.6566470531833217,False,
458360357246806656,Gaia DR3 458360357246806656,458355237645794688,-8.702054291493967,0.008902888435252793,0.7539945724341304,1.7472595860009614,0.01339581279334076,0.005166745579023098,12,1.6566470531833217,False,
458360357246806656,Gaia DR3 458360357246806656,458369290778447360,-8.837213198864672,0.01466708819266156,0.5204516660579595,1.2803684208667865,0.011932411421291998,0.004458378850380996,12,1.6566470531833217,False,
458360357246806656,Gaia DR3 458360357246806656,458369325138179968,-8.817508806907743,0.014911618705855471,0.4278183459247594,0.7793328282982002,0.012059298863574722,0.004501456567044744,12,1.6566470531833217,False,
458360357246806656,Gaia DR3 458360357246806656,458372692392504192,-8.853015806318174,0.019703974508041497,0.8551186452111414,0.911604298887618,0.011830649720369908,0.00442383121004181,12,1.6566470531833217,False,
458360357246806656,Gaia DR3 458360357246806656,458375131934098816,-7.928639145087972,0.011527996511852379,0.42559463868684233,1.5341673069347834,0.02588730749071847,0.010530850654133424,12,1.6566470531833217,False,
458360357246806656,Gaia DR3 458360357246806656,458377945127545216,-8.4557496824851,0.02474576182950029,0.6688054687875685,0.7429578281007,0.01802843636056673,0.007826258413647959,12,1.6566470531833217,False,
458360357246806656,Gaia DR3 458360357246806656,458454292462921344,-8.543930802210118,0.01391868761759704,1.5430164427585096,1.147295703144823,0.016369880578495324,0.006874108875626791,12,1.6566470531833217,False,
458360357246810496,Gaia DR3 458360357246810496,458344964082995072,-8.545408656298438,0.013731024215618826,0.3950903678562832,1.2898838516932543,0.01634208433990271,0.006858151513190885,12,1.935426559178351,False,
458360357246810496,Gaia DR3 458360357246810496,458355890480894464,-8.975752218650774,0.009679835419253852,0.40064028537730556,1.5940820649060958,0.011040282300259581,0.004155505021324825,12,1.935426559178351,False,
458360357246810496,Gaia DR3 458360357246810496,458357471028756864,-8.956942352985632,0.011746592031139112,0.6450113156643978,0.9221686763337196,0.011161409394622528,0.004196627125745874,12,1.935426559178351,False,
458360357246810496,Gaia DR3 458360357246810496,458369325138179968,-8.817508806907743,0.014226320745838563,0.7313839209718057,0.8079823896294881,0.012059298863574722,0.004501456567044744,12,1.935426559178351,False,
458360357246810496,Gaia DR3 458360357246810496,458372692392506240,-9.030111287032865,0.010030593296561592,0.40698983880632794,1.0440861805643096,0.010690234292335673,0.004036665295085749,12,1.935426559178351,False,
458360357246810496,Gaia DR3 458360357246810496,458374066782258560,-8.901500821740793,0.00766160839365043,0.6189443968409246,1.215544595035071,0.011518427977650722,0.004317833330920325,12,1.935426559178351,False,
458360357246810496,Gaia DR3 458360357246810496,458406158775439616,-8.92958621441649,0.013495948492964727,1.1546179805683452,1.1633072602036365,0.011337570651532023,0.004256433081132446,12,1.935426559178351,False,
458360357246810496,Gaia DR3 458360357246810496,458458488658864256,-8.829186990314101,0.008166500966560554,0.8465779138680168,1.2282396907132294,0.01198409660277011,0.004475925737317747,12,1.935426559178351,False,
458360937053687680,Gaia DR3 458360937053687680,458361250599959552,-10.39457601896727,0.004243671371611194,1.0888568932769265,1.7675647475976377,0.006788640044936391,0.0025760782952031856,12,0.9511407587523517,True,invNV
458360937053687680,Gaia DR3 458360937053687680,458373375282357248,-9.834400262512716,0.009525936984359195,0.5134282077544315,0.7033466319371616,0.007405813192452187,0.002727381025174078,12,0.9511407587523517,False,
458360937053687680,Gaia DR3 458360937053687680,458375063214603904,-9.991270248508277,0.005844844057778051,0.41377416287806756,1.3627097633161445,0.007222083161353111,0.0027297945754285484,12,0.9511407587523517,False,
458360937053687680,Gaia DR3 458360937053687680,458379736138948608,-10.235537537679775,0.007241188080452392,0.6835102525074616,0.9048542329056621,0.0069359912340086665,0.0027335527919809186,12,0.9511407587523517,False,
458360937053687680,Gaia DR3 458360937053687680,458406498066869760,-9.400379518449785,0.00913392590273458,0.45246409636188445,1.117691272282843,0.00874203103968396,0.003284867254187485,12,0.9511407587523517,False,
458360937053687680,Gaia DR3 458360937053687680,458453162899598848,-9.713281972915679,0.005103911926383802,0.6542155202031361,1.3808848198536763,0.0076346162031973785,0.0027847674614016444,12,0.9511407587523517,False,
458360937053687680,Gaia DR3 458360937053687680,458453678295539456,-9.582020682847242,0.011044464006754937,1.7200641364222504,0.924959949717287,0.008099172163061222,0.0029945572633898634,12,0.9511407587523517,True,invNV
458360937053687680,Gaia DR3 458360937053687680,458566893631456384,-10.687167981937495,0.007612370212586533,0.3942195101306316,0.7922962779386107,0.006524712331123365,0.0022569321568903004,12,0.9511407587523517,False,
458361147520760576,Gaia DR3 458361147520760576,458307202729952256,-8.595583079690133,0.013737858812726184,0.3815314581000821,1.1376565108937604,0.015398378019457959,0.006316385268876262,12,1.0556180524090428,False,
458361147520760576,Gaia DR3 458361147520760576,458309264304541440,-8.77000050342282,0.025502553876549268,0.5290728920579285,0.9125693247212232,0.012365231019693512,0.004604089853027642,12,1.0556180524090428,False,
458361147520760576,Gaia DR3 458361147520760576,458357367949572736,-8.171033625663405,0.016098102699489893,0.4049985064283942,1.560255940552687,0.02287848505222361,0.010166552679657045,12,1.0556180524090428,False,
458361147520760576,Gaia DR3 458361147520760576,458378293029981056,-8.178735293298363,0.031849765525409995,0.5610397762719007,0.781885351910247,0.02278288489524446,0.010154977738210998,12,1.0556180524090428,False,
458361147520760576,Gaia DR3 458361147520760576,458455018326747648,-8.275230045228541,0.0085817883751316,0.4712821585533656,2.684963284062684,0.02142374239753867,0.009775447647733138,12,1.0556180524090428,False,
458361147520760576,Gaia DR3 458361147520760576,458458145061506048,-7.833672487367301,0.027157643795846013,0.4069331868864843,1.2010267901961071,0.027066120679783208,0.01067357734068298,12,1.0556180524090428,False,
458361147520760576,Gaia DR3 458361147520760576,458471304841223040,-7.786611819101137,0.04163328397030809,0.5942555046521045,0.8273384057413263,0.02765028082366789,0.01074430546157983,12,1.0556180524090428,False,
458361147520760576,Gaia DR3 458361147520760576,458558509855408256,-8.176621001208735,0.01350791652431809,0.6572523631367733,1.1973546552926815,0.022809129426331565,0.010158155336660741,12,1.0556180524090428,False,
458361216240228224,Gaia DR3 458361216240228224,458359493944675968,-9.372155238357337,0.011907809355995358,0.5518042773936637,0.7878611098728945,0.008841921552134181,0.003329977020583714,12,1.0932642598652076,False,
458361216240228224,Gaia DR3 458361216240228224,458361761687408128,-10.001423445893185,0.00553033087168602,0.34385289547401976,0.8766537359347555,0.007210191483927088,0.0027299507891999494,12,1.0932642598652076,False,
458361216240228224,Gaia DR3 458361216240228224,458365854804618112,-9.967499258097863,0.006350402114739205,0.630593549030988,1.0504174366924115,0.007249924336831286,0.002729428842751325,12,1.0932642598652076,False,
458361216240228224,Gaia DR3 458361216240228224,458373375282357248,-9.834400262512716,0.0046356794699159345,0.6296590893494239,1.5425866383052007,0.007405813192452187,0.002727381025174078,12,1.0932642598652076,False,
458361216240228224,Gaia DR3 458361216240228224,458375063214603904,-9.991270248508277,0.003789768513692831,0.3470945988040058,2.0500181464508094,0.007222083161353111,0.0027297945754285484,12,1.0932642598652076,False,
458361216240228224,Gaia DR3 458361216240228224,458381385406372352,-9.868669180301849,0.00801447237744119,0.4559987719291908,1.0397131914230826,0.00736567658320109,0.0027279082755255423,12,1.0932642598652076,False,
458361216240228224,Gaia DR3 458361216240228224,458452578783931648,-9.9269512588629,0.007918996858483756,0.43893596353330294,1.004025629184819,0.007297415162518335,0.0027288049845081395,12,1.0932642598652076,False,
458361216240228224,Gaia DR3 458361216240228224,458566820606044800,-9.885630202308977,0.006158442393241421,0.5769065424209054,1.2281758876256021,0.007345811412173854,0.0027281692322580976,12,1.0932642598652076,False,
458361353679151232,Gaia DR3 458361353679151232,458357471028756864,-8.956942352985632,0.009391652198145847,0.876797464445133,1.2841414297444476,0.011167539017094273,0.004164268002905309,12,1.320819170193127,False,
458361353679151232,Gaia DR3 458361353679151232,458362762428329472,-9.78432574873623,0.012693549457371738,0.5312627312216863,0.7674399733747728,0.007461697505004122,0.0027351398946086234,12,1.320819170193127,False,
458361353679151232,Gaia DR3 458361353679151232,458379358181844096,-9.283069893731392,0.009642556420940057,0.3312066217773326,1.1840802957032734,0.009170843837443772,0.003462888305078655,12,1.320819170193127,False,
458361353679151232,Gaia DR3 458361353679151232,458405196702890752,-9.385514131150375,0.0066923626807701584,0.4616351526652673,1.2407945693514653,0.008804633818699014,0.0033032427276260927,12,1.320819170193127,False,
458361353679151232,Gaia DR3 458361353679151232,458453162899598848,-9.713281972915679,0.009820048081416307,0.8361253471075042,0.9830534792345899,0.007632953785727642,0.0027924605920239386,12,1.320819170193127,False,
458361353679151232,Gaia DR3 458361353679151232,458453506490773120,-9.89779662917168,0.0035726245442619475,0.6122139922075168,1.8807051707601377,0.007329471140071344,0.0027348073853665747,12,1.320819170193127,False,
458361353679151232,Gaia DR3 458361353679151232,458453678295539456,-9.582020682847242,0.007769042662910216,1.8561365037596957,0.9554628441018125,0.008102176854857701,0.002997013673564677,12,1.320819170193127,True,invNV
458361353679151232,Gaia DR3 458361353679151232,458470132306043904,-9.419139990505919,0.010181023363191717,0.5856098279936535,0.783669487544264,0.008684430604783338,0.003250841344499005,12,1.320819170193127,False,
458361422398653696,Gaia DR3 458361422398653696,458366198403185152,-9.221806167325338,0.010092037741314284,0.5471465698773961,1.3127761978904646,0.009469780158008704,0.0035769420927579923,12,1.27332077343898,False,
458361422398653696,Gaia DR3 458361422398653696,458372692392506240,-9.030111287032865,0.007739666636826435,0.7564117111115763,1.819801930434416,0.010698531175089804,0.004002018543155844,12,1.27332077343898,False,
458361422398653696,Gaia DR3 458361422398653696,458373340922619264,-8.733389391003744,0.019486162191402215,0.6349622657661808,1.168204610656855,0.012806446150733041,0.004803370906235978,12,1.27332077343898,False,
458361422398653696,Gaia DR3 458361422398653696,458374066782258560,-8.901500821740793,0.009742104959463786,0.4582395279866609,1.1564833387267675,0.011522915424652422,0.004287207589347164,12,1.27332077343898,False,
458361422398653696,Gaia DR3 458361422398653696,458375131934087680,-8.858203333258556,0.028260749276750964,0.6706702893597837,0.782099991769253,0.011800449352154473,0.004383218201039508,12,1.27332077343898,False,
458361422398653696,Gaia DR3 458361422398653696,458378082567513856,-8.88692132122503,0.014240975954810475,0.4316468770855396,1.2863867328098095,0.011616369021639187,0.004319537103408044,12,1.27332077343898,False,
458361422398653696,Gaia DR3 458361422398653696,458378151285973760,-8.333530999649971,0.01448040903771069,0.7354948637139479,1.4821274632005443,0.020327188108395178,0.009141608825137315,12,1.27332077343898,False,
458361422398653696,Gaia DR3 458361422398653696,458406055696259968,-6.505947455838774,0.05929102381012312,0.921740753550173,1.0030509958054643,0.04201223569096259,0.01639199058201725,7,1.27332077343898,False,
458361800356030336,Gaia DR3 458361800356030336,458307202729952256,-8.595583079690133,0.022191580792446302,0.33148036825319,0.9182827073166557,0.015289432903005796,0.006217606526717051,12,0.9485165442780035,False,
458361800356030336,Gaia DR3 458361800356030336,458309844122745216,-7.792872773198639,0.022419151355763303,0.5614893034596563,1.1038396409501203,0.027307051322794557,0.010303148320034735,12,0.9485165442780035,False,
458361800356030336,Gaia DR3 458361800356030336,458351148836990080,-7.653209645130568,0.023451052490093986,0.49801800632485854,0.9082907507081346,0.03125557788721713,0.01120365391565878,12,0.9485165442780035,False,
458361800356030336,Gaia DR3 458361800356030336,458361972155290752,-7.64932387433017,0.02746019899962214,0.3500093845328903,0.8513503961345334,0.031392403065643136,0.011237858554154335,12,0.9485165442780035,False,
458361800356030336,Gaia DR3 458361800356030336,458380217175281280,-6.577431688580387,0.038003847701544684,1.6831162018760748,1.1868378670414599,0.04545643827324082,0.019704577068515264,6,0.9485165442780035,True,invNV
458361800356030336,Gaia DR3 458361800356030336,458408044255076480,-8.430573239992608,0.01237557738635294,0.6026175086463553,1.5478461858198551,0.018276604008932187,0.007921436404999021,12,0.9485165442780035,False,
458361800356030336,Gaia DR3 458361800356030336,458459897409489280,-8.577449219591822,0.02117772520970879,0.4356289086560398,0.8838332541661689,0.015617709950143608,0.00640484998262686,12,0.9485165442780035,False,
458361800356030336,Gaia DR3 458361800356030336,458558509855408256,-8.176621001208735,0.01375927457293989,0.5739833222872076,1.3985310413378167,0.02247037210399189,0.009868986955819184,12,0.9485165442780035,False,
458362414522436992,Gaia DR3 458362414522436992,458310432535919104,-10.560041605038526,0.005165741749978422,0.66669433253259,1.101485206349473,0.006639384565041466,0.002395595884537334,12,1.2955143440139958,False,
458362414522436992,Gaia DR3 458362414522436992,458373375282357248,-9.834400262512716,0.006252435626616216,0.4769252471629242,0.8361348732962489,0.007405813192452187,0.002727381025174078,12,1.2955143440139958,False,
458362414522436992,Gaia DR3 458362414522436992,458379736138948608,-10.235537537679775,0.004165757847350897,0.8199356668995763,1.4193679064686981,0.0069359912340086665,0.0027335527919809186,12,1.2955143440139958,False,
458362414522436992,Gaia DR3 458362414522436992,458404853105476992,-10.48703366248201,0.008093398677034486,0.772729106968642,1.440778905794236,0.0067052401653577825,0.002475229660860342,12,1.2955143440139958,False,
458362414522436992,Gaia DR3 458362414522436992,458453162899598848,-9.713281972915679,0.007587926297227526,0.7124654595583534,1.1542451864884387,0.007635703789381101,0.00278397510953311,12,1.2955143440139958,False,
458362414522436992,Gaia DR3 458362414522436992,458453678295539456,-9.582020682847242,0.010575858794934745,1.7122165375409153,0.9611263315865924,0.008104147702298855,0.0029909323756605907,12,1.2955143440139958,True,invNV
458362414522436992,Gaia DR3 458362414522436992,458455980397966848,-10.202973446160925,0.0055311747672438525,0.5182418282923933,1.2568977646831678,0.0069741311083096735,0.0027330517715283883,12,1.2955143440139958,False,
458362414522436992,Gaia DR3 458362414522436992,458461404928737024,-9.401749242291386,0.00485233288577393,0.5698748830144711,2.1324527973101426,0.008747498525357781,0.0032751630462478647,12,1.2955143440139958,False,
458363071665935616,Gaia DR3 458363071665935616,458361761687408128,-10.001423445893185,0.00523261723755686,0.6224263312111402,1.294350809204077,0.007210191483927088,0.0027267131903837855,12,1.1670178573761072,False,
458363071665935616,Gaia DR3 458363071665935616,458374788336736512,-10.960227639274535,0.012715238501421991,0.5679401480099547,0.9735790158144875,0.006076565652378293,0.002080642672565486,12,1.1670178573761072,False,
458363071665935616,Gaia DR3 458363071665935616,458374925776076800,-10.606259751887341,0.006990072884178165,0.3679391000118175,1.098392710145095,0.00660474292301716,0.0023306538541034687,12,1.1670178573761072,False,
458363071665935616,Gaia DR3 458363071665935616,458379770498587264,-10.900086158448058,0.0037889802708795813,0.3941787817548571,1.2003617772994566,0.006191386649133824,0.002105635475054435,12,1.1670178573761072,False,
458363071665935616,Gaia DR3 458363071665935616,458409830961481344,-9.918227298032184,0.005848982172163922,0.9334653525540813,1.1041720946416549,0.007307632882527439,0.0027243495689444988,12,1.1670178573761072,False,
458363071665935616,Gaia DR3 458363071665935616,458455877318747648,-10.361871044279967,0.00474249460345074,0.5833895653934001,2.020168369639593,0.006820354413824029,0.002607188967275826,12,1.1670178573761072,False,
458363071665935616,Gaia DR3 458363071665935616,458461031279382528,-10.540662304641037,0.0023846517212277544,0.7177197272397464,3.0735367065972388,0.006662616151008624,0.002404879859370527,12,1.1670178573761072,True,spike
458363071665935616,Gaia DR3 458363071665935616,458461404928737024,-9.401749242291386,0.007429294526841747,0.6818038861289841,1.3368377317438864,0.008747498525357781,0.003253040767575291,12,1.1670178573761072,False,
458363106025683328,Gaia DR3 458363106025683328,458405196702890752,-9.385514131150375,0.005534763175737849,0.4827516031519769,1.2354768571211232,0.008805438219425884,0.003277910646170468,12,2.103823717129396,False,
458363106025683328,Gaia DR3 458363106025683328,458406498066869760,-9.400379518449785,0.005508077531968165,0.40281078595003345,1.1389623175508865,0.008752386781412871,0.00325513898946941,12,2.103823717129396,False,
458363106025683328,Gaia DR3 458363106025683328,458413305604864000,-9.818670195426748,0.012152005324085682,1.1274957488632118,0.8469267012591022,0.007424236638445082,0.0027215211290683564,12,2.103823717129396,False,
458363106025683328,Gaia DR3 458363106025683328,458453162899598848,-9.713281972915679,0.008402430804849637,1.337916354093799,1.0258529158945089,0.007635703789381101,0.0027758169825481257,12,2.103823717129396,False,
458363106025683328,Gaia DR3 458363106025683328,458453506490773120,-9.89779662917168,0.005712936179494057,0.7056291494563456,1.1984208676042643,0.007331561790286897,0.0027237691290061218,12,2.103823717129396,False,
458363106025683328,Gaia DR3 458363106025683328,458453678295539456,-9.582020682847242,0.008788843958340202,0.8558721229404245,1.0310908489839823,0.008104147702298855,0.002976890588998656,12,2.103823717129396,False,
458363106025683328,Gaia DR3 458363106025683328,458454743447553152,-8.957273653787976,0.010668831765047149,0.7677156351276286,0.924564399161975,0.01116541540170497,0.00415154286847248,12,2.103823717129396,False,
458363106025683328,Gaia DR3 458363106025683328,458461404928737024,-9.401749242291386,0.004933120392875577,0.5295213971305811,1.1344477015858698,0.008747498525357781,0.003253040767575291,12,2.103823717129396,False,
458363136076941056,Gaia DR3 458363136076941056,458361761687408128,-10.001423445893185,0.0038039174773461175,0.40438376137048504,1.5416705591894297,0.007210191483927088,0.0027267131903837855,12,0.7277704759237866,False,
458363136076941056,Gaia DR3 458363136076941056,458375063214603904,-9.991270248508277,0.0038438978887111596,0.41749806130069705,2.2296568905631036,0.007222083161353111,0.002726424735742155,12,0.7277704759237866,False,
458363136076941056,Gaia DR3 458363136076941056,458405196702890752,-9.385514131150375,0.0059227049499767205,0.5781484165341759,1.1550861979530846,0.008805438219425884,0.003277910646170468,12,0.7277704759237866,False,
458363136076941056,Gaia DR3 458363136076941056,458406498066869760,-9.400379518449785,0.004384620010404742,0.4095064778136432,1.6517652278814696,0.008752386781412871,0.00325513898946941,12,0.7277704759237866,False,
458363136076941056,Gaia DR3 458363136076941056,458413060776879232,-10.006731028238796,0.006620247039164855,0.41028996198807705,1.0130153372937227,0.007203975111411776,0.002726863980002601,12,0.7277704759237866,False,
458363136076941056,Gaia DR3 458363136076941056,458455877318747648,-10.361871044279967,0.007198125977111371,0.48897820969250033,0.9775557696363774,0.006820354413824029,0.002607188967275826,12,0.7277704759237866,False,
458363136076941056,Gaia DR3 458363136076941056,458461031279382528,-10.540662304641037,0.008552228294680487,0.9260738552742747,1.2999275676458228,0.006662616151008624,0.002404879859370527,12,0.7277704759237866,False,
458363136076941056,Gaia DR3 458363136076941056,458461404928737024,-9.401749242291386,0.005329533750539328,0.7046589749218277,1.231400797554187,0.008747498525357781,0.003253040767575291,12,0.7277704759237866,False,
458363277824323584,Gaia DR3 458363277824323584,458311046713582848,-9.818772591363247,0.01267693539099441,0.4851902064011855,0.8899694572371227,0.007426676440174924,0.002726832325111208,12,0.7986932194415779,False,
458363277824323584,Gaia DR3 458363277824323584,458359493944675968,-9.372155238357337,0.009675606822293249,0.5075462433707574,1.0580940657720714,0.008865985439226983,0.00331788746576646,12,0.7986932194415779,False,
458363277824323584,Gaia DR3 458363277824323584,458373375282357248,-9.834400262512716,0.01053725106760319,0.8842703242775406,0.739353718208561,0.007408280158281384,0.0027270839386004447,12,0.7986932194415779,False,
458363277824323584,Gaia DR3 458363277824323584,458381385406372352,-9.868669180301849,0.010638071809352972,0.3927806773148378,0.8909115914677924,0.007367940131555337,0.0027276356856838603,12,0.7986932194415779,False,
458363277824323584,Gaia DR3 458363277824323584,458453506490773120,-9.89779662917168,0.0036368748034232273,0.48598056702962616,1.4186795229870388,0.00733365244050245,0.0027281046524910454,12,0.7986932194415779,False,
458363277824323584,Gaia DR3 458363277824323584,458453678295539456,-9.582020682847242,0.0068237512737890065,1.4761513541895985,0.9979496439496611,0.008111518787380433,0.0029889840616512072,12,0.7986932194415779,True,invNV
458363277824323584,Gaia DR3 458363277824323584,458461404928737024,-9.401749242291386,0.006003712789137694,0.4332493960166608,1.3667603999144196,0.00875959494165305,0.003271507421357686,12,0.7986932194415779,False,
458363277824323584,Gaia DR3 458363277824323584,458470132306043904,-9.419139990505919,0.011243228474317099,0.5590710696192613,0.6989477352037046,0.008697075170423365,0.003244252451861523,12,0.7986932194415779,False,
458363346543872000,V0359 Per,458309191287717632,-13.49122646648886,0.003517766998873559,0.43793538841269103,1.5778668598885195,0.005272091226642918,0.0020058885307700338,12,0.6382130248742637,False,
458363346543872000,V0359 Per,458355306365263232,-11.613992108513568,0.005932721886930952,0.4504031765697776,1.0016216197900636,0.0059424663916742134,0.0018300465128264004,12,0.6382130248742637,False,
458363346543872000,V0359 Per,458371661600617088,-12.578844356393166,0.003605350535725857,0.6318600490219187,1.3092170102553629,0.005003386644642704,0.0019392991883185949,12,0.6382130248742637,False,
458363346543872000,V0359 Per,458374719617270272,-12.913261820951869,0.005275429070271156,0.41040307206637533,1.0419321143036842,0.004768226287891006,0.0017052982340215034,12,0.6382130248742637,False,
458363346543872000,V0359 Per,458374719617277184,-12.15870406488311,0.007559235169248207,0.47543182304233805,0.822655043400734,0.0056859991853772975,0.0019649109056732433,12,0.6382130248742637,False,
458363346543872000,V0359 Per,458377674554774016,-12.6841478801708,0.003960931271930622,0.3983374043540146,1.0159483996238048,0.0048143462899411195,0.0019179713672454082,12,0.6382130248742637,False,
458363346543872000,V0359 Per,458377708914487168,-11.559775854391221,0.007497171334415723,0.44038165167563487,1.085367489770405,0.0058800375921733905,0.0018494361533730231,12,0.6382130248742637,False,
458363346543872000,V0359 Per,458459725610800896,-12.051606669159654,0.00685489582604962,0.9281393696734673,1.1982958528313759,0.005794242534155291,0.0019168248362980425,12,0.6382130248742637,False,
458363617113278080,ZTF J022008.34+570712.2,458353240475686656,-7.957175725747416,0.015309509459727394,0.9283065734896293,1.5909631620664453,0.025236212636968278,0.010117260832311032,12,0.7940363939842398,False,
458363617113278080,ZTF J022008.34+570712.2,458359979290384128,-8.099692884769313,0.01866446432477816,0.6315904012709019,1.0140458190750632,0.02343995735537811,0.00995602114527476,12,0.7940363939842398,False,
458363617113278080,ZTF J022008.34+570712.2,458362036568692864,-7.726786885546671,0.02891073291277254,0.6091356804111516,0.9980070945147795,0.028664787136770637,0.010555987586580528,12,0.7940363939842398,False,
458363617113278080,ZTF J022008.34+570712.2,458368775382585216,-8.029200175167478,0.029898704773212027,0.7005863922878072,0.9630644309183268,0.024328432138379104,0.010035774506291395,12,0.7940363939842398,False,
458363617113278080,ZTF J022008.34+570712.2,458380114096078208,-8.422786031016106,0.02447729224482711,0.5696941983711888,1.4014037970060933,0.018417575757605227,0.008001844211872305,12,0.7940363939842398,False,
458363617113278080,ZTF J022008.34+570712.2,458404612587326080,-8.00327402465063,0.024308293608356867,0.6103657143882258,1.103787075910458,0.02465519970178553,0.010065106584085269,12,0.7940363939842398,False,
458363617113278080,ZTF J022008.34+570712.2,458406261854711680,-8.247036822924798,0.033727693174640486,0.46908753086541805,0.8281921034129971,0.0215828663991837,0.009789320583476221,12,0.7940363939842398,False,
458363617113278080,ZTF J022008.34+570712.2,458474908309673728,-8.603539964337969,0.009296450201518642,0.6106428606835117,1.6123956936428503,0.015145389517733898,0.006135446712333391,12,0.7940363939842398,False,
458364102458031872,Gaia DR3 458364102458031872,458371730320069120,-9.8802032707685,0.006997058801524127,1.1188448395458082,1.5445284503250032,0.007349972486493303,0.002718717204970526,12,0.7235431413251516,True,invNV
458364102458031872,Gaia DR3 458364102458031872,458373375282357248,-9.834400262512716,0.00423764254394496,0.4774244726580655,1.6575617202377375,0.007403346226622989,0.0027168521090869067,12,0.7235431413251516,False,
458364102458031872,Gaia DR3 458364102458031872,458381385406372352,-9.868669180301849,0.010638422815055032,0.48311914863763217,0.8955217402953763,0.007363413034846841,0.0027182475374646167,12,0.7235431413251516,False,
458364102458031872,Gaia DR3 458364102458031872,458405196702890752,-9.385514131150375,0.005927076458994933,0.5124777920418979,1.3314275917790943,0.00881635139406322,0.0032936149829309166,12,0.7235431413251516,False,
458364102458031872,Gaia DR3 458364102458031872,458413305604864000,-9.818670195426748,0.008305290924273743,0.9122565112000182,1.147332273285942,0.007421676300232575,0.0027162115816523925,12,0.7235431413251516,False,
458364102458031872,Gaia DR3 458364102458031872,458453678295539456,-9.582020682847242,0.010233275524027906,1.5253472762939888,0.9557121587532468,0.008107577092498127,0.0029808099009974954,12,0.7235431413251516,True,invNV
458364102458031872,Gaia DR3 458364102458031872,458461404928737024,-9.401749242291386,0.007722721921612408,0.5320760055825162,1.075719686230209,0.008757793399632823,0.00326777144119244,12,0.7235431413251516,False,
458364102458031872,Gaia DR3 458364102458031872,458566820606044800,-9.885630202308977,0.006701214844447631,0.5509961889251227,1.1584079288430285,0.007343648543049994,0.002718938189313308,12,0.7235431413251516,False,
458364549134997632,Gaia DR3 458364549134997632,458355512523680640,-9.155516982491585,0.013063815905853426,0.5379041130955425,0.9236645812161072,0.009907725933078091,0.003719805517386914,12,0.9825103037835865,False,
458364549134997632,Gaia DR3 458364549134997632,458355890480894464,-8.975752218650774,0.01368680726086752,0.45549820654483913,0.9273913023000976,0.01105422660417836,0.004120258381857881,12,0.9825103037835865,False,
458364549134997632,Gaia DR3 458364549134997632,458357471028756864,-8.956942352985632,0.01327712477050629,0.6816501916292823,0.8946103745554899,0.011174191847352983,0.0041621601674190975,12,0.9825103037835865,False,
458364549134997632,Gaia DR3 458364549134997632,458366198403185152,-9.221806167325338,0.009546454865792765,0.6041698343905522,0.9113020746321147,0.009484947890959175,0.0035721364559815937,12,0.9825103037835865,False,
458364549134997632,Gaia DR3 458364549134997632,458374066782258560,-8.901500821740793,0.009466876750656324,0.4554184669258922,1.0029146901609929,0.011527785907840399,0.004285664460047393,12,0.9825103037835865,False,
458364549134997632,Gaia DR3 458364549134997632,458374376019938944,-9.128492739000414,0.01072848836538816,0.6378885300256726,1.056264348234649,0.010080080696250932,0.00378000605660818,12,0.9825103037835865,False,
458364549134997632,Gaia DR3 458364549134997632,458374994495145088,-8.383560010012008,0.015572734298121586,0.5142373635641966,1.1297511839284171,0.019127683935145978,0.008406877431196738,12,0.9825103037835865,False,
458364549134997632,Gaia DR3 458364549134997632,458378082567513856,-8.88692132122503,0.012222982924963356,0.5454463515763714,0.9955801508369541,0.01162077079969847,0.004318142475312184,12,0.9825103037835865,False,
458365098890782720,Gaia DR3 458365098890782720,458342249663654400,-10.205289330573287,0.005510615823141987,0.8620137347786659,0.7148156180318617,0.0069711532880051144,0.0027319546907832075,12,0.8462359581622093,False,
458365098890782720,Gaia DR3 458365098890782720,458353416579769728,-9.624069231487361,0.0068881913855807315,0.5005965731790875,0.8841235838039401,0.00795591329077308,0.002913875747459226,12,0.8462359581622093,False,
458365098890782720,Gaia DR3 458365098890782720,458359493944675968,-9.372155238357337,0.008691800306416897,0.4299622820393357,0.9652648113876745,0.008864535232349053,0.0033148800731713285,12,0.8462359581622093,False,
458365098890782720,Gaia DR3 458365098890782720,458372722447315200,-9.73463175626811,0.010156093269747687,0.4032436566340988,0.8443317571278216,0.007557128234478196,0.0027378789711473687,12,0.8462359581622093,False,
458365098890782720,Gaia DR3 458365098890782720,458373375282357248,-9.834400262512716,0.009270133528166476,0.8741343366848875,1.0321390071548517,0.007403346226622989,0.0027168521090869067,12,0.8462359581622093,False,
458365098890782720,Gaia DR3 458365098890782720,458374066782258560,-8.901500821740793,0.009584470103040968,0.6195250862325459,1.0845272308139229,0.011527785907840399,0.004285664460047393,12,0.8462359581622093,False,
458365098890782720,Gaia DR3 458365098890782720,458376983054861056,-9.508293641995166,0.010020661833901998,0.45659586713635975,1.1633807411482509,0.008373501212763599,0.0030981708381026263,12,0.8462359581622093,False,
458365098890782720,Gaia DR3 458365098890782720,458560399640994176,-10.246757322100574,0.007717495838505739,0.44485853701280786,1.0806512428174606,0.006922831095036534,0.0027336432650329075,12,0.8462359581622093,False,
458365236329731584,Gaia DR3 458365236329731584,458345101521941632,-7.403749246046052,0.055770215378802925,0.6098630804985218,0.9358441011661761,0.04003954003224756,0.013399538132187557,12,0.8301794382825234,False,
458365236329731584,Gaia DR3 458365236329731584,458373757544658816,-7.690313531616577,0.03915572050793432,0.3362754397798477,1.0904845880191478,0.029949081403115092,0.010877045608266075,12,0.8301794382825234,False,
458365236329731584,Gaia DR3 458365236329731584,458525868103186688,-7.554073539509933,0.040232985513569464,0.43874043943236407,1.24967709411937,0.034746343564547616,0.012076303083299728,12,0.8301794382825234,False,
458365236329731584,Gaia DR3 458365236329731584,458531812337900928,-8.369028212783922,0.03501400637480276,0.5004655907547829,0.9735415650172585,0.019390752882285686,0.008556927333358538,12,0.8301794382825234,False,
458365236329731584,Gaia DR3 458365236329731584,458532396453399808,-7.044358303644347,0.04649382810588303,0.544437950273829,0.9804960255635464,0.04857545075623898,0.01999702233089787,12,0.8301794382825234,False,
458365236329731584,Gaia DR3 458365236329731584,458532808770257920,-7.5188134867326,0.02080184350009762,0.5816921696222149,2.0160641394506604,0.03598791525273746,0.012386680977554146,12,0.8301794382825234,False,
458365236329731584,Gaia DR3 458365236329731584,458558028819083776,-7.5088388475181915,0.03347540064832455,0.5199705883514782,1.220850130176007,0.0363391407522205,0.012474483101245399,12,0.8301794382825234,False,
458365236329731584,Gaia DR3 458365236329731584,458559471928073728,-8.351223628247194,0.02894847644981373,0.5832084947381809,1.0940124770846003,0.019713069057967277,0.008740770812993952,12,0.8301794382825234,False,
458365236329732864,Gaia DR3 458365236329732864,458352278399631488,-9.955689480536044,0.0063486292988383704,0.4921782123293358,1.2041571648590108,0.00726200923916666,0.002721790999126606,12,1.5584278961606373,False,
458365236329732864,Gaia DR3 458365236329732864,458353416579769728,-9.624069231487361,0.006148474353604321,0.7223746304987712,1.0647988675597129,0.00795591329077308,0.002913875747459226,12,1.5584278961606373,False,
458365236329732864,Gaia DR3 458365236329732864,458353893307331328,-9.508081576344756,0.006861004578804723,0.3398612287186115,1.1401509527630818,0.00837426610676819,0.0030985084106292375,12,1.5584278961606373,False,
458365236329732864,Gaia DR3 458365236329732864,458371730320069120,-9.8802032707685,0.00964755232279354,0.7583930898693064,1.333912302725424,0.007349972486493303,0.002718717204970526,12,1.5584278961606373,False,
458365236329732864,Gaia DR3 458365236329732864,458376983054861056,-9.508293641995166,0.00641010006972713,0.43976538752687633,1.7082330883418273,0.008373501212763599,0.0030981708381026263,12,1.5584278961606373,False,
458365236329732864,Gaia DR3 458365236329732864,458378082567513856,-8.88692132122503,0.01939379014137412,0.656747257389988,0.8230012909917847,0.01162077079969847,0.004318142475312184,12,1.5584278961606373,False,
458365236329732864,Gaia DR3 458365236329732864,458557925739871616,-9.634978446831632,0.006339924239182967,0.3442679667084741,2.1083553961951904,0.007916565129505733,0.0028965101279919527,12,1.5584278961606373,False,
458365236329732864,Gaia DR3 458365236329732864,458566820606044800,-9.885630202308977,0.004753546890371016,1.2043249809113743,1.5035766094946705,0.007343648543049994,0.002718938189313308,12,1.5584278961606373,False,
458365339408928000,Gaia DR3 458365339408928000,458342249663654400,-10.205289330573287,0.002535497649473019,1.05069018617025,1.4422911681681085,0.00695959529189808,0.0027278444391341397,12,0.8246708923023461,True,invNV
458365339408928000,Gaia DR3 458365339408928000,458359493944675968,-9.372155238357337,0.0057975283810087815,0.4764796538287699,1.4982392267534022,0.008864535232349053,0.0033148800731713285,12,0.8246708923023461,False,
458365339408928000,Gaia DR3 458365339408928000,458361761687408128,-10.001423445893185,0.006895916891009094,0.4890804317977032,1.0774180342705613,0.007202333306681751,0.002721383488176585,12,0.8246708923023461,False,
458365339408928000,Gaia DR3 458365339408928000,458379903632621312,-10.126826729831462,0.004099376350221532,0.6946882088174652,1.7262635164209295,0.007053018750014774,0.0027253577895596385,12,0.8246708923023461,False,
458365339408928000,Gaia DR3 458365339408928000,458538168889337728,-9.64036890434142,0.017479670753662448,0.40460948191100893,0.8101916002604095,0.007897122430401683,0.002887929434430096,12,0.8246708923023461,False,
458365339408928000,Gaia DR3 458365339408928000,458558578574918272,-10.27587963845556,0.00800999532357378,0.4807665799784892,0.976463986019981,0.006884184132978296,0.0027002112579139004,12,0.8246708923023461,False,
458365339408928000,Gaia DR3 458365339408928000,458560399640994176,-10.246757322100574,0.004606239648185521,0.42277571531287883,1.6513603638507859,0.0069102203905692244,0.0027291586495033072,12,0.8246708923023461,False,
458365339408928000,Gaia DR3 458365339408928000,458560532773928448,-10.23519228054049,0.006485417646802349,0.5489806187657931,1.1944290774401698,0.006923990596572993,0.0027287921283148356,12,0.8246708923023461,False,
458365339408935296,ASASSN-V J021844.55+565552.2,458346407194577920,-7.959464484693152,0.02092878836879969,0.5262560776358394,1.2340491833150855,0.02520736561691273,0.01011467139831835,12,0.8476058780563727,False,
458365339408935296,ASASSN-V J021844.55+565552.2,458355753041938944,-7.804791017245467,0.021280570697623718,0.6873426290248188,1.1758165961246487,0.027156836366481082,0.010289664372183677,12,0.8476058780563727,False,
458365339408935296,ASASSN-V J021844.55+565552.2,458357367949572736,-8.171033625663405,0.028578196916884423,0.44464732559037196,0.9898929220371975,0.022540794170376088,0.009875308346804425,12,0.8476058780563727,False,
458365339408935296,ASASSN-V J021844.55+565552.2,458361869075174272,-7.671751567037432,0.027719095210999342,0.5185892552077181,0.9867753704899641,0.030602682514950765,0.011040437975137509,12,0.8476058780563727,False,
458365339408935296,ASASSN-V J021844.55+565552.2,458361972155290752,-7.64932387433017,0.019238098683470258,0.367800789332656,1.1965376245544053,0.031392403065643136,0.011237858554154335,12,0.8476058780563727,False,
458365339408935296,ASASSN-V J021844.55+565552.2,458378293029981056,-8.178735293298363,0.016422136645041215,0.5903742726877558,1.1580402135788581,0.02244372402625246,0.009866594908453277,12,0.8476058780563727,False,
458365339408935296,ASASSN-V J021844.55+565552.2,458379323822123776,-8.391257656867388,0.01655886605129807,0.44021540485301647,1.1501624065368634,0.01898833352845407,0.008327394409283005,12,0.8476058780563727,False,
458365339408935296,ASASSN-V J021844.55+565552.2,458558509855408256,-8.176621001208735,0.007171157819480276,0.4832015783085083,2.5739629385713556,0.02247037210399189,0.009868986955819184,12,0.8476058780563727,False,
458365786085557504,Gaia DR3 458365786085557504,458337679818500992,-10.47523115652095,0.006601128132138982,0.4609468925132805,1.5131364804692873,0.006713367367268434,0.002476437138343714,12,0.741024857682449,False,
458365786085557504,Gaia DR3 458365786085557504,458361181880496384,-10.238410724358411,0.00897471548163279,0.9744682705000207,1.2054817838411054,0.006920158475939956,0.002728894127762658,12,0.741024857682449,False,
458365786085557504,Gaia DR3 458365786085557504,458367916389221760,-10.545475671849399,0.007162089941389007,0.4502414578744429,1.2796158278334913,0.006653177502482319,0.0023975869508718424,12,0.741024857682449,False,
458365786085557504,Gaia DR3 458365786085557504,458371695960360576,-11.172632630901083,0.009664241901828848,0.674435863733299,1.0578261824915653,0.005671045992415524,0.001992374210757808,12,0.741024857682449,False,
458365786085557504,Gaia DR3 458365786085557504,458373340922619264,-8.733389391003744,0.017770208680030816,0.482825310917979,0.8955810052377026,0.012794726938046976,0.004794670106305037,12,0.741024857682449,False,
458365786085557504,Gaia DR3 458365786085557504,458379255102654464,-10.74510665083409,0.010464402388045333,0.6266931563016098,0.8410190202700148,0.006482121277294844,0.002173499133559206,12,0.741024857682449,False,
458365786085557504,Gaia DR3 458365786085557504,458536790194727424,-9.18255660245504,0.013214457098613722,0.43847766249312903,0.9087984254999644,0.009735273102100324,0.0036595707247767196,12,0.741024857682449,False,
458365786085557504,Gaia DR3 458365786085557504,458561602231793024,-10.166105557380249,0.00893162747553732,0.49150756200616513,1.1534936844744963,0.007006250431533319,0.0027266026205859826,12,0.741024857682449,False,
458365820445288704,Mis V1395,458361181880496384,-10.238410724358411,0.00992995684838126,0.8133554321740183,1.177392920934367,0.006920158475939956,0.002728894127762658,12,1.6817398746332013,False,
458365820445288704,Mis V1395,458367916389221760,-10.545475671849399,0.010607805490015693,0.5042599878731981,0.9049034251831698,0.006653177502482319,0.0023975869508718424,12,1.6817398746332013,False,
458365820445288704,Mis V1395,458367950748956800,-10.725801170666047,0.005544237402206353,0.6283648428074164,1.452184343614539,0.0064986634120866105,0.0021951697326567585,12,1.6817398746332013,False,
458365820445288704,Mis V1395,458371695960360576,-11.172632630901083,0.006933423658141603,0.7563620081090031,1.139367881777365,0.005671045992415524,0.001992374210757808,12,1.6817398746332013,False,
458365820445288704,Mis V1395,458374857056235520,-11.49114706315514,0.006959198389739632,0.9310245109454612,0.8576074043385136,0.005801013079738563,0.0018739802244225271,12,1.6817398746332013,False,
458365820445288704,Mis V1395,458379255102654464,-10.74510665083409,0.006911226651125203,0.8122494349273343,1.1095367448700295,0.006482121277294844,0.002173499133559206,12,1.6817398746332013,False,
458365820445288704,Mis V1395,458536450902467200,-11.397507285599993,0.006658140820421925,1.1949496402982063,1.4205249596174738,0.0056931889780383604,0.0019074691044097497,12,1.6817398746332013,False,
458365820445288704,Mis V1395,458562083268100736,-10.435516058357265,0.006186480145895395,0.5600943633943779,1.186400920306456,0.006747397730738979,0.00252101774255214,12,1.6817398746332013,False,
458365957884212096,Gaia DR3 458365957884212096,458345307680360960,-8.918988854795462,0.01066895692090943,0.5152711783446128,1.170470328279924,0.011468919441942883,0.004235351089981476,12,1.12946495791262,False,
458365957884212096,Gaia DR3 458365957884212096,458357471028756864,-8.956942352985632,0.005332539576491359,1.0749032538793175,2.145082411479096,0.01122082134056773,0.004152106092872339,12,1.12946495791262,False,
458365957884212096,Gaia DR3 458365957884212096,458373375282357248,-9.834400262512716,0.008387064078278255,0.7353783385909807,0.9392556006913724,0.0074068950913696785,0.002724528311439352,12,1.12946495791262,False,
458365957884212096,Gaia DR3 458365957884212096,458374066782258560,-8.901500821740793,0.007263769226885716,0.6790769191477649,1.6495053551223575,0.011583236909489866,0.004273708325295755,12,1.12946495791262,False,
458365957884212096,Gaia DR3 458365957884212096,458377842048327296,-9.24535933201603,0.010521204664247469,0.5756903277514148,1.0369658578671996,0.009335469309425255,0.0035195090535872996,12,1.12946495791262,False,
458365957884212096,Gaia DR3 458365957884212096,458379903632621312,-10.126826729831462,0.004045564755026251,0.5927449086698559,1.5586912949271894,0.007057863195387917,0.0027325401642698606,12,1.12946495791262,False,
458365957884212096,Gaia DR3 458365957884212096,458560399640994176,-10.246757322100574,0.007663452612201469,0.45128621209416275,0.9452475626467747,0.006914717458992324,0.0027358260031473945,12,1.12946495791262,False,
458365957884212096,Gaia DR3 458365957884212096,458560532773928448,-10.23519228054049,0.008889707383145,0.4823100807404816,0.80402960943961,0.0069285211629451,0.0027355091460181213,12,1.12946495791262,False,
458366507639982208,Gaia DR3 458366507639982208,458346407194577920,-7.959464484693152,0.02032853777678252,0.5704139657292305,1.4071723420197455,0.02470583022126973,0.010094836187678615,12,0.8230445538979543,False,
458366507639982208,Gaia DR3 458366507639982208,458351148836990080,-7.653209645130568,0.01987900260643563,0.5222896389329584,0.9876384991486996,0.03074754131807114,0.011231201754982847,12,0.8230445538979543,False,
458366507639982208,Gaia DR3 458366507639982208,458355753041938944,-7.804791017245467,0.02168770672659874,0.5730044364689308,1.3184477206376604,0.02656044665101891,0.010309700995571205,12,0.8230445538979543,False,
458366507639982208,Gaia DR3 458366507639982208,458357367949572736,-8.171033625663405,0.031092314540221485,0.4324959594043405,0.7730219046407099,0.02216900466646625,0.009800934695840985,12,0.8230445538979543,False,
458366507639982208,Gaia DR3 458366507639982208,458361972155290752,-7.64932387433017,0.02068626565232142,0.339503774500456,1.0070083377063737,0.03088926249462061,0.011265140912255537,12,0.8230445538979543,False,
458366507639982208,Gaia DR3 458366507639982208,458366610719240064,-7.5842514025945285,0.03552804358443375,0.6754697146752107,1.1450977038135277,0.03326257469677428,0.011833497865303931,12,0.8230445538979543,False,
458366507639982208,Gaia DR3 458366507639982208,458380217175281280,-6.577431688580387,0.04130637677540775,1.4747468313091783,1.1425197943692356,0.04584144002599236,0.019208828062425767,6,0.8230445538979543,True,invNV
458366507639982208,Gaia DR3 458366507639982208,458558509855408256,-8.176621001208735,0.010208340740457325,0.5138548922947924,2.1427306891222657,0.02210200908760879,0.009793172987301172,12,0.8230445538979543,False,
458366748158164224,Gaia DR3 458366748158164224,458355890480894464,-8.975752218650774,0.009095503620372345,0.5707342434016529,1.3334594727309,0.011097863189641548,0.004110849626733901,12,0.6907422376609706,False,
458366748158164224,Gaia DR3 458366748158164224,458357471028756864,-8.956942352985632,0.009858029221357702,0.5207068069230651,1.2471392933643684,0.01122082134056773,0.004152106092872339,12,0.6907422376609706,False,
458366748158164224,Gaia DR3 458366748158164224,458369325138179968,-8.817508806907743,0.014685603644381116,0.5192518416771319,0.8308341266089098,0.012132284043599647,0.00445793152909463,12,0.6907422376609706,False,
458366748158164224,Gaia DR3 458366748158164224,458373340922619264,-8.733389391003744,0.017962619269834307,0.8385205367857981,0.9184815652489704,0.012860898312288696,0.004774939191277443,12,0.6907422376609706,False,
458366748158164224,Gaia DR3 458366748158164224,458374066782258560,-8.901500821740793,0.007679753096415346,0.37495999143945735,1.1196312103295583,0.011583236909489866,0.004273708325295755,12,0.6907422376609706,False,
458366748158164224,Gaia DR3 458366748158164224,458374994495145088,-8.383560010012008,0.013131174179872293,0.6159422198041234,1.1511606486413621,0.01891194892715522,0.008332869851701062,12,0.6907422376609706,False,
458366748158164224,Gaia DR3 458366748158164224,458375849183500160,-9.104841113607257,0.007062349488523517,0.5232808674952485,1.3735626393099687,0.01025402240356046,0.003827713547060026,12,0.6907422376609706,False,
458366748158164224,Gaia DR3 458366748158164224,458378082567513856,-8.88692132122503,0.017205868025350346,0.5528965553462123,0.7844302161578663,0.011678541599951726,0.0043056861543803405,12,0.6907422376609706,False,
458366919956849024,Gaia DR3 458366919956849024,458355890480894464,-8.975752218650774,0.009227023831483288,0.5383896732369056,1.4475837865335726,0.011097863189641548,0.004110849626733901,12,1.027292265060232,False,
458366919956849024,Gaia DR3 458366919956849024,458357471028756864,-8.956942352985632,0.009478393391383304,0.5819014351209028,1.253986090501177,0.01122082134056773,0.004152106092872339,12,1.027292265060232,False,
458366919956849024,Gaia DR3 458366919956849024,458366198403185152,-9.221806167325338,0.008781891904404957,0.4521481005287973,1.094202271203724,0.009489433916636356,0.0035711691961323533,12,1.027292265060232,False,
458366919956849024,Gaia DR3 458366919956849024,458373340922619264,-8.733389391003744,0.01816631969896659,0.851056837203449,0.9256357305217114,0.012860898312288696,0.004774939191277443,12,1.027292265060232,False,
458366919956849024,Gaia DR3 458366919956849024,458374066782258560,-8.901500821740793,0.006018588352248297,0.4394783528812773,1.2909626284130953,0.011583236909489866,0.004273708325295755,12,1.027292265060232,False,
458366919956849024,Gaia DR3 458366919956849024,458375131934087680,-8.858203333258556,0.016084144440728892,0.6970582757759314,0.8634675847217281,0.011866268123975851,0.0043686745201238835,12,1.027292265060232,False,
458366919956849024,Gaia DR3 458366919956849024,458378082567513856,-8.88692132122503,0.01642126936631894,0.5210440799359581,0.77927667162287,0.011678541599951726,0.0043056861543803405,12,1.027292265060232,False,
458366919956849024,Gaia DR3 458366919956849024,458533358526031744,-8.812636729058541,0.015636658235003563,0.3647469559503333,0.7910703401606014,0.01216413231376653,0.004468617661488542,12,1.027292265060232,False,
458367160475007744,ZTF J021922.80+565851.8,458309264304541440,-8.77000050342282,0.09449061945115814,0.6494112336375367,0.894407516589585,0.012366466414410441,0.004555671937227857,12,1.69926033657484,True,amplitude
458367160475007744,ZTF J021922.80+565851.8,458340634756388352,-6.647753479406004,0.08149222230152098,0.965767208836185,0.835761718630751,0.04808089011013794,0.023484866998233787,7,1.69926033657484,False,
458367160475007744,ZTF J021922.80+565851.8,458357917705352704,-7.994832223212481,0.08373578644367823,0.6974033833507801,0.9233245992909274,0.024213684550269312,0.009705205123159418,12,1.69926033657484,True,amplitude
458367160475007744,ZTF J021922.80+565851.8,458361972155290752,-7.64932387433017,0.03587096074501393,0.5583524445146758,1.6404699473225388,0.0308967492856331,0.0107849349152497,12,1.69926033657484,False,
458367160475007744,ZTF J021922.80+565851.8,458378293029981056,-8.178735293298363,0.04753603265723898,0.8931422600926637,1.07667877872711,0.0220055075613497,0.009593860727112309,12,1.69926033657484,False,
458367160475007744,ZTF J021922.80+565851.8,458380217175281280,-6.577431688580387,0.04124376295688107,1.5184604604335665,1.3240747898419225,0.04507143652048928,0.02020032607460477,6,1.69926033657484,False,
458367160475007744,ZTF J021922.80+565851.8,458458351219910528,-7.130967813825593,0.023100184890535853,0.7157069676166142,1.3878493240012424,0.04734219915302985,0.01776037715594066,11,1.69926033657484,False,
458367160475007744,ZTF J021922.80+565851.8,458559471928073728,-8.351223628247194,0.06909617937677434,0.5165731802110687,0.9436671972942572,0.01939747153341749,0.008548307398592747,12,1.69926033657484,True,amplitude
458367297913936896,ASASSN-V J021923.94+570015.9,458367916389221760,-10.545475671849399,0.012872876161062313,0.44604493271810297,0.8970285325198067,0.006655013180344955,0.0024003085268709855,12,0.9120678669431439,False,
458367297913936896,ASASSN-V J021923.94+570015.9,458367950748956800,-10.725801170666047,0.01026224587679548,0.4385979245218995,0.995420764787858,0.0064988806051008196,0.002195491743019624,12,0.9120678669431439,False,
458367297913936896,ASASSN-V J021923.94+570015.9,458374719617270272,-12.913261820951869,0.009274491850380597,0.5455081115067731,1.2607090091194677,0.004768226287891006,0.0017052982340215034,12,0.9120678669431439,False,
458367297913936896,ASASSN-V J021923.94+570015.9,458374719618168064,-10.922251039145863,0.005371956105745806,0.7410360216528673,1.4426436223365628,0.006149069871101166,0.002096424486600897,12,0.9120678669431439,False,
458367297913936896,ASASSN-V J021923.94+570015.9,458375338092496768,-11.083746525299428,0.005125572766997599,0.7884819701354432,1.352344762184043,0.0058407456922341255,0.002029312324864502,12,0.9120678669431439,False,
458367297913936896,ASASSN-V J021923.94+570015.9,458379736138948608,-10.235537537679775,0.009392647605519869,0.4590486855347898,1.0371971283976054,0.00692810907386496,0.002735518605317117,12,0.9120678669431439,False,
458367297913936896,ASASSN-V J021923.94+570015.9,458379770498587264,-10.900086158448058,0.003758062617387253,0.5767994227473412,1.5319163761700998,0.006191386649133824,0.002105635475054435,12,0.9120678669431439,False,
458367297913936896,ASASSN-V J021923.94+570015.9,458567512106671488,-10.909093609536885,0.0042983833153181425,0.4172759326038184,1.8911807090133157,0.006174189791024695,0.0021018922774660442,12,0.9120678669431439,False,
458367538432087040,Gaia DR3 458367538432087040,458354516091370240,-10.650154311596438,0.007838344903226628,0.6644000376940684,1.1114362089802483,0.006564378490830654,0.00228141273857915,12,1.505620443581154,False,
458367538432087040,Gaia DR3 458367538432087040,458356474596389888,-12.805394313806568,0.0028291360702667914,0.7416393190941163,1.9173955942960184,0.004720591355090255,0.0018369998242695998,12,1.505620443581154,False,
458367538432087040,Gaia DR3 458367538432087040,458363690135901312,-10.658643724957004,0.010052362875268953,0.3786589062541998,1.2262824485383557,0.006557028038570739,0.002271770317775069,12,1.505620443581154,False,
458367538432087040,Gaia DR3 458367538432087040,458371283643256320,-11.472451862338344,0.007507604646723555,0.6856208336175883,0.9823117692856266,0.005779485975693611,0.0018806662861885536,12,1.505620443581154,False,
458367538432087040,Gaia DR3 458367538432087040,458371661600617088,-12.578844356393166,0.003227583457397597,0.727752952457164,1.1284681574602564,0.005003386644642704,0.0019392991883185949,12,1.505620443581154,False,
458367538432087040,Gaia DR3 458367538432087040,458374719617270272,-12.913261820951869,0.008010716737804003,0.39434686596091745,0.8400877947501066,0.004768226287891006,0.0017052982340215034,12,1.505620443581154,False,
458367538432087040,Gaia DR3 458367538432087040,458377674554774016,-12.6841478801708,0.0013893158877723488,0.41110348680666925,2.0359022598866723,0.0048143462899411195,0.0019179713672454082,12,1.505620443581154,False,
458367538432087040,Gaia DR3 458367538432087040,458377708914487168,-11.559775854391221,0.006333745975576955,0.46900858467657347,1.214015925099234,0.0058800375921733905,0.0018494361533730231,12,1.505620443581154,False,
458367607151543808,Gaia DR3 458367607151543808,458362762428329472,-9.78432574873623,0.009150804811634253,0.484130410761366,1.0586580310137428,0.007463898399653851,0.002708009260217223,12,1.1728248908870804,False,
458367607151543808,Gaia DR3 458367607151543808,458371730320069120,-9.8802032707685,0.008242421566838022,0.7003513295614225,1.3333834432185896,0.007350030843355238,0.0027137547322106294,12,1.1728248908870804,False,
458367607151543808,Gaia DR3 458367607151543808,458373375282357248,-9.834400262512716,0.006947145759280523,0.9558066651382016,0.9998416391481239,0.007404428125540482,0.0027110099814539423,12,1.1728248908870804,False,
458367607151543808,Gaia DR3 458367607151543808,458374066782258560,-8.901500821740793,0.010865930988727143,0.8308293251190687,1.1106496525149718,0.011522915424652422,0.004270560110857488,12,1.1728248908870804,False,
458367607151543808,Gaia DR3 458367607151543808,458374376019938944,-9.128492739000414,0.008907867333619772,0.4770511207564318,1.048290766977742,0.01006791282481043,0.003778056950813443,12,1.1728248908870804,False,
458367607151543808,Gaia DR3 458367607151543808,458381385406372352,-9.868669180301849,0.007819328720244342,0.5014222076156661,1.2723618775074312,0.007363729139553618,0.002713063550457692,12,1.1728248908870804,False,
458367607151543808,Gaia DR3 458367607151543808,458453678295539456,-9.582020682847242,0.007850741697291844,2.16114282898324,1.1207569452886095,0.008104147702298855,0.002977565100287116,12,1.1728248908870804,True,invNV
458367607151543808,Gaia DR3 458367607151543808,458470132306043904,-9.419139990505919,0.013211106890114996,0.5774467583547038,0.785876406373869,0.008685434605843232,0.003240933734312462,12,1.1728248908870804,False,
458368672303396992,Gaia DR3 458368672303397632,458366713798434432,-11.511256388511033,0.0029573112305366863,0.5884890220199587,1.9151869884852415,0.0058241685164440735,0.0018667884219529954,12,0.7516949145694288,False,
458368672303396992,Gaia DR3 458368672303397632,458371283643256320,-11.472451862338344,0.001672417585168862,0.411353389487314,1.1938774888683539,0.005779485975693611,0.0018806662861885536,12,0.7516949145694288,False,
458368672303396992,Gaia DR3 458368672303397632,458372864185390336,-11.022871863102374,0.005277610835666306,0.6265737529309021,1.6234831423552945,0.005956966465227544,0.0020546098131864502,12,0.7516949145694288,False,
458368672303396992,Gaia DR3 458368672303397632,458372967270410112,-10.667071347206608,0.006514667298235989,0.5225061385389488,1.0058499163504213,0.006549731087370546,0.0022621980803710115,12,0.7516949145694288,False,
458368672303396992,Gaia DR3 458368672303397632,458376918640421888,-10.06479252270902,0.012327805693831042,0.5483988758504047,1.0033366070631644,0.007130806080429248,0.0027248162652459855,12,0.7516949145694288,False,
458368672303396992,Gaia DR3 458368672303397632,458377708914487168,-11.559775854391221,0.002671306439445239,0.5407850527238337,1.661340607176828,0.0058800375921733905,0.0018494361533730231,12,0.7516949145694288,False,
458368672303396992,Gaia DR3 458368672303397632,458379770498587264,-10.900086158448058,0.00562254499227752,0.3879876717607798,0.7900124087040413,0.006191386649133824,0.002105635475054435,12,0.7516949145694288,False,
458368672303396992,Gaia DR3 458368672303397632,458570054727255424,-10.802511861531485,0.006106767176898895,0.5142773892081055,1.1703053957430694,0.006377673682238414,0.002146184112988211,12,0.7516949145694288,False,
458368672303402112,Gaia DR3 458368672303402112,458356474596389888,-12.805394313806568,0.0033975760866674486,0.7818833158999665,1.5172706528355644,0.004720591355090255,0.001855318019005427,12,1.0415566587945035,False,
458368672303402112,Gaia DR3 458368672303402112,458371283643256320,-11.472451862338344,0.007757388454498622,0.6412504553718572,0.9924996155337058,0.005779485975693611,0.0018806662861885536,12,1.0415566587945035,False,
458368672303402112,Gaia DR3 458368672303402112,458371661600617088,-12.578844356393166,0.0031810598693068066,0.6074196135252742,1.2642957262739924,0.005003386644642704,0.0019528479015835146,12,1.0415566587945035,False,
458368672303402112,Gaia DR3 458368672303402112,458372864185390336,-11.022871863102374,0.008106059375675679,0.487692427814397,1.3128796023752984,0.005956966465227544,0.0020546098131864502,12,1.0415566587945035,False,
458368672303402112,Gaia DR3 458368672303402112,458374719617270272,-12.913261820951869,0.0063298510461552195,0.40155800640219336,0.9695230715292623,0.004768226287891006,0.001719172180600108,12,1.0415566587945035,False,
458368672303402112,Gaia DR3 458368672303402112,458374719617277184,-12.15870406488311,0.007549629556687844,0.5600576921156326,0.8319545382797428,0.0056859991853772975,0.0019649109056732433,12,1.0415566587945035,False,
458368672303402112,Gaia DR3 458368672303402112,458376918640421888,-10.06479252270902,0.019918027751040655,0.5657177845166034,0.9101359494761837,0.00712939339356093,0.0027168678287195825,12,1.0415566587945035,True,amplitude
458368672303402112,Gaia DR3 458368672303402112,458377674554774016,-12.6841478801708,0.0019311508934414985,0.40270549915984055,1.6949290782528723,0.0048143462899411195,0.0019358586900127,12,1.0415566587945035,False,
458368706663118848,ASASSN-V J021903.58+570521.3,458361216240219648,-11.000283657577475,0.007816447108143608,1.0627655261558069,0.9905195298718076,0.006000091447147608,0.002063996721382017,12,1.1556850743077929,False,
458368706663118848,ASASSN-V J021903.58+570521.3,458371283643256320,-11.472451862338344,0.003738417785771282,0.42734917122592714,1.1519550131963214,0.005779485975693611,0.0018806662861885536,12,1.1556850743077929,False,
458368706663118848,ASASSN-V J021903.58+570521.3,458372864185390336,-11.022871863102374,0.005420749188881006,0.7429898530397939,1.4046522765639038,0.005956966465227544,0.0020546098131864502,12,1.1556850743077929,False,
458368706663118848,ASASSN-V J021903.58+570521.3,458372967270410112,-10.667071347206608,0.0078018769090221025,0.5984883541281775,0.8509448615252037,0.006549358930440641,0.0022601041515595013,12,1.1556850743077929,False,
458368706663118848,ASASSN-V J021903.58+570521.3,458374925776076800,-10.606259751887341,0.006886125240386253,0.46290326562441186,0.9993120624585952,0.006601738986068208,0.002327639522616231,12,1.1556850743077929,False,
458368706663118848,ASASSN-V J021903.58+570521.3,458379152023300096,-11.186154607723678,0.006350267164711279,0.7682396499687477,1.367297571994445,0.005645230085731165,0.001986754926175136,12,1.1556850743077929,False,
458368706663118848,ASASSN-V J021903.58+570521.3,458532224657219328,-11.4694629410963,0.0040226771679255065,0.4400887903835474,0.8596994813690647,0.005776044299982812,0.0018817352296160103,12,1.1556850743077929,False,
458368706663118848,ASASSN-V J021903.58+570521.3,458569848568792960,-11.25817383646297,0.0062622275620368584,0.42326481909713926,0.826420770699908,0.005532749639306029,0.0019572996494856124,12,1.1556850743077929,False,
458368775382580096,Gaia DR3 458368775382580096,458353794536856448,-9.560733393214667,0.00789133925968826,0.3385897819727347,1.4016850138556056,0.008196029949820565,0.0030047925729788346,12,0.8775363968472718,False,
458368775382580096,Gaia DR3 458368775382580096,458361761687408128,-10.001423445893185,0.002457865490452041,0.3797556605662093,1.6671416809561865,0.007218794843840073,0.0027025680640319484,12,0.8775363968472718,False,
458368775382580096,Gaia DR3 458368775382580096,458363960710661376,-9.736173983773506,0.013013278847075472,0.5526366389083643,0.7985653336631807,0.0075789035764239855,0.0027170542223548225,12,0.8775363968472718,False,
458368775382580096,Gaia DR3 458368775382580096,458368427480032128,-9.422432361783178,0.01582791095159454,0.45063170194280877,0.7850494677238165,0.008682514939938608,0.0032316187056710293,12,0.8775363968472718,False,
458368775382580096,Gaia DR3 458368775382580096,458375063214603904,-9.991270248508277,0.004430878311026413,0.3581280854566628,1.938449944549015,0.007231373078859977,0.0027022373384361182,12,0.8775363968472718,False,
458368775382580096,Gaia DR3 458368775382580096,458376918640421888,-10.06479252270902,0.011323288626594982,0.3987999097941812,0.9136435407620277,0.007140290397312841,0.002704632219282026,12,0.8775363968472718,False,
458368775382580096,Gaia DR3 458368775382580096,458378082567513856,-8.88692132122503,0.01933979566418134,0.6544588281915463,0.7346698344133926,0.011616369021639187,0.004302193175869511,12,0.8775363968472718,False,
458368775382580096,Gaia DR3 458368775382580096,458453678295539456,-9.582020682847242,0.007888131860153923,1.3924478298674878,1.1475829505176638,0.00812115019817046,0.002969879503040903,12,0.8775363968472718,True,invNV
458369187699233408,Gaia DR3 458369187699233408,458342249663654400,-10.205289330573287,0.0038902681536350865,0.9779625589085656,1.3572538013137185,0.006966236668042307,0.002709208697876072,12,0.8860267827098969,False,
458369187699233408,Gaia DR3 458369187699233408,458345307680360960,-8.918988854795462,0.011337344039076352,0.6409224012782033,1.2187981639210308,0.01141081833384913,0.004232616418208168,12,0.8860267827098969,False,
458369187699233408,Gaia DR3 458369187699233408,458361761687408128,-10.001423445893185,0.004334275826604616,0.3071213427244788,1.2146106796821519,0.007218794843840073,0.0027025680640319484,12,0.8860267827098969,False,
458369187699233408,Gaia DR3 458369187699233408,458365884859401984,-10.046966646810574,0.0029516619474464355,0.385397429637408,2.6299569679456085,0.007162373889634145,0.00270405156737463,12,0.8860267827098969,False,
458369187699233408,Gaia DR3 458369187699233408,458374994495134464,-10.124939406513956,0.008629717116669574,0.3660117738964051,1.078220847621991,0.007065777747599372,0.0027065914162945144,12,0.8860267827098969,False,
458369187699233408,Gaia DR3 458369187699233408,458376918640421888,-10.06479252270902,0.009225162452481115,0.44630277281401715,0.8883029300220903,0.007140290397312841,0.002704632219282026,12,0.8860267827098969,False,
458369187699233408,Gaia DR3 458369187699233408,458551942839335680,-9.776099636143254,0.011932249484548392,0.3782051630264514,0.7870395143294429,0.007497936056915238,0.002695228469576211,12,0.8860267827098969,False,
458369187699233408,Gaia DR3 458369187699233408,458566820606044800,-9.885630202308977,0.007218075389136995,0.5878690950062493,1.0540035868359254,0.007362244692819087,0.0026987962680128518,12,0.8860267827098969,False,
458369222058970496,Gaia DR3 458369222058970496,458342249663654400,-10.205289330573287,0.0047298385118203085,0.7883983913208035,1.5259057083701506,0.006973708282090126,0.0027019311495287118,12,1.2115555909406206,False,
458369222058970496,Gaia DR3 458369222058970496,458357780266370304,-10.280647121950594,0.0058054576200627815,0.5850126456468866,1.4489755930344286,0.006892014070909138,0.002669900876495326,12,1.2115555909406206,False,
458369222058970496,Gaia DR3 458369222058970496,458366434615213184,-10.08552479491593,0.006617395252093148,0.7025708372256098,1.8930575258791575,0.007120112526115084,0.0026999443643809153,12,1.2115555909406206,False,
458369222058970496,Gaia DR3 458369222058970496,458373375282357248,-9.834400262512716,0.005977735950177602,0.6588062857544955,1.130836469950987,0.007427095700397991,0.0026957784358905864,12,1.2115555909406206,False,
458369222058970496,Gaia DR3 458369222058970496,458374066782258560,-8.901500821740793,0.013678017363488252,0.872009934003282,0.9429039220504222,0.011522915424652422,0.004270560110857488,12,1.2115555909406206,False,
458369222058970496,Gaia DR3 458369222058970496,458375063214603904,-9.991270248508277,0.0038289974933331883,0.45632837335059184,1.6862704501975394,0.007235332491165566,0.0026983807668444063,12,1.2115555909406206,False,
458369222058970496,Gaia DR3 458369222058970496,458379736138948608,-10.235537537679775,0.001250100698493527,0.7892193201710304,4.471933595409315,0.0069367318443639735,0.002702432939881731,12,1.2115555909406206,True,spike
458369222058970496,Gaia DR3 458369222058970496,458566820606044800,-9.885630202308977,0.00556155287276477,0.7145002344942285,1.1506189967643805,0.007364470478614692,0.0026966282941808645,12,1.2115555909406206,False,
458369496937210752,V0757 Per,458341906066461824,-12.462148837644637,0.0038725317700932624,0.9834304660803338,1.1032699207791001,0.005212877851251242,0.0019716750479719988,12,1.3159840932790776,False,
458369496937210752,V0757 Per,458344517406391040,-12.955247050613835,0.006323552783061058,0.3817047281864394,0.882689420556726,0.004786767215057125,0.001666180186585928,12,1.3159840932790776,False,
458369496937210752,V0757 Per,458371661600617088,-12.578844356393166,0.004714064314501229,0.5165151745988866,0.9018772802851458,0.005003386644642704,0.0019528479015835146,12,1.3159840932790776,False,
458369496937210752,V0757 Per,458377674554774016,-12.6841478801708,0.0023346183871569143,0.3595997697114724,1.9245125387006305,0.0048143462899411195,0.0019358586900127,12,1.3159840932790776,False,
458369496937210752,V0757 Per,458379014584350592,-13.827338781979803,0.006824850017408115,0.5618830309455701,0.8480938221012569,0.005599865843779864,0.0024650137080226312,12,1.3159840932790776,False,
458369496937210752,V0757 Per,458531709258674304,-12.197883105095173,0.0051024603706318365,0.8069131950187637,1.0792486173213955,0.005646400925440036,0.001982502052805856,12,1.3159840932790776,False,
458369496937210752,V0757 Per,458561361713638784,-12.656078595934797,0.006306669441448562,0.4109579961518301,1.0100796761551145,0.004864736127411311,0.0019403872659940107,12,1.3159840932790776,False,
458370218491377664,Gaia DR3 458370218491377664,458345307680360960,-8.918988854795462,0.011592638897042035,0.5690840469808479,1.1084257261429986,0.01141081833384913,0.004232616418208168,12,0.9171847030232558,False,
458370218491377664,Gaia DR3 458370218491377664,458355512523680640,-9.155516982491585,0.017836663619913744,0.547953332838606,0.773400211917742,0.009894689280055555,0.0037194225929125893,12,0.9171847030232558,False,
458370218491377664,Gaia DR3 458370218491377664,458366198403185152,-9.221806167325338,0.007708609864457406,0.46740854623414085,1.1338851563443069,0.009469780158008704,0.0035755952998463496,12,0.9171847030232558,False,
458370218491377664,Gaia DR3 458370218491377664,458375849183500160,-9.104841113607257,0.0064876508081722,0.637445016252954,1.4157366665155866,0.010219518119188257,0.003829373757098597,12,0.9171847030232558,False,
458370218491377664,Gaia DR3 458370218491377664,458378082567513856,-8.88692132122503,0.01691130203402157,0.4724601458243798,0.6990157436767521,0.011616369021639187,0.004302193175869511,12,0.9171847030232558,False,
458370218491377664,Gaia DR3 458370218491377664,458558441135935872,-8.728161974401406,0.010653044826514664,0.39948450599625285,1.4469034290926672,0.012872075859965566,0.0048155301084720084,12,0.9171847030232558,False,
458370218491377664,Gaia DR3 458370218491377664,458565313083438976,-8.795564761343693,0.010428631337297219,0.49908318747871555,1.16040657437505,0.012201958296115135,0.004500409019744033,12,0.9171847030232558,False,
458370218491377664,Gaia DR3 458370218491377664,458566790552259456,-9.07570975313458,0.019799628796872557,0.39214442576440345,0.7899447621921479,0.01040624813907791,0.0038925799155485738,12,0.9171847030232558,False,
458370252851116672,Gaia DR3 458370252851116672,458353416579769728,-9.624069231487361,0.0064405215738608124,0.5019812594254912,1.207597223360033,0.00797324104985872,0.002900916100710222,12,1.2716699706252799,False,
458370252851116672,Gaia DR3 458370252851116672,458370867021453312,-9.413343473703613,0.010397996265403237,1.0429232902454229,1.1952811377158121,0.008714485834022373,0.0032465252997305343,12,1.2716699706252799,False,
458370252851116672,Gaia DR3 458370252851116672,458374066782258560,-8.901500821740793,0.008569368467887112,0.543168865172166,1.433485795596266,0.011522915424652422,0.004270560110857488,12,1.2716699706252799,False,
458370252851116672,Gaia DR3 458370252851116672,458374376019938944,-9.128492739000414,0.011349288731353553,0.42685441805529345,0.9174352546835601,0.01006791282481043,0.003778056950813443,12,1.2716699706252799,False,
458370252851116672,Gaia DR3 458370252851116672,458377807688592768,-9.278556349557137,0.015943259030151848,0.461426689620296,0.8639004227743694,0.009188610372933862,0.003467588308374784,12,1.2716699706252799,False,
458370252851116672,Gaia DR3 458370252851116672,458378082567513856,-8.88692132122503,0.015197676434449418,0.7028032284249333,0.9257151730774867,0.011616369021639187,0.004302193175869511,12,1.2716699706252799,False,
458370252851116672,Gaia DR3 458370252851116672,458379358181844096,-9.283069893731392,0.006753332546520942,0.3656634487092679,1.386954131269728,0.00917273361865168,0.0034601856899041552,12,1.2716699706252799,False,
458370252851116672,Gaia DR3 458370252851116672,458563114060288768,-9.199572603393374,0.010347924008077202,0.7864611798764327,1.0436043079105422,0.009612295775812667,0.0036238353456934866,12,1.2716699706252799,False,
458370802606918912,Gaia DR3 458370802606918912,458366919956857216,-7.983734063796797,0.024824109127963703,0.36858172625618496,0.8830492942941995,0.024346943338334297,0.009711924520811653,12,1.170312075250024,False,
458370802606918912,Gaia DR3 458370802606918912,458368431785232512,-8.013242221034254,0.011721867682374919,0.37205435196691133,1.8096310152268096,0.02399263041812723,0.009694058761721643,12,1.170312075250024,False,
458370802606918912,Gaia DR3 458370802606918912,458369359498288256,-8.702174766265218,0.021036986884642304,0.7234523741561804,0.7916174541373652,0.013321955309130442,0.0050728784556330515,12,1.170312075250024,False,
458370802606918912,Gaia DR3 458370802606918912,458374994495145088,-8.383560010012008,0.013776663915188721,0.5586394920799628,1.0797652792031998,0.0188376779018699,0.008228083911839847,12,1.170312075250024,False,
458370802606918912,Gaia DR3 458370802606918912,458375131934098816,-7.928639145087972,0.008797703599925762,0.4026280027399632,2.0117072548043264,0.025008483853358923,0.009745281823906342,12,1.170312075250024,False,
458370802606918912,Gaia DR3 458370802606918912,458378327389715456,-8.655535941826857,0.016198885605949714,0.5474177296465602,1.3707230933094776,0.014129346720245867,0.005534737394840626,12,1.170312075250024,False,
458370802606918912,Gaia DR3 458370802606918912,458559952964393600,-8.29772229506892,0.025954795729336975,0.5801730516358495,0.9520963273053059,0.020323663765137487,0.009078124976232718,12,1.170312075250024,False,
458370802606918912,Gaia DR3 458370802606918912,458565313083438976,-8.795564761343693,0.008463201803021892,0.6108068511043988,1.5787134845153985,0.012201958296115135,0.004500409019744033,12,1.170312075250024,False,
458370940045865088,NSV 15470,458371661600617088,-12.578844356393166,0.005026864501060412,0.6415760303652684,0.8589399746680072,0.005003386644642704,0.0019528479015835146,12,1.2188652832351614,False,
458370940045865088,NSV 15470,458373826264109312,-12.012401790053119,0.004174037494322388,0.8820046179039593,1.8172170425110732,0.005833866909465831,0.0018992220876613611,12,1.2188652832351614,False,
458370940045865088,NSV 15470,458374719617277184,-12.15870406488311,0.005705637687835726,0.5311301163329839,0.9869899486813444,0.0056859991853772975,0.0019649109056732433,12,1.2188652832351614,False,
458370940045865088,NSV 15470,458377674554774016,-12.6841478801708,0.002713565791400428,0.34499242435113125,1.2784750112437726,0.0048143462899411195,0.0019358586900127,12,1.2188652832351614,False,
458370940045865088,NSV 15470,458377811993695232,-11.641033860520748,0.009896630425702184,0.42685440129526164,0.8569505818391978,0.005973604362040031,0.0018203754306083829,12,1.2188652832351614,False,
458370940045865088,NSV 15470,458379014584350592,-13.827338781979803,0.00924025329811444,0.5473566441291317,0.8479544372678623,0.005599865843779864,0.0024650137080226312,12,1.2188652832351614,False,
458370940045865088,NSV 15470,458379358181849856,-12.318035800875036,0.006858511807250274,0.6995340619741625,1.2406599689088451,0.005471588847908643,0.001994925617221338,12,1.2188652832351614,False,
458370940045865088,NSV 15470,458561361713638784,-12.656078595934797,0.007338163827288824,0.42242987237872,0.7521068726417687,0.004864736127411311,0.0019403872659940107,12,1.2188652832351614,False,
458371210618838400,Gaia DR3 458371210618838400,458343555333754240,-10.380379326897575,0.006805953221104446,0.3162603374590719,1.206103724115399,0.006804025515297881,0.002563253926615502,12,1.188521626704481,False,
458371210618838400,Gaia DR3 458371210618838400,458361761687408128,-10.001423445893185,0.005443320278563576,0.30439010746521583,1.1382358900974914,0.007222920877164687,0.0026985491991908957,12,1.188521626704481,False,
458371210618838400,Gaia DR3 458371210618838400,458362762428329472,-9.78432574873623,0.012243051038711181,0.5369296432729519,0.8399664608468338,0.007488308490095085,0.0026949477450712365,12,1.188521626704481,False,
458371210618838400,Gaia DR3 458371210618838400,458375063214603904,-9.991270248508277,0.005103193318855324,0.4285415741770281,1.1898120133111383,0.007235332491165566,0.0026983807668444063,12,1.188521626704481,False,
458371210618838400,Gaia DR3 458371210618838400,458376918640421888,-10.06479252270902,0.010212495344675512,0.435950009725387,0.8402409304527175,0.007145456361188735,0.002699600434767072,12,1.188521626704481,False,
458371210618838400,Gaia DR3 458371210618838400,458379736138948608,-10.235537537679775,0.00468253962747863,0.6261498491427413,1.34583567976899,0.0069367318443639735,0.002702432939881731,12,1.188521626704481,False,
458371210618838400,Gaia DR3 458371210618838400,458470132306043904,-9.419139990505919,0.007161303410898487,0.8485215618473649,1.2203743945804417,0.008694096120438163,0.0032370184907375464,12,1.188521626704481,False,
458371210618838400,Gaia DR3 458371210618838400,458566820606044800,-9.885630202308977,0.01004773692114956,0.5835068909748389,0.7557864612820037,0.007364470478614692,0.0026966282941808645,12,1.188521626704481,False,
458371283643254912,Gaia DR3 458371283643254912,458351114477243136,-9.430442048886452,0.02130878412198928,0.4450438072881646,0.8273353255455865,0.008654340221999395,0.0032184820982943153,12,1.1481317504494626,False,
458371283643254912,Gaia DR3 458371283643254912,458361422399500544,-10.44332351883314,0.007577336672162046,0.6122037522242947,0.8801951223306398,0.006748493116957021,0.0024959456174675518,12,1.1481317504494626,False,
458371283643254912,Gaia DR3 458371283643254912,458361761687408128,-10.001423445893185,0.005958538041499792,0.3001426303939288,1.0429896866041024,0.007222920877164687,0.0026985491991908957,12,1.1481317504494626,False,
458371283643254912,Gaia DR3 458371283643254912,458375063214603904,-9.991270248508277,0.004612657972185796,0.3521009440389996,1.5023034281546663,0.007235332491165566,0.0026983807668444063,12,1.1481317504494626,False,
458371283643254912,Gaia DR3 458371283643254912,458376918640421888,-10.06479252270902,0.010962500204234425,0.39258919924997976,1.0013733176853115,0.007145456361188735,0.002699600434767072,12,1.1481317504494626,False,
458371283643254912,Gaia DR3 458371283643254912,458377640195021184,-10.490428793420303,0.009039024640192895,0.5488353913168247,0.9234291642221341,0.00670693457451028,0.0024455743872250917,12,1.1481317504494626,False,
458371283643254912,Gaia DR3 458371283643254912,458379736138948608,-10.235537537679775,0.004770820993784816,1.1216048981828675,1.1840071531357128,0.0069367318443639735,0.002702432939881731,12,1.1481317504494626,False,
458371283643254912,Gaia DR3 458371283643254912,458566820606044800,-9.885630202308977,0.0065538275445337964,0.5914050286083942,1.0969995109797381,0.007364470478614692,0.0026966282941808645,12,1.1481317504494626,False,
458371558521435904,Gaia DR3 458371558521435904,458361216240219648,-11.000283657577475,0.009126686229265676,1.2399471596735436,1.2485340782784873,0.006000091447147608,0.002063996721382017,12,1.4051645395194787,False,
458371558521435904,Gaia DR3 458371558521435904,458366434615213184,-10.08552479491593,0.01306258471434524,0.4205786731783325,1.2341555736073135,0.007120112526115084,0.0026999443643809153,12,1.4051645395194787,False,
458371558521435904,Gaia DR3 458371558521435904,458371283643256320,-11.472451862338344,0.003908729466862419,0.8170646925421857,1.109285427950557,0.005779485975693611,0.0018806662861885536,12,1.4051645395194787,False,
458371558521435904,Gaia DR3 458371558521435904,458371661600617088,-12.578844356393166,0.004717457904096052,1.018508387314357,1.277650827444627,0.005003386644642704,0.0019528479015835146,12,1.4051645395194787,False,
458371558521435904,Gaia DR3 458371558521435904,458372864185390336,-11.022871863102374,0.006315997346152379,0.5162406461013895,1.3423649221382066,0.005956966465227544,0.0020546098131864502,12,1.4051645395194787,False,
458371558521435904,Gaia DR3 458371558521435904,458374719617277184,-12.15870406488311,0.004850998597682335,0.44607266734454454,1.1841289626905056,0.0056859991853772975,0.0019649109056732433,12,1.4051645395194787,False,
458371558521435904,Gaia DR3 458371558521435904,458377674554774016,-12.6841478801708,0.0034219786961506775,0.6229439411436652,1.0081009151970766,0.0048143462899411195,0.0019358586900127,12,1.4051645395194787,False,
458371558521435904,Gaia DR3 458371558521435904,458377708914487168,-11.559775854391221,0.00542480733128627,0.4368091741379755,0.8945685838767957,0.0058800375921733905,0.0018494361533730231,12,1.4051645395194787,False,
458371695960354816,Gaia DR3 458371695960354816,458361761687408128,-10.001423445893185,0.006705119490875086,0.3087502112160738,1.0666501404303008,0.007217293945526959,0.0027051194099244366,12,1.638171654842103,False,
458371695960354816,Gaia DR3 458371695960354816,458366434615213184,-10.08552479491593,0.009373739605204262,0.7459337893373277,1.3846898596920103,0.007116389364297049,0.0027089631025084774,12,1.638171654842103,False,
458371695960354816,Gaia DR3 458371695960354816,458373375282357248,-9.834400262512716,0.005596529411401072,0.6979867922231096,1.2810174344533356,0.007417687929339688,0.0026974859322361202,12,1.638171654842103,False,
458371695960354816,Gaia DR3 458371695960354816,458375063214603904,-9.991270248508277,0.004227768109587882,0.3461378981045182,1.4146810149944409,0.0072294757255123385,0.002704655377302533,12,1.638171654842103,False,
458371695960354816,Gaia DR3 458371695960354816,458381385406372352,-9.868669180301849,0.006683066176116186,0.5005770940325797,1.5012823350553357,0.00737657217033112,0.002699052128102177,12,1.638171654842103,False,
458371695960354816,Gaia DR3 458371695960354816,458453678295539456,-9.582020682847242,0.01073220300265146,2.000819504024291,0.9180623279565749,0.008113634373955235,0.0029693816489050418,12,1.638171654842103,True,invNV
458371695960354816,Gaia DR3 458371695960354816,458565313083438976,-8.795564761343693,0.012245680784974943,0.793265832016052,1.1605350486450208,0.012201958296115135,0.004500409019744033,12,1.638171654842103,False,
458371695960354816,Gaia DR3 458371695960354816,458566820606044800,-9.885630202308977,0.004837000729521973,0.47963048025758026,1.2592029339283688,0.007356222379956203,0.0026998272994313423,12,1.638171654842103,False,
458371695960355072,NSV 15475,458356474596389888,-12.805394313806568,0.006963995853352726,0.6706448505033483,1.078738175412347,0.004724654800645423,0.0018858702705582195,12,1.1028617220377916,False,
458371695960355072,NSV 15475,458371283643256320,-11.472451862338344,0.00578917569694753,0.6847101807370682,1.0059196658281713,0.005779485975693611,0.001877722385146502,12,1.1028617220377916,False,
458371695960355072,NSV 15475,458371661600617088,-12.578844356393166,0.004542862299849817,1.2326734013657517,0.8886735050985973,0.004994547139741672,0.0019578839748523864,12,1.1028617220377916,True,invNV
458371695960355072,NSV 15475,458372864185390336,-11.022871863102374,0.006497208957643178,0.45726336450762245,1.4201511800884796,0.005956966465227544,0.0020517155125116143,12,1.1028617220377916,False,
458371695960355072,NSV 15475,458374719617277184,-12.15870406488311,0.004567073393491396,0.49715944326712497,1.2870353474854428,0.005657714508260522,0.0019229760433799115,12,1.1028617220377916,False,
458371695960355072,NSV 15475,458377674554774016,-12.6841478801708,0.0021143671975892946,0.5998979075127898,1.2129647876379306,0.0048137568107665,0.0019589355842772687,12,1.1028617220377916,False,
458371695960355072,NSV 15475,458377708914487168,-11.559775854391221,0.005875507237799174,0.42466438777436477,1.0371138291567763,0.0058800375921733905,0.0018474184815370706,12,1.1028617220377916,False,
458371695960355072,NSV 15475,458454296770820992,-12.029515682984282,0.005508434049847382,0.6618446596310956,0.9834133451130057,0.005797225799705626,0.0018782265625460594,12,1.1028617220377916,False,
458371867759034112,Gaia DR3 458371867759034112,458341802987071104,-10.578540282810105,0.0027622089099552157,0.6490825792477251,1.912789505277094,0.0066291983739691735,0.002356088634811476,12,0.9511041977030396,False,
458371867759034112,Gaia DR3 458371867759034112,458362762428329472,-9.78432574873623,0.011963336370982028,0.4540523551034388,0.8482708402529286,0.007477767201570402,0.0026951973715948385,12,0.9511041977030396,False,
458371867759034112,Gaia DR3 458371867759034112,458372967270410112,-10.667071347206608,0.00392816546437625,0.5036075687775144,1.0155106841102275,0.006551092004144936,0.0022589746907692226,12,0.9511041977030396,False,
458371867759034112,Gaia DR3 458371867759034112,458374925776076800,-10.606259751887341,0.0029392810042517914,0.5020437601127445,1.484008481060756,0.00660474292301716,0.0023256818280346894,12,0.9511041977030396,False,
458371867759034112,Gaia DR3 458371867759034112,458376918640421888,-10.06479252270902,0.010160873885903327,0.5258327460170491,0.9892682019664014,0.007141263890916318,0.002708015573344463,12,0.9511041977030396,False,
458371867759034112,Gaia DR3 458371867759034112,458558578574886784,-10.876061518630484,0.004442555135395049,0.6122947777638177,1.2829415387514551,0.0062372540446923985,0.0021142822067612703,12,0.9511041977030396,False,
458371867759034112,Gaia DR3 458371867759034112,458566893631456384,-10.687167981937495,0.0065897847059778305,0.40260088617404804,0.8607151085999191,0.006533361784868646,0.002236929734301151,12,0.9511041977030396,False,
458371867759034112,Gaia DR3 458371867759034112,458570054727255424,-10.802511861531485,0.008170202965449198,0.6012228726965556,0.8388590298551626,0.006377673682238414,0.002145627129521541,12,0.9511041977030396,False,
458371966533076608,Gaia DR3 458371966533076608,458342249663654400,-10.205289330573287,0.0067022059515830425,1.0729138913240999,1.120137018207361,0.006980167797948535,0.002716741388972006,12,0.9620834273988366,True,invNV
458371966533076608,Gaia DR3 458371966533076608,458361216240219648,-11.000283657577475,0.006900627411752514,0.9622077721676529,1.1462650612378908,0.006000091447147608,0.002063996721382017,12,0.9620834273988366,False,
458371966533076608,Gaia DR3 458371966533076608,458371283643256320,-11.472451862338344,0.0020381030517560975,0.45473812507412587,2.0991242760785593,0.005779485975693611,0.0018806662861885536,12,0.9620834273988366,False,
458371966533076608,Gaia DR3 458371966533076608,458372864185390336,-11.022871863102374,0.006207207125851498,0.6681636207073567,1.3354176036383676,0.005956966465227544,0.0020546098131864502,12,0.9620834273988366,False,
458371966533076608,Gaia DR3 458371966533076608,458376918640421888,-10.06479252270902,0.013038208550278001,0.5131061941675719,0.858695249298841,0.007146429854792211,0.0027096090537927133,12,0.9620834273988366,False,
458371966533076608,Gaia DR3 458371966533076608,458532224657219328,-11.4694629410963,0.00418530913754187,0.43739740821394985,0.8802154481694665,0.005776044299982812,0.0018817352296160103,12,0.9620834273988366,False,
458371966533076608,Gaia DR3 458371966533076608,458569848568792960,-11.25817383646297,0.005898528634063323,0.4051289351290963,0.825554240860192,0.005532749639306029,0.0019572996494856124,12,0.9620834273988366,False,
458371966533076608,Gaia DR3 458371966533076608,458570054727255424,-10.802511861531485,0.00665480974738653,0.5193780074535076,1.1538385190561125,0.006377673682238414,0.002146184112988211,12,0.9620834273988366,False,
458372005197935872,Gaia DR3 458372005197935872,458361761687408128,-10.001423445893185,0.0036163149886747543,0.32888489823030304,1.8102622794177499,0.007221419978851573,0.002706392115965275,12,1.3869265402727304,False,
458372005197935872,Gaia DR3 458372005197935872,458362762428329472,-9.78432574873623,0.013368068255233739,0.6109596856175589,0.7300966341808967,0.007478330510941471,0.0026953711286110855,12,1.3869265402727304,False,
458372005197935872,Gaia DR3 458372005197935872,458374066782258560,-8.901500821740793,0.014741048089879104,0.8256201500342892,0.8463930349422424,0.011522915424652422,0.004270560110857488,12,1.3869265402727304,False,
458372005197935872,Gaia DR3 458372005197935872,458375063214603904,-9.991270248508277,0.0024291735848284025,0.4468918084262491,2.8812881160178385,0.007233435137817928,0.002705876687835686,12,1.3869265402727304,False,
458372005197935872,Gaia DR3 458372005197935872,458379736138948608,-10.235537537679775,0.0039355807100098185,0.689324296441493,1.3063587596453297,0.006944372471308681,0.0027182769423766398,12,1.3869265402727304,False,
458372005197935872,Gaia DR3 458372005197935872,458381385406372352,-9.868669180301849,0.007683835931315427,0.42958842768198385,1.2492402203619368,0.007378519613978592,0.002699652831756106,12,1.3869265402727304,False,
458372005197935872,Gaia DR3 458372005197935872,458566820606044800,-9.885630202308977,0.0072442588223074035,0.7033451962391322,0.965842282390161,0.007358448165751807,0.0027005138598162957,12,1.3869265402727304,False,
458372005197935872,Gaia DR3 458372005197935872,458570089087001856,-9.51343469269466,0.004581617482297277,0.6655092610869284,1.8861516893080892,0.00835644365960954,0.003081971684989669,12,1.3869265402727304,False,
458372554953555968,Gaia DR3 458372554953555968,458365854804618112,-9.967499258097863,0.0030995067725059534,0.6710999021967943,2.06309924202571,0.007261565412227187,0.002704669951015625,12,1.2030435175884828,False,
458372554953555968,Gaia DR3 458372554953555968,458371730320069120,-9.8802032707685,0.006630256134252897,0.7648861529713477,1.7880049267427263,0.00736487032447545,0.0027002383610677467,12,1.2030435175884828,False,
458372554953555968,Gaia DR3 458372554953555968,458373375282357248,-9.834400262512716,0.005958769876314048,0.881011891156871,1.1141524755497434,0.0074190729962513935,0.0026979131665521828,12,1.2030435175884828,False,
458372554953555968,Gaia DR3 458372554953555968,458378082567513856,-8.88692132122503,0.014045420128265146,0.6946608058396956,1.033583897312639,0.011616369021639187,0.004302193175869511,12,1.2030435175884828,False,
458372554953555968,Gaia DR3 458372554953555968,458381385406372352,-9.868669180301849,0.01082119681966591,0.4171723982221892,0.9078978637382855,0.007378519613978592,0.002699652831756106,12,1.2030435175884828,False,
458372554953555968,Gaia DR3 458372554953555968,458470132306043904,-9.419139990505919,0.01272819294803584,0.5875380950840271,0.7305578739412766,0.008690267363670645,0.003236764870863354,12,1.2030435175884828,False,
458372554953555968,Gaia DR3 458372554953555968,458551942839335680,-9.776099636143254,0.005258916592899385,0.3163249181053664,1.410747113413768,0.007488065183353793,0.0026949535291429724,12,1.2030435175884828,False,
458372554953555968,Gaia DR3 458372554953555968,458570089087001856,-9.51343469269466,0.004045690701047345,0.6832566191932445,2.2606116723726895,0.00835644365960954,0.003081971684989669,12,1.2030435175884828,False,
458372619368098688,Gaia DR3 458372619368098688,458361761687408128,-10.001423445893185,0.004976329914558361,0.3407483908883833,1.3429929502286484,0.007221419978851573,0.002706392115965275,12,1.434608276666938,False,
458372619368098688,Gaia DR3 458372619368098688,458375063214603904,-9.991270248508277,0.0024733847209566354,0.5016917447926497,2.708007474003437,0.007233435137817928,0.002705876687835686,12,1.434608276666938,False,
458372619368098688,Gaia DR3 458372619368098688,458377605835304576,-10.342696272237248,0.007738501491762733,0.5432091948208754,1.0712218261406372,0.006843955458414438,0.0026168589430147216,12,1.434608276666938,False,
458372619368098688,Gaia DR3 458372619368098688,458379736138948608,-10.235537537679775,0.003445049495555164,0.8473353219539864,1.403119611932863,0.006944372471308681,0.0027182769423766398,12,1.434608276666938,False,
458372619368098688,Gaia DR3 458372619368098688,458470132306043904,-9.419139990505919,0.010191342258703934,0.8191370243833392,0.9552342494878633,0.008690267363670645,0.003236764870863354,12,1.434608276666938,False,
458372619368098688,Gaia DR3 458372619368098688,458551942839335680,-9.776099636143254,0.009161234610912007,0.3993903733916012,1.0011737329062627,0.007488065183353793,0.0026949535291429724,12,1.434608276666938,False,
458372619368098688,Gaia DR3 458372619368098688,458566820606044800,-9.885630202308977,0.008569418877696047,0.6777623008867645,0.8196679342398487,0.007358448165751807,0.0027005138598162957,12,1.434608276666938,False,
458372619368098688,Gaia DR3 458372619368098688,458570089087001856,-9.51343469269466,0.004975589938471038,0.641861943902133,1.4841620165232325,0.00835644365960954,0.003081971684989669,12,1.434608276666938,False,
458372756807052032,Gaia DR3 458372756807052032,458362762428329472,-9.78432574873623,0.007341928334277473,0.46359494719604827,0.9243308889095844,0.007478330510941471,0.0026953711286110855,12,0.8171918115108973,False,
458372756807052032,Gaia DR3 458372756807052032,458370867021453312,-9.413343473703613,0.009268144167893552,0.7246728366808654,1.0920041668391152,0.008710788290771354,0.0032462803715433745,12,0.8171918115108973,False,
458372756807052032,Gaia DR3 458372756807052032,458379358181844096,-9.283069893731392,0.008158675245947388,0.3274427700121914,1.0965025450819452,0.009171985028214574,0.0034601361026819813,12,0.8171918115108973,False,
458372756807052032,Gaia DR3 458372756807052032,458470132306043904,-9.419139990505919,0.011288672080905424,0.5491274678416049,1.000589783735928,0.008690267363670645,0.003236764870863354,12,0.8171918115108973,False,
458372756807052032,Gaia DR3 458372756807052032,458551942839335680,-9.776099636143254,0.0021480947620541673,0.3547510154448842,1.752355293687669,0.007488065183353793,0.0026949535291429724,12,0.8171918115108973,False,
458372756807052032,Gaia DR3 458372756807052032,458565897199040128,-9.477392486795802,0.006240921250408425,0.4542828380880438,1.299939140583167,0.00848404088825985,0.0031411381890190503,12,0.8171918115108973,False,
458372756807052032,Gaia DR3 458372756807052032,458570089087001856,-9.51343469269466,0.00624435484768084,0.5015435134716472,1.3207701881579064,0.00835644365960954,0.003081971684989669,12,0.8171918115108973,False,
458372756807052032,Gaia DR3 458372756807052032,458573765571034880,-10.315747749473363,0.00588597665755811,0.46868355875036827,1.0127633682860846,0.006868172987360394,0.0026465564755180975,12,0.8171918115108973,False,
458372795471717888,V0611 Per,458341906066461824,-12.462148837644637,0.004416118508444392,0.585745445940225,0.9451149431589246,0.005194895812489087,0.0019567185997257514,12,1.465563308285847,False,
458372795471717888,V0611 Per,458371283643256320,-11.472451862338344,0.005941341362250426,0.7342252181686698,1.1819485114939587,0.005779485975693611,0.0018806662861885536,12,1.465563308285847,False,
458372795471717888,V0611 Per,458371661600617088,-12.578844356393166,0.004469187929445403,0.7827216980201596,0.8217877091019524,0.004994547139741672,0.0019578839748523864,12,1.465563308285847,False,
458372795471717888,V0611 Per,458374719617277184,-12.15870406488311,0.005712604226836125,0.5047067913886483,1.1686935161133951,0.005657714508260522,0.0019229760433799115,12,1.465563308285847,False,
458372795471717888,V0611 Per,458377674554774016,-12.6841478801708,0.0019974495375178884,0.39372095674917607,1.8651860805260319,0.0048137568107665,0.0019589355842772687,12,1.465563308285847,False,
458372795471717888,V0611 Per,458377708914487168,-11.559775854391221,0.007388306540528429,0.43312051978370264,0.9970320723040343,0.0058800375921733905,0.0018494361533730231,12,1.465563308285847,False,
458372795471717888,V0611 Per,458378224310529664,-11.461349449612413,0.005652735033841805,1.2216968668139936,1.3265756500319694,0.005766701796681936,0.001884636899714716,12,1.465563308285847,False,
458372795471717888,V0611 Per,458379014584350592,-13.827338781979803,0.009183228714211681,0.5597343306909669,0.750576139965877,0.005599865843779864,0.0024650137080226312,12,1.465563308285847,False,
458372829831645568,Gaia DR3 458372829831645568,458366198403185152,-9.221806167325338,0.00871603474129056,0.455370539202421,0.9185719276039545,0.009469780158008704,0.0035755952998463496,12,1.0895504953832806,False,
458372829831645568,Gaia DR3 458372829831645568,458369359498288256,-8.702174766265218,0.013004706398891003,0.9138389974931435,1.2063793385032267,0.013321955309130442,0.0050728784556330515,12,1.0895504953832806,False,
458372829831645568,Gaia DR3 458372829831645568,458374066782258560,-8.901500821740793,0.008984386423981023,0.5054976572225589,0.907052503735204,0.011522915424652422,0.004270560110857488,12,1.0895504953832806,False,
458372829831645568,Gaia DR3 458372829831645568,458374376019938944,-9.128492739000414,0.010579137916260096,0.6422971129298795,1.170188243754902,0.01006791282481043,0.003778056950813443,12,1.0895504953832806,False,
458372829831645568,Gaia DR3 458372829831645568,458375849183500160,-9.104841113607257,0.011149778128698962,0.5392291411446206,1.0821710572270342,0.010219518119188257,0.003829373757098597,12,1.0895504953832806,False,
458372829831645568,Gaia DR3 458372829831645568,458378082567513856,-8.88692132122503,0.015484444819781005,0.531337683706694,0.7772599905630736,0.011616369021639187,0.004302193175869511,12,1.0895504953832806,False,
458372829831645568,Gaia DR3 458372829831645568,458563114060288768,-9.199572603393374,0.008108333997596362,0.41100914613186224,1.104257003091968,0.009612295775812667,0.0036238353456934866,12,1.0895504953832806,False,
458372829831645568,Gaia DR3 458372829831645568,458663886868078720,-9.208352205008254,0.009918971488467545,0.7174091436476417,1.3532639609584964,0.009556019132443838,0.003604786290592946,12,1.0895504953832806,False,
458372932910674688,Gaia DR3 458372932910674688,458370867021453312,-9.413343473703613,0.010739040306720233,0.7611358944099983,1.0114349291843232,0.008710788290771354,0.0032462803715433745,12,1.4589775454538287,False,
458372932910674688,Gaia DR3 458372932910674688,458378082567513856,-8.88692132122503,0.017446924923120787,0.7224438760317641,0.8535860933813669,0.011616369021639187,0.004302193175869511,12,1.4589775454538287,False,
458372932910674688,Gaia DR3 458372932910674688,458470132306043904,-9.419139990505919,0.01152205881168589,0.5548834697640842,0.9319612733337808,0.008690267363670645,0.003236764870863354,12,1.4589775454538287,False,
458372932910674688,Gaia DR3 458372932910674688,458551942839335680,-9.776099636143254,0.005348413208784818,0.38628471346266635,0.8802305007455437,0.007488065183353793,0.0026949535291429724,12,1.4589775454538287,False,
458372932910674688,Gaia DR3 458372932910674688,458565897199040128,-9.477392486795802,0.008671515081487719,0.4058538010608458,0.9872865308062,0.00848404088825985,0.0031411381890190503,12,1.4589775454538287,False,
458372932910674688,Gaia DR3 458372932910674688,458566820606044800,-9.885630202308977,0.005669156478988741,0.6973970534552691,1.568082339177368,0.007358448165751807,0.0027005138598162957,12,1.4589775454538287,False,
458372932910674688,Gaia DR3 458372932910674688,458570089087001856,-9.51343469269466,0.006233530677043696,0.6377667701847458,1.4135540330109722,0.00835644365960954,0.003081971684989669,12,1.4589775454538287,False,
458372932910674688,Gaia DR3 458372932910674688,458573765571034880,-10.315747749473363,0.004387992707558012,0.3662304894919961,1.2284767992738392,0.006868172987360394,0.0026465564755180975,12,1.4589775454538287,False,
458373035989882880,Gaia DR3 458373035989882880,458371661600617088,-12.578844356393166,0.0030578530727268976,0.7170630718692865,1.5475339635634968,0.004994547139741672,0.0019578839748523864,12,1.6505596262509628,False,
458373035989882880,Gaia DR3 458373035989882880,458374719617270272,-12.913261820951869,0.006851878662860205,0.39345368393376323,1.0058710571945233,0.004771303885185417,0.001742312032098165,12,1.6505596262509628,False,
458373035989882880,Gaia DR3 458373035989882880,458374719617277184,-12.15870406488311,0.006411990355325223,0.5768603128928543,0.8759172717530849,0.005657714508260522,0.0019229760433799115,12,1.6505596262509628,False,
458373035989882880,Gaia DR3 458373035989882880,458374788336736512,-10.960227639274535,0.005367616573704297,0.3180998053071152,1.1677281202624221,0.006076565652378293,0.002080642672565486,12,1.6505596262509628,False,
458373035989882880,Gaia DR3 458373035989882880,458374822697357696,-11.512931306761221,0.012965680561104533,0.6415174341111529,0.9044563808477892,0.0058260971472082965,0.0018661894122400993,12,1.6505596262509628,False,
458373035989882880,Gaia DR3 458373035989882880,458377674554774016,-12.6841478801708,0.003317544739773967,0.4038470618740953,0.9862527921920097,0.0048137568107665,0.0019589355842772687,12,1.6505596262509628,False,
458373035989882880,Gaia DR3 458373035989882880,458379152023300096,-11.186154607723678,0.006046844437384914,0.8821380997222442,1.178281344289008,0.005645230085731165,0.001986754926175136,12,1.6505596262509628,False,
458373035989882880,Gaia DR3 458373035989882880,458573112743932928,-10.69973049622332,0.005527625542127756,0.7550493482386818,1.3672811033779346,0.006523103487052676,0.002223403777974881,12,1.6505596262509628,False,
458373173429834368,Gaia DR3 458373173429834368,458355512523680640,-9.155516982491585,0.01419063934652309,0.5507252002732559,0.9878354418847394,0.009894689280055555,0.0037194225929125893,12,1.1181115218077382,False,
458373173429834368,Gaia DR3 458373173429834368,458361388038927744,-8.238161228911839,0.017922999867361428,0.5646010358787257,0.8956053132482876,0.02129196328226064,0.009557881203185237,12,1.1181115218077382,False,
458373173429834368,Gaia DR3 458373173429834368,458369325138179968,-8.817508806907743,0.0129907474756514,0.5272733383682254,0.871411707806,0.012061298471165398,0.004452797140365597,12,1.1181115218077382,False,
458373173429834368,Gaia DR3 458373173429834368,458374066782258560,-8.901500821740793,0.010838031029716562,0.4180676256730468,0.8660826659661061,0.011522915424652422,0.004270560110857488,12,1.1181115218077382,False,
458373173429834368,Gaia DR3 458373173429834368,458374376019938944,-9.128492739000414,0.010927825811528175,0.8257295665130233,1.2252873554883013,0.01006791282481043,0.003778056950813443,12,1.1181115218077382,False,
458373173429834368,Gaia DR3 458373173429834368,458378082567513856,-8.88692132122503,0.01239818517053008,0.46462530581719447,0.9246250871734977,0.011616369021639187,0.004302193175869511,12,1.1181115218077382,False,
458373173429834368,Gaia DR3 458373173429834368,458378877145977600,-8.327263856710488,0.02037384426446307,0.7179388827933199,0.8501004633674717,0.019812252866008562,0.008785578273209754,12,1.1181115218077382,False,
458373173429834368,Gaia DR3 458373173429834368,458563114060288768,-9.199572603393374,0.009594836900251936,0.3830953069441789,0.8589274222421956,0.009612295775812667,0.0036238353456934866,12,1.1181115218077382,False,
458373620106025344,BD+56 534,458359047268079104,-11.126754341992626,0.010218047423388606,0.9306805405317093,0.8623501507084415,0.005758635968410729,0.002011439704281791,12,1.9894632969038493,False,
458373620106025344,BD+56 534,458371695960360576,-11.172632630901083,0.004243316997135626,0.6547609078353555,1.5503737739987289,0.005671045992415524,0.001992374210757808,12,1.9894632969038493,False,
458373620106025344,BD+56 534,458374857056235520,-11.49114706315514,0.004842101835036739,0.5270791078817825,1.1468309589678043,0.005801013079738563,0.0018739802244225271,12,1.9894632969038493,False,
458373620106025344,BD+56 534,458379255102654464,-10.74510665083409,0.008819066120164979,1.6562270850036278,1.0184385482625458,0.006482325803341745,0.002173398817100457,12,1.9894632969038493,False,
458373963703027200,Gaia DR3 458373963703027200,458359047268079104,-11.126754341992626,0.006840465769237865,0.7268814416091522,0.8359482544204164,0.005758635968410729,0.002011439704281791,12,1.070824980708734,False,
458373963703027200,Gaia DR3 458373963703027200,458365854804618112,-9.967499258097863,0.011037282384254563,0.8478274086654767,1.130394217325506,0.007261565412227187,0.002704669951015625,12,1.070824980708734,False,
458373963703027200,Gaia DR3 458373963703027200,458367950748956800,-10.725801170666047,0.009796143317223316,0.5329409571229473,0.7932313978196739,0.006499674844284789,0.002194673642804525,12,1.070824980708734,False,
458373963703027200,Gaia DR3 458373963703027200,458373375282357248,-9.834400262512716,0.0077886128652416365,0.5803741011847087,1.0799133168514539,0.0074190729962513935,0.0026979131665521828,12,1.070824980708734,False,
458373963703027200,Gaia DR3 458373963703027200,458374857056235520,-11.49114706315514,0.003769083867439041,0.59576285159212,1.78879703098968,0.005801013079738563,0.0018739802244225271,12,1.070824980708734,False,
458373963703027200,Gaia DR3 458373963703027200,458379770498587264,-10.900086158448058,0.005262106934938531,0.7568181846794128,1.3749360416111285,0.006191386649133824,0.002105635475054435,12,1.070824980708734,False,
458373963703027200,Gaia DR3 458373963703027200,458406090055982336,-12.28097228758987,0.005616657378175149,0.6532089505680495,1.260207521145131,0.005505948728022623,0.001954909287361166,12,1.070824980708734,False,
458373963703027200,Gaia DR3 458373963703027200,458460855172912640,-11.35436634065421,0.0039755549038128545,0.6196057822389305,1.1011968576609497,0.005643513148420574,0.0019228978246133388,12,1.070824980708734,False,
458374101142359424,Gaia22avy,458367916389221760,-10.545475671849399,0.006468035754251077,0.47370375129505704,1.1302011770243867,0.006661725952820456,0.002393394085079447,12,1.0918554941214693,False,
458374101142359424,Gaia22avy,458367950748956800,-10.725801170666047,0.005583335825224612,0.8034570427655917,0.9678579798802323,0.006499674844284789,0.002194673642804525,12,1.0918554941214693,False,
458374101142359424,Gaia22avy,458373375282357248,-9.834400262512716,0.00723961686573093,0.8040685899359443,0.9796774280123213,0.0074190729962513935,0.0026979131665521828,12,1.0918554941214693,False,
458374101142359424,Gaia22avy,458375063214603904,-9.991270248508277,0.004665321130274195,0.555310875096604,1.8048239800471486,0.007233435137817928,0.002705876687835686,12,1.0918554941214693,False,
458374101142359424,Gaia22avy,458379736138948608,-10.235537537679775,0.004817453439594756,0.6509038465592241,0.9406545181962443,0.006944372471308681,0.0027182769423766398,12,1.0918554941214693,False,
458374101142359424,Gaia22avy,458379770498587264,-10.900086158448058,0.005913286030919942,0.3308901569339424,1.0491781568248348,0.006191386649133824,0.002105635475054435,12,1.0918554941214693,False,
458374101142359424,Gaia22avy,458381385406372352,-9.868669180301849,0.011010489990263994,0.5131946849886572,0.9633893890704204,0.007378519613978592,0.002699652831756106,12,1.0918554941214693,False,
458374101142359424,Gaia22avy,458570089087001856,-9.51343469269466,0.0064254616882441825,0.4628523312361358,1.0669420294591088,0.00835644365960954,0.003081971684989669,12,1.0918554941214693,False,
458374135501713280,ZTF J021932.01+570718.5,458374066782258560,-8.901500821740793,0.007783376316099549,0.5966986075832198,1.13219100737402,0.011522915424652422,0.004270560110857488,12,1.8105948007276944,False,
458374135501713280,ZTF J021932.01+570718.5,458377842048327296,-9.24535933201603,0.010514451944540615,0.6899446688149283,0.9817358435228942,0.009318805989971408,0.0035244921232255905,12,1.8105948007276944,False,
458374135501713280,ZTF J021932.01+570718.5,458379358181844096,-9.283069893731392,0.0073976774361220665,0.37467883110508715,1.4751633842943812,0.009171985028214574,0.0034601361026819813,12,1.8105948007276944,False,
458374135501713280,ZTF J021932.01+570718.5,458453506490773120,-9.89779662917168,0.004700073011546376,0.37115987190609495,1.7247341411858665,0.007344050577754041,0.002701131489751368,12,1.8105948007276944,False,
458374135501713280,ZTF J021932.01+570718.5,458455877318750720,-9.224849844514827,0.014144688662364978,1.385501351968483,1.031221285791478,0.009450270396263663,0.0035689914495768155,12,1.8105948007276944,False,
458374135501713280,ZTF J021932.01+570718.5,458459141493858304,-8.899936593886906,0.011638492540013102,0.7683417051678644,0.9209176931622294,0.011532942017764758,0.004273954007743196,12,1.8105948007276944,False,
458374135501713280,ZTF J021932.01+570718.5,458473710022818176,-8.824713494355354,0.008265440955780754,0.35061031697847894,1.206175843989126,0.01201511691944374,0.00443716516818828,12,1.8105948007276944,False,
458374135501713280,ZTF J021932.01+570718.5,458570089087001856,-9.51343469269466,0.009127530283007163,0.7038054457776339,1.3544080745198523,0.00835644365960954,0.003081971684989669,12,1.8105948007276944,False,
458374406074502272,Gaia DR3 458374406074502272,458367916389221760,-10.545475671849399,0.004901935720237471,0.6050349432575778,1.132809448290564,0.006661725952820456,0.002393394085079447,12,0.7940270390406751,False,
458374406074502272,Gaia DR3 458374406074502272,458367950748956800,-10.725801170666047,0.00569345811155928,0.5417104988929451,1.0606689678145576,0.006499674844284789,0.002194673642804525,12,0.7940270390406751,False,
458374406074502272,Gaia DR3 458374406074502272,458374925776076800,-10.606259751887341,0.0029290686538807884,0.5691103408047046,1.8138584135454447,0.006607101800295666,0.0023264094414894914,12,0.7940270390406751,False,
458374406074502272,Gaia DR3 458374406074502272,458375063214603904,-9.991270248508277,0.007501696921255848,0.5862593512625233,1.0808754715021054,0.007233435137817928,0.002705876687835686,12,0.7940270390406751,False,
458374406074502272,Gaia DR3 458374406074502272,458376918640421888,-10.06479252270902,0.011769841315332034,0.5284427568004455,0.8993953215389913,0.007146429854792211,0.0027096090537927133,12,0.7940270390406751,False,
458374406074502272,Gaia DR3 458374406074502272,458379770498587264,-10.900086158448058,0.00721655900096292,0.32963797018241253,0.8616744879741612,0.006191386649133824,0.002105635475054435,12,0.7940270390406751,False,
458374406074502272,Gaia DR3 458374406074502272,458566893631456384,-10.687167981937495,0.005291824119195927,0.37809650954233576,0.9470013543146687,0.006534392901912873,0.002237247790115962,12,0.7940270390406751,False,
458374406074502272,Gaia DR3 458374406074502272,458570054727255424,-10.802511861531485,0.007845388318086465,0.6122328321549572,0.825100469562506,0.006377673682238414,0.002146184112988211,12,0.7940270390406751,False,
458374513458859904,Gaia DR3 458374513458859904,458342043505412480,-7.973963764498256,0.02270613982248413,0.4900371710712591,1.1126990120311777,0.024278211992175742,0.009441543334416524,12,0.6047333416811589,False,
458374513458859904,Gaia DR3 458374513458859904,458350118044912640,-7.880440066682012,0.014376759801833417,0.8257643165466426,1.5972980138553803,0.025445607828977163,0.009581583110194292,12,0.6047333416811589,False,
458374513458859904,Gaia DR3 458374513458859904,458362659349112704,-8.162403928629127,0.015207126295120676,0.5434670802041272,0.9945779042758126,0.021926035290129795,0.009159378290170066,12,0.6047333416811589,False,
458374513458859904,Gaia DR3 458374513458859904,458369874893982592,-8.922648708279848,0.012470060610303153,0.5480554861380247,1.014534949363263,0.011353471015172732,0.004182131936673601,12,0.6047333416811589,False,
458374513458859904,Gaia DR3 458374513458859904,458380217175281280,-6.577431688580387,0.0392535450557026,1.6278706188696028,1.1779939867707354,0.04545643827324082,0.020251031466916324,6,0.6047333416811589,True,invNV
458374513458859904,Gaia DR3 458374513458859904,458458969695195648,-8.130264201253487,0.020346169009118755,0.8889630243673493,1.0209206416720782,0.022327214721764046,0.009207503421236702,12,0.6047333416811589,False,
458374513458859904,Gaia DR3 458374513458859904,458535385750525440,-8.333954676574303,0.025577089346721073,0.5469877401873625,0.8024194052323241,0.019423809309640497,0.008273642256132158,12,0.6047333416811589,False,
458374513458859904,Gaia DR3 458374513458859904,458558509855408256,-8.176621001208735,0.01817160275963504,0.5372503881354711,0.899602925698752,0.021748572767491432,0.009138090042348895,12,0.6047333416811589,False,
458374547813352832,Gaia DR3 458374547813352832,458361250599959552,-10.39457601896727,0.0054192712037012475,1.6177018357186141,1.621486976505446,0.0068177000246027065,0.0025432120515921095,12,0.6956239512366924,True,invNV
458374547813352832,Gaia DR3 458374547813352832,458366434615213184,-10.08552479491593,0.009996981621815757,0.4618089573947521,1.3206383528195824,0.007141122042305877,0.0026917543406812326,12,0.6956239512366924,False,
458374547813352832,Gaia DR3 458374547813352832,458367916389221760,-10.545475671849399,0.004852588501036022,0.44229605172224024,1.1192942130887524,0.006673445752992083,0.0023891315895309476,12,0.6956239512366924,False,
458374547813352832,Gaia DR3 458374547813352832,458367950748956800,-10.725801170666047,0.00541919975412474,0.44257020765749433,0.9734831552744346,0.006501061503010163,0.002205005015026619,12,0.6956239512366924,False,
458374547813352832,Gaia DR3 458374547813352832,458376918640421888,-10.06479252270902,0.011217589902820959,0.5464220541420215,0.950731256246398,0.007164468322367353,0.0026918701509185154,12,0.6956239512366924,False,
458374547813352832,Gaia DR3 458374547813352832,458379770498587264,-10.900086158448058,0.007670726295413916,0.3681622466025841,0.8480868967550317,0.006191386649133824,0.002114236217506566,12,0.6956239512366924,False,
458374547813352832,Gaia DR3 458374547813352832,458566893631456384,-10.687167981937495,0.005570190617257916,0.39989902014645207,0.9030137803704308,0.00653799334740868,0.0022444525515616506,12,0.6956239512366924,False,
458374547813352832,Gaia DR3 458374547813352832,458570054727255424,-10.802511861531485,0.007420400385839437,0.6067491226375009,1.008300637085947,0.006377673682238414,0.002157183192682462,12,0.6956239512366924,False,
458374685257548416,V0615 Per,458361761687408128,-10.001423445893185,0.00690635941502089,0.3114181738380873,0.9886976420384459,0.007235827226003903,0.002692224129862511,12,1.4014647466692698,False,
458374685257548416,V0615 Per,458366434615213184,-10.08552479491593,0.0072502440790134385,0.6039963491088968,1.6642033927133317,0.007141122042305877,0.0026917543406812326,12,1.4014647466692698,False,
458374685257548416,V0615 Per,458374066782258560,-8.901500821740793,0.014261478798099853,0.8899410137187499,0.8500470333748255,0.011486838253711475,0.004225267940861637,12,1.4014647466692698,False,
458374685257548416,V0615 Per,458375063214603904,-9.991270248508277,0.006753410794877422,0.4324951861217342,0.9637447680166065,0.007247260579150236,0.002692280845507887,12,1.4014647466692698,False,
458374685257548416,V0615 Per,458376918640421888,-10.06479252270902,0.007106558465024195,0.39124328196810193,1.129255032901156,0.007164468322367353,0.0026918701509185154,12,1.4014647466692698,False,
458374685257548416,V0615 Per,458379736138948608,-10.235537537679775,0.003707176823458665,0.8073009881251506,1.905039686792669,0.006972195092553235,0.0026909163712024635,12,1.4014647466692698,False,
458374685257548416,V0615 Per,458470755085403520,-9.980781409717522,0.009780941151076195,0.6879404116806584,0.8765740094764884,0.007259071892714169,0.0026923394360423474,12,1.4014647466692698,False,
458374685257548416,V0615 Per,458563423297975424,-10.096879973397414,0.0047834820827965556,0.4394245914494704,1.4666712209928665,0.007128335157475742,0.002691690910783091,12,1.4014647466692698,False,
458374715313497856,Gaia DR3 458374719617271552,458371730320069120,-9.8802032707685,0.009075480238865494,0.7887136044821222,1.3262952854051684,0.007380702271971678,0.0026928673796593355,12,1.2432132261274844,False,
458374715313497856,Gaia DR3 458374719617271552,458373375282357248,-9.834400262512716,0.008322040399774732,0.9777295622905131,0.91266471367391,0.007433317131863617,0.002693119037782888,12,1.2432132261274844,False,
458374715313497856,Gaia DR3 458374719617271552,458374066782258560,-8.901500821740793,0.010117124128456997,0.6792783646678249,1.1393032945996566,0.011486838253711475,0.0042269102656091575,12,1.2432132261274844,False,
458374715313497856,Gaia DR3 458374719617271552,458378082567513856,-8.88692132122503,0.014700097507960828,0.663380452954097,1.0350143968048544,0.011578782558380914,0.00425531130319986,12,1.2432132261274844,False,
458374715313497856,Gaia DR3 458374719617271552,458381385406372352,-9.868669180301849,0.008772200301430068,0.4232429860330904,1.0989532479768083,0.007393951719486017,0.0026929307520812407,12,1.2432132261274844,False,
458374715313497856,Gaia DR3 458374719617271552,458453678295539456,-9.582020682847242,0.006478867136533554,1.8693740649922672,1.1948221748150403,0.00812115019817046,0.0029806416188928255,12,1.2432132261274844,True,invNV
458374715313497856,Gaia DR3 458374719617271552,458470132306043904,-9.419139990505919,0.012315818861965259,0.5656061515777345,0.7635246953412484,0.008694096120438163,0.003258987465136575,12,1.2432132261274844,False,
458374715313497856,Gaia DR3 458374719617271552,458570089087001856,-9.51343469269466,0.00665949418282817,0.6354450041045753,1.4850074779292155,0.008362406929203188,0.0030978478094797423,12,1.2432132261274844,False,
458374719617260672,Gaia DR3 458374715313498496,458374822697357696,-11.512931306761221,0.009577759152498307,0.6428071100623218,1.0276821441410589,0.005794863830556179,0.0018190252199606935,12,1.048422252889222,False,
458374719617260672,Gaia DR3 458374715313498496,458377708914487168,-11.559775854391221,0.0055967688802329545,0.40058964428142607,1.4266371495512962,0.005846554965682704,0.0017900897749636411,12,1.048422252889222,False,
458374719617260672,Gaia DR3 458374715313498496,458377811993695232,-11.641033860520748,0.013881562879387483,0.3950031967277337,0.7228191610729972,0.005936220012896513,0.0017398974540663997,12,1.048422252889222,True,amplitude
458374719617260672,Gaia DR3 458374715313498496,458379014584350592,-13.827338781979803,0.006805776013549828,0.7183696287755471,1.2172701981580034,0.005599865843779864,0.0021089295009163057,12,1.048422252889222,False,
458374719617260672,Gaia DR3 458374715313498496,458379907937649920,-11.380288982012665,0.013975233776374238,0.8293511449882952,0.6945240959184047,0.005648498187616698,0.001900957160522011,12,1.048422252889222,True,amplitude
458374719617260672,Gaia DR3 458374715313498496,458454296770820992,-12.029515682984282,0.004019581146654343,0.9226547473049128,1.4066058141324096,0.005778433251727513,0.0018302424594588695,12,1.048422252889222,False,
458374719617260672,Gaia DR3 458374715313498496,458568611620603904,-11.990170189326372,0.006675354704876346,0.6597762348995379,1.053180182141032,0.005817569145211748,0.0018080508212802036,12,1.048422252889222,False,
458374719617260672,Gaia DR3 458374715313498496,458569848568792960,-11.25817383646297,0.007496411194814019,0.5844373405328506,0.986088341158549,0.005513748877206832,0.001976386559590375,12,1.048422252889222,False,
458374753977906304,NSV 781,458367916389221760,-10.545475671849399,0.0058027013103810095,0.41928849175857114,1.1385615468590355,0.006673445752992083,0.0023891315895309476,12,0.8846299156699665,False,
458374753977906304,NSV 781,458367950748956800,-10.725801170666047,0.004528271342313804,0.4277714839037123,1.1937891266106175,0.006501061503010163,0.002205005015026619,12,0.8846299156699665,False,
458374753977906304,NSV 781,458374857056235520,-11.49114706315514,0.006446306838128785,0.6296045011944011,1.2676620773716758,0.005770825765576554,0.001832481146307658,12,0.8846299156699665,False,
458374753977906304,NSV 781,458375338092496768,-11.083746525299428,0.0076023085371958055,0.55023072477157,1.0208747376965475,0.005828324792433156,0.0020475580065222776,12,0.8846299156699665,False,
458374753977906304,NSV 781,458379770498587264,-10.900086158448058,0.004592054155440318,0.3962124723286142,1.0638384617833638,0.006185800957615618,0.0021206036413620897,12,0.8846299156699665,False,
458374753977906304,NSV 781,458567512106671488,-10.909093609536885,0.004431016799902821,0.3749730329883582,1.4627513599888005,0.00616826887310275,0.0021170211864516932,12,0.8846299156699665,False,
458374753977906304,NSV 781,458569298815368064,-11.585405695097526,0.004961466998952085,0.5605274725922457,1.3643840607345872,0.005874836497392331,0.0017742584587580052,12,0.8846299156699665,False,
458374753977906304,NSV 781,458570054727255424,-10.802511861531485,0.007546381579630451,0.48742966648813163,0.9800893326142349,0.006375719371044133,0.0021594110149098476,12,0.8846299156699665,False,
458374788336739200,V0520 Per,458356474596389888,-12.805394313806568,0.0025144571755119248,0.4396438199085944,1.3119417681233352,0.004724654800645423,0.0018858702705582195,12,0.5425674541820428,False,
458374788336739200,V0520 Per,458368603583940352,-12.838205044624257,0.006117290220059901,0.4755194886112074,1.1518226957484696,0.004738844342948201,0.0018422032679229444,12,0.5425674541820428,False,
458374788336739200,V0520 Per,458377674554774016,-12.6841478801708,0.002704911573011483,0.46192037486063503,1.9162394612418823,0.0048137568107665,0.0019589355842772687,12,0.5425674541820428,False,
458374788336739200,V0520 Per,458379014584350592,-13.827338781979803,0.0046346685030794555,0.46393206233088574,1.1782911501312756,0.005599865843779864,0.0021089295009163057,12,0.5425674541820428,False,
458374788336739200,V0520 Per,458561361713638784,-12.656078595934797,0.007474468329044666,0.441621850858146,0.9955038257127813,0.0048619475545239495,0.0019586552714938653,12,0.5425674541820428,False,
458374822696451456,Gaia DR3 458374822696451456,458366198403185152,-9.221806167325338,0.014791880043305256,0.6249635103011102,0.710551863048071,0.009466861489086828,0.003602951704709643,12,0.6152349233326181,False,
458374822696451456,Gaia DR3 458374822696451456,458372692392506240,-9.030111287032865,0.011484868090426653,0.4127050974860796,1.1399391331745967,0.010675767957324625,0.003976375574426252,12,0.6152349233326181,False,
458374822696451456,Gaia DR3 458374822696451456,458374066782258560,-8.901500821740793,0.0056466639266689305,0.3926972102933787,1.031938858609146,0.011486838253711475,0.0042269102656091575,12,0.6152349233326181,False,
458374822696451456,Gaia DR3 458374822696451456,458374994495145088,-8.383560010012008,0.009969379880757938,0.4582479249477763,1.5784225438258284,0.01859139553690064,0.007824523822158124,12,0.6152349233326181,False,
458374822696451456,Gaia DR3 458374822696451456,458378082567513856,-8.88692132122503,0.01619915452268737,0.42902811668458224,0.7944460136011785,0.011578782558380914,0.00425531130319986,12,0.6152349233326181,False,
458374822696451456,Gaia DR3 458374822696451456,458459141493858304,-8.899936593886906,0.006213147621437263,0.5986583214188633,1.5537804774180883,0.011496702915550522,0.0042299573997706215,12,0.6152349233326181,False,
458374822696451456,Gaia DR3 458374822696451456,458473710022818176,-8.824713494355354,0.011791815861182234,0.3718045900297335,0.9855017771209694,0.011971090606269455,0.0043764928777984755,12,0.6152349233326181,False,
458374822696451456,Gaia DR3 458374822696451456,458568508539077376,-8.863128687653498,0.012897198986788313,0.400113913894204,1.0073010132953073,0.011728828655476212,0.004301659631780544,12,0.6152349233326181,False,
458374822696463104,V0617 Per,458366713798434432,-11.511256388511033,0.0032982008188649405,0.6336763045124475,1.5405433493035623,0.005793015623454678,0.0018200598015151077,12,0.7317747339293013,False,
458374822696463104,V0617 Per,458371283643256320,-11.472451862338344,0.0019537244095172287,0.44891342329702466,1.8717960142931254,0.005750196339089796,0.0018440289994156854,12,0.7317747339293013,False,
458374822696463104,V0617 Per,458374719617277184,-12.15870406488311,0.005162093220391576,0.3995617731113581,1.0964924062793702,0.005649933078433164,0.0019031072671268688,12,0.7317747339293013,False,
458374822696463104,V0617 Per,458376918640421888,-10.06479252270902,0.01631691383840602,0.4928155044265124,0.8907375778571597,0.007168660792639768,0.0026918531802313885,12,0.7317747339293013,False,
458374822696463104,V0617 Per,458377708914487168,-11.559775854391221,0.007043065624073102,0.46161169280380593,0.736426476843373,0.005846554965682704,0.0017900897749636411,12,0.7317747339293013,False,
458374822696463104,V0617 Per,458379152023300096,-11.186154607723678,0.004706019956520236,0.873110036818994,1.486364228312848,0.005628997908705781,0.002006828133650681,12,0.7317747339293013,False,
458374822696463104,V0617 Per,458454296770820992,-12.029515682984282,0.006006251257167328,0.44282470556679193,0.8104768470744963,0.005778433251727513,0.0018302424594588695,12,0.7317747339293013,False,
458374822696463104,V0617 Per,458568611620603904,-11.990170189326372,0.003151090431245699,0.32793826993191716,1.2217909614093072,0.005817569145211748,0.0018080508212802036,12,0.7317747339293013,False,
458374822696468736,Gaia DR3 458374822696468736,458355890480894464,-8.975752218650774,0.01545584259837821,0.480530016387485,0.8003094349120656,0.011018578517910424,0.004082267675657435,12,1.8494070407105316,False,
458374822696468736,Gaia DR3 458374822696468736,458371730320069120,-9.8802032707685,0.007435652516629476,1.0942100504940473,1.4093352358580018,0.007380702271971678,0.0026928673796593355,12,1.8494070407105316,False,
458374822696468736,Gaia DR3 458374822696468736,458373375282357248,-9.834400262512716,0.011171452564352357,0.803312739176952,0.8524967304005159,0.007433317131863617,0.002693119037782888,12,1.8494070407105316,False,
458374822696468736,Gaia DR3 458374822696468736,458374066782258560,-8.901500821740793,0.008731625552023102,0.6228468524832891,1.2013089101552628,0.011486838253711475,0.0042269102656091575,12,1.8494070407105316,False,
458374822696468736,Gaia DR3 458374822696468736,458379358181844096,-9.283069893731392,0.008477447530652127,0.34658955522962015,1.1348136006573049,0.00917273361865168,0.003491516844099471,12,1.8494070407105316,False,
458374822696468736,Gaia DR3 458374822696468736,458381385406372352,-9.868669180301849,0.00831992080094832,0.45189011611809166,1.0647636033426942,0.007393951719486017,0.0026929307520812407,12,1.8494070407105316,False,
458374822696468736,Gaia DR3 458374822696468736,458453678295539456,-9.582020682847242,0.00975141706096963,1.2193188462042823,0.9290318306562011,0.00812115019817046,0.0029806416188928255,12,1.8494070407105316,False,
458374822696468736,Gaia DR3 458374822696468736,458459141493858304,-8.899936593886906,0.010538936396158594,0.7087459655594563,1.0372009419469208,0.011496702915550522,0.0042299573997706215,12,1.8494070407105316,False,
458374891415941120,NSV 15481,458374719617266048,-13.460924929009382,0.005950756730656614,0.42085566535472896,1.063169954206411,0.005227478068360816,0.0017387842157017977,12,1.0347583559500004,False,
458374891415941120,NSV 15481,458374719617270272,-12.913261820951869,0.005125541065673223,0.4511702307936812,1.1134236459650182,0.004771303885185417,0.001742312032098165,12,1.0347583559500004,False,
458374891415941120,NSV 15481,458374719617277184,-12.15870406488311,0.009691708729017612,0.6147776645033965,0.7537667536208835,0.005642365810078826,0.001891888035064728,12,1.0347583559500004,False,
458374891415941120,NSV 15481,458374822697357696,-11.512931306761221,0.012732114961906418,0.5862363369796227,0.91833612029888,0.005794863830556179,0.0018190252199606935,12,1.0347583559500004,False,
458374891415941120,NSV 15481,458377674554774016,-12.6841478801708,0.0038853368140542724,0.3962148499879177,1.377618185639811,0.004812537540626399,0.001957127894367556,12,1.0347583559500004,False,
458374891415941120,NSV 15481,458379014584350592,-13.827338781979803,0.0033842991387603234,0.4952641217351423,1.6368910565450339,0.005599865843779864,0.0021089295009163057,12,1.0347583559500004,False,
458374891415941120,NSV 15481,458379152023300096,-11.186154607723678,0.008228105686358603,0.6193988820949958,0.9387535928039598,0.005628997908705781,0.002006828133650681,12,1.0347583559500004,False,
458374891415941120,NSV 15481,458459725610800896,-12.051606669159654,0.011460885986897507,1.7375922932298236,0.698378498133265,0.005750875617445071,0.0018344228849638256,12,1.0347583559500004,True,invNV
458375028855290752,Gaia DR3 458375028855290752,458361250599959552,-10.39457601896727,0.004063567679664164,0.9637093099167835,1.990270097028342,0.0068177000246027065,0.0025432120515921095,12,1.233181834073343,False,
458375028855290752,Gaia DR3 458375028855290752,458374925776076800,-10.606259751887341,0.004885866429106227,0.47807102049458683,1.0340127970424031,0.006615338507389309,0.0023270662437244564,12,1.233181834073343,False,
458375028855290752,Gaia DR3 458375028855290752,458379736138948608,-10.235537537679775,0.003503029727955907,0.5214752804514605,1.4551418420464193,0.006972522473738003,0.0026909150459972033,12,1.233181834073343,False,
458375028855290752,Gaia DR3 458375028855290752,458453162899598848,-9.713281972915679,0.007287231324064716,0.8713986395829693,1.1024458765924898,0.0076594280639182746,0.0027563299811047036,12,1.233181834073343,False,
458375028855290752,Gaia DR3 458375028855290752,458455980397966848,-10.202973446160925,0.0063451656254484255,0.5166344788958871,1.1891780774348129,0.007009929517030977,0.0026910939647730413,12,1.233181834073343,False,
458375028855290752,Gaia DR3 458375028855290752,458459759969097472,-10.057497156324525,0.004128787853100029,0.41335447298355876,1.7102778784709092,0.007177041130412279,0.0026918932635858423,12,1.233181834073343,False,
458375028855290752,Gaia DR3 458375028855290752,458461031279382528,-10.540662304641037,0.006542266955305937,0.8067717933650151,1.302548520917373,0.006678047147146243,0.0023940464175598347,12,1.233181834073343,False,
458375028855290752,Gaia DR3 458375028855290752,458566893631456384,-10.687167981937495,0.007239156467539404,0.38391597099250047,0.7799704746577862,0.00653799334740868,0.0022444525515616506,12,1.233181834073343,False,
458375131934102656,Gaia DR3 458375131934102656,458374066782258560,-8.901500821740793,0.008874370914141585,0.6318461955097662,1.2833964207837232,0.011486838253711475,0.0042269102656091575,12,1.9326227115228267,False,
458375131934102656,Gaia DR3 458375131934102656,458374715313500288,-9.245186585974636,0.009073934016062622,0.5185367419670844,1.5247963001925835,0.009319414988209394,0.0035574063756205494,12,1.9326227115228267,False,
458375131934102656,Gaia DR3 458375131934102656,458377807688592768,-9.278556349557137,0.014379341365578663,0.4350545963327037,1.0235831307289425,0.009188610372933862,0.0034992300128899676,12,1.9326227115228267,False,
458375131934102656,Gaia DR3 458375131934102656,458379358181844096,-9.283069893731392,0.006685132070610948,0.35482356838086127,1.4435180311468059,0.00917273361865168,0.003491516844099471,12,1.9326227115228267,False,
458375131934102656,Gaia DR3 458375131934102656,458454292462921344,-8.543930802210118,0.011276378799282711,0.8462738815818687,1.24639492802166,0.015900256360534618,0.006379204914201471,12,1.9326227115228267,False,
458375131934102656,Gaia DR3 458375131934102656,458455877318750720,-9.224849844514827,0.016648063833131194,1.2553154764236962,0.9533457488839957,0.009447666813485757,0.0035970225859322776,12,1.9326227115228267,False,
458375131934102656,Gaia DR3 458375131934102656,458459141493858304,-8.899936593886906,0.014265413962884936,0.8132257313508382,0.853060211743057,0.011496702915550522,0.0042299573997706215,12,1.9326227115228267,False,
458375131934102656,Gaia DR3 458375131934102656,458473710022818176,-8.824713494355354,0.009540486225749474,0.33776568246694993,1.1731431784667006,0.011971090606269455,0.0043764928777984755,12,1.9326227115228267,False,
458375235013296000,NSV 15479,458368603583940352,-12.838205044624257,0.005972870120236837,0.4729761837734693,1.274337437125295,0.004738844342948201,0.0018422032679229444,12,0.5578124996058487,False,
458375235013296000,NSV 15479,458374719617266048,-13.460924929009382,0.005979249856993506,0.4344602609764684,1.0781762948645945,0.005227478068360816,0.0017387842157017977,12,0.5578124996058487,False,
458375235013296000,NSV 15479,458374719617270272,-12.913261820951869,0.007717795121131272,0.4855062913507637,0.7219712827441085,0.004771303885185417,0.001742312032098165,12,0.5578124996058487,False,
458375235013296000,NSV 15479,458379014584350592,-13.827338781979803,0.0036541274487278735,0.4536336007788212,1.5607766217543317,0.005599865843779864,0.0021089295009163057,12,0.5578124996058487,False,
458376025287245312,NSVS 1908107,458367950748956800,-10.725801170666047,0.009637157919084314,0.4822809146523705,0.9296668676735359,0.006501061503010163,0.002205005015026619,12,0.8400937030921819,False,
458376025287245312,NSVS 1908107,458371799039531520,-11.19693090660627,0.007239862283262873,0.4200152086646472,1.0829056545377451,0.0056080229424381465,0.002002542170344621,12,0.8400937030921819,False,
458376025287245312,NSVS 1908107,458374719617277184,-12.15870406488311,0.005063627606366295,0.541236493478019,1.0327437181583619,0.005642365810078826,0.001891888035064728,12,0.8400937030921819,False,
458376025287245312,NSVS 1908107,458414164594352000,-12.464171402989992,0.006619970898457322,0.35432478827146885,1.3453038097979975,0.0051861311764559255,0.001948892589366424,12,0.8400937030921819,False,
458376025287245312,NSVS 1908107,458455980397966848,-10.202973446160925,0.01579265311454957,0.5162227847090229,0.7726740281963482,0.007009929517030977,0.0026910939647730413,12,0.8400937030921819,False,
458376025287245312,NSVS 1908107,458461031279382528,-10.540662304641037,0.00962022442528532,0.41864198867413904,1.038295918589409,0.006678047147146243,0.0023940464175598347,12,0.8400937030921819,False,
458376025287245312,NSVS 1908107,458477970630324224,-12.343325992411975,0.0061787716346131775,0.8320906711997181,0.9056199727896178,0.005391367103904863,0.0019443684746662914,12,0.8400937030921819,False,
458376025287245312,NSVS 1908107,458569848568792960,-11.25817383646297,0.006845489883404321,0.4790256327425382,1.0491508282203703,0.005513748877206832,0.001976386559590375,12,0.8400937030921819,False,
458376781201498880,GSC 03694-01728,458367916389221760,-10.545475671849399,0.006429641866064084,0.4665343942857942,1.2688585851611562,0.006673445752992083,0.0023891315895309476,12,0.9202424667512967,False,
458376781201498880,GSC 03694-01728,458374857056235520,-11.49114706315514,0.006683660111045923,0.5815349712189969,1.076546993757495,0.005770825765576554,0.001832481146307658,12,0.9202424667512967,False,
458376781201498880,GSC 03694-01728,458379152023300096,-11.186154607723678,0.004568905841449038,0.8029601478466878,1.6678789768264524,0.005628997908705781,0.002006828133650681,12,0.9202424667512967,False,
458376781201498880,GSC 03694-01728,458379736138948608,-10.235537537679775,0.008220571300087642,0.6779174031831199,0.9425498070120485,0.006972522473738003,0.0026909150459972033,12,0.9202424667512967,False,
458376781201498880,GSC 03694-01728,458379770498587264,-10.900086158448058,0.005869131675124225,0.5817320591773374,0.9544588942708394,0.006185800957615618,0.0021206036413620897,12,0.9202424667512967,False,
458376781201498880,GSC 03694-01728,458455980397966848,-10.202973446160925,0.00898902201581432,0.47228144295447877,0.9892177418540629,0.007009929517030977,0.0026910939647730413,12,0.9202424667512967,False,
458376781201498880,GSC 03694-01728,458460855172912640,-11.35436634065421,0.005534584594613658,0.5601136134129235,0.9633877440220096,0.005619893561783184,0.001916969336989813,12,0.9202424667512967,False,
458376781201498880,GSC 03694-01728,458461031279382528,-10.540662304641037,0.005246646249461094,0.567462207755676,1.4005126143422275,0.006678047147146243,0.0023940464175598347,12,0.9202424667512967,False,
458377262237784704,Gaia DR3 458377262237784704,458361761687408128,-10.001423445893185,0.005672572661921356,0.3727678232937517,0.9222050546491056,0.007241454157641632,0.002692201352623771,12,0.6333260590672698,False,
458377262237784704,Gaia DR3 458377262237784704,458362762428329472,-9.78432574873623,0.011784291201525646,0.4604430689687973,0.8162076648772341,0.007490838758211687,0.00269339416508685,12,0.6333260590672698,False,
458377262237784704,Gaia DR3 458377262237784704,458374994495134464,-10.124939406513956,0.007103880812106582,0.36575603448954513,1.0358523125664096,0.007099568827180627,0.0026915227117208637,12,0.6333260590672698,False,
458377262237784704,Gaia DR3 458377262237784704,458375063214603904,-9.991270248508277,0.00637124062940199,0.4043646517914331,1.272581051756681,0.007253117344803463,0.002692257137924764,12,0.6333260590672698,False,
458377262237784704,Gaia DR3 458377262237784704,458452578783931648,-9.9269512588629,0.008543071433360392,0.44773064708232885,0.9164631627609049,0.007327001894256723,0.0026926105294782735,12,0.6333260590672698,False,
458377262237784704,Gaia DR3 458377262237784704,458454743447553152,-8.957273653787976,0.014484327391504992,1.0500786907443243,0.7584064595654578,0.011118838622994254,0.004135541643215491,12,0.6333260590672698,True,invNV
458377262237784704,Gaia DR3 458377262237784704,458455980397966848,-10.202973446160925,0.002996988819687344,0.40183201823190806,1.9532933407288977,0.007009929517030977,0.0026910939647730413,12,0.6333260590672698,False,
458377262237784704,Gaia DR3 458377262237784704,458570089087001856,-9.51343469269466,0.005669845232248421,0.5585410972186984,1.440195726308951,0.008362406929203188,0.0030978478094797423,12,0.6333260590672698,False,
458377395371718784,ZTF J021935.04+571537.1,458359493944675968,-9.372155238357337,0.008419615051760343,0.6673243364411123,0.9083381862052606,0.008859368761199521,0.0033392794285937557,12,1.019903694309306,False,
458377395371718784,ZTF J021935.04+571537.1,458374582178365696,-8.937961503634053,0.009616801579172359,0.5467807753623833,1.3075909203275826,0.011239555351017025,0.004174301793427062,12,1.019903694309306,False,
458377395371718784,ZTF J021935.04+571537.1,458453506490773120,-9.89779662917168,0.00561293591414043,0.3677259315719583,1.5370056258642666,0.007360492418456325,0.0026927707154503384,12,1.019903694309306,False,
458377395371718784,ZTF J021935.04+571537.1,458473710022818176,-8.824713494355354,0.004807023444596779,0.43150910053939184,1.8320185788310945,0.011947448000269253,0.004401594446799076,12,1.019903694309306,False,
458377395371718784,ZTF J021935.04+571537.1,458565313083438976,-8.795564761343693,0.006926366653301295,0.5789041412445997,1.74153967518212,0.012129651413515935,0.0044600969574467315,12,1.019903694309306,False,
458377395371718784,ZTF J021935.04+571537.1,458567202869080576,-9.236865844631323,0.009981324103050821,0.5654703003722932,0.867579293580625,0.009371158836418446,0.0035743904907701834,12,1.019903694309306,False,
458377395371718784,ZTF J021935.04+571537.1,458573765571034880,-10.315747749473363,0.0028757419587324817,0.6280424858639454,2.0639131471245364,0.006893056822189589,0.0026237019397735636,12,1.019903694309306,False,
458377395371718784,ZTF J021935.04+571537.1,458663886868078720,-9.208352205008254,0.007301174317958346,0.8705175661698585,1.1161769771794197,0.009549392396735823,0.003631618347122797,12,1.019903694309306,False,
458377434036469248,Gaia DR3 458377434036469248,458357471028756864,-8.956942352985632,0.00680863006923003,1.1251067575799416,1.6593521755911573,0.011120909523879527,0.004136206575331373,12,1.3014172234043646,False,
458377434036469248,Gaia DR3 458377434036469248,458361761687408128,-10.001423445893185,0.004584615188144934,0.4257826054418549,1.1811087591699536,0.007241454157641632,0.002692201352623771,12,1.3014172234043646,False,
458377434036469248,Gaia DR3 458377434036469248,458372658033770624,-9.401377078374853,0.011337233582961296,0.4836998767241904,1.5575488943136242,0.008756578591053936,0.003289342400014393,12,1.3014172234043646,False,
458377434036469248,Gaia DR3 458377434036469248,458377090439107328,-9.17817829066834,0.005214572777245932,0.5948001477026863,2.089431193519579,0.00973800403146951,0.0036921784319898145,12,1.3014172234043646,False,
458377434036469248,Gaia DR3 458377434036469248,458377605835304576,-10.342696272237248,0.008607457508130823,0.8779118433554555,1.0231078194997638,0.006867295069607407,0.0025961853699205603,12,1.3014172234043646,False,
458377434036469248,Gaia DR3 458377434036469248,458379736138948608,-10.235537537679775,0.004324274424179981,0.4340794611577436,1.0680511490164606,0.006972522473738003,0.0026909150459972033,12,1.3014172234043646,False,
458377434036469248,Gaia DR3 458377434036469248,458455980397966848,-10.202973446160925,0.0065668684906181095,0.7689396305114709,0.967935996754838,0.007009929517030977,0.0026910939647730413,12,1.3014172234043646,False,
458377434036469248,Gaia DR3 458377434036469248,458459759969097472,-10.057497156324525,0.005644115122516926,0.39567652701088196,1.5274954719496185,0.007177041130412279,0.0026918932635858423,12,1.3014172234043646,False,
458377468396214144,NSV 785,458362659349112704,-8.162403928629127,0.014193805339165673,0.5629552042462734,1.1920330393397012,0.021810656732839488,0.009288165121986169,12,1.1533132433643223,False,
458377468396214144,NSV 785,458369874893982592,-8.922648708279848,0.016431294696694538,0.5677135086897167,0.8244837878963646,0.011368663549878331,0.0042144439768961785,12,1.1533132433643223,False,
458377468396214144,NSV 785,458380217175281280,-6.577431688580387,0.03987884129727687,1.6822808502406619,1.2154026176493302,0.04584144002599236,0.020615586641048584,6,1.1533132433643223,True,invNV
458377468396214144,NSV 785,458459897409489280,-8.577449219591822,0.01371544060919147,0.44787001311613966,1.3451646653150082,0.01530772175989268,0.0061574730029297225,12,1.1533132433643223,False,
458377468396214144,NSV 785,458479585538012544,-8.42001911839465,0.01275618561698729,0.7598717900913895,1.4775772365743483,0.017896717769568145,0.007612729167617082,12,1.1533132433643223,False,
458377468396214144,NSV 785,458558509855408256,-8.176621001208735,0.009915985087293912,0.4845028202140642,1.5334027576093596,0.021629216689112565,0.009271316627542986,12,1.1533132433643223,False,
458377468396214144,NSV 785,458560399640992640,-9.182537861517327,0.02378955517113482,1.7540405671609058,0.9303750335848203,0.00971072383944572,0.0036905975117890416,12,1.1533132433643223,True,invNV
458377468396214144,NSV 785,458572940945232000,-8.3221757828933,0.017785234915278402,1.088605318253172,1.3322534606178154,0.019505787466277996,0.008517175751079433,12,1.1533132433643223,False,
458377605835299072,Gaia DR3 458377605835299072,458374066782258560,-8.901500821740793,0.009538878147330841,0.41702897287508317,1.0779906670701178,0.011503574608874256,0.004257070787095708,12,1.0413863503624514,False,
458377605835299072,Gaia DR3 458377605835299072,458374376019938944,-9.128492739000414,0.012134825109142554,0.46673361013615233,1.118178594082214,0.010055499885924689,0.003799533748773494,12,1.0413863503624514,False,
458377605835299072,Gaia DR3 458377605835299072,458375849183500160,-9.104841113607257,0.007681096713907385,0.5953425888534142,1.4351654069251225,0.010206383323987068,0.0038472072288010424,12,1.0413863503624514,False,
458377605835299072,Gaia DR3 458377605835299072,458377807688592768,-9.278556349557137,0.012419142260622549,0.6512307355574241,1.287224779516472,0.009180403017455858,0.003505441218558162,12,1.0413863503624514,False,
458377605835299072,Gaia DR3 458377605835299072,458378082567513856,-8.88692132122503,0.011486086921318727,0.6365021031221629,1.0946497554035406,0.011596583234137155,0.004286458007428184,12,1.0413863503624514,False,
458377605835299072,Gaia DR3 458377605835299072,458471575415052800,-9.177223019086828,0.007130036296273695,0.47472328510696865,1.5645371922364602,0.009744629403454252,0.003701310392204155,12,1.0413863503624514,False,
458377605835299072,Gaia DR3 458377605835299072,458563114060288768,-9.199572603393374,0.005728530928396874,0.6178334789691045,1.6618251596090539,0.009602052220559567,0.003656261375768675,12,1.0413863503624514,False,
458377605835299072,Gaia DR3 458377605835299072,458565313083438976,-8.795564761343693,0.008331986459029404,0.5311349838662975,1.5033725853684587,0.012179384272768344,0.004470601171396465,12,1.0413863503624514,False,
458377605835302528,Gaia DR3 458377601531509376,458372864185390336,-11.022871863102374,0.004844715908354978,0.7626775803507875,1.7030348972988385,0.005946811111349155,0.0020717691546435347,12,1.3189226164506611,False,
458377605835302528,Gaia DR3 458377601531509376,458372967270410112,-10.667071347206608,0.006163170358374568,0.7225777856207222,0.8711863384501276,0.00655720495823454,0.0022649728026428654,12,1.3189226164506611,False,
458377605835302528,Gaia DR3 458377601531509376,458375063214603904,-9.991270248508277,0.008396015271485877,0.5171849910790713,1.0424121868831717,0.007253117344803463,0.002692257137924764,12,1.3189226164506611,False,
458377605835302528,Gaia DR3 458377601531509376,458376918640421888,-10.06479252270902,0.010976628093544386,0.5377539066494984,0.9750642290033358,0.007168660792639768,0.0026918531802313885,12,1.3189226164506611,False,
458377605835302528,Gaia DR3 458377601531509376,458379770498587264,-10.900086158448058,0.005932531408127149,0.37441327274971536,0.8883066880597841,0.006185800957615618,0.0021206036413620897,12,1.3189226164506611,False,
458377605835302528,Gaia DR3 458377601531509376,458566893631456384,-10.687167981937495,0.004098506553528581,0.3763521465708144,0.9918072740856139,0.00653799334740868,0.0022444525515616506,12,1.3189226164506611,False,
458377605835302528,Gaia DR3 458377601531509376,458569848568792960,-11.25817383646297,0.005815204621980166,0.3985863463099546,0.8770888516805324,0.005513748877206832,0.001976386559590375,12,1.3189226164506611,False,
458377605835302528,Gaia DR3 458377601531509376,458570054727255424,-10.802511861531485,0.006487820949193643,0.5265588491423466,1.2119322720841101,0.006375719371044133,0.0021594110149098476,12,1.3189226164506611,False,
458377640195402880,NSV 776,458341802987071104,-10.578540282810105,0.0030403682977577784,1.1647103554797529,1.490359832904319,0.006641837255032508,0.002355370010644629,12,1.4770004751796115,False,
458377640195402880,NSV 776,458365884859401984,-10.046966646810574,0.010171918928321264,0.35509704506692447,0.8438276035966709,0.0071891377437956865,0.0026919511219747395,12,1.4770004751796115,False,
458377640195402880,NSV 776,458372864185390336,-11.022871863102374,0.005416594016185835,0.6064281842775721,1.5074371003507427,0.005946811111349155,0.0020717691546435347,12,1.4770004751796115,False,
458377640195402880,NSV 776,458372967270410112,-10.667071347206608,0.006820154752110395,0.662091814396905,1.0314119143997167,0.00655720495823454,0.0022649728026428654,12,1.4770004751796115,False,
458377640195402880,NSV 776,458373826264109312,-12.012401790053119,0.007609148852385951,0.5545248852279382,1.064796352243121,0.005790597534592821,0.0018133867594135634,12,1.4770004751796115,False,
458377640195402880,NSV 776,458374822697357696,-11.512931306761221,0.007767010247017767,1.0598520600801438,1.1296989143909504,0.005794863830556179,0.0018190252199606935,12,1.4770004751796115,False,
458377640195402880,NSV 776,458374925776076800,-10.606259751887341,0.009076280669439468,0.5471383415300295,0.7676246798060234,0.006615338507389309,0.0023270662437244564,12,1.4770004751796115,False,
458377640195402880,NSV 776,458454296770820992,-12.029515682984282,0.006711043877733782,0.35973911548794774,1.028646705988761,0.00577325794185387,0.0018225695450402048,12,1.4770004751796115,False,
458377674554760448,V0612 Per,458365884859401984,-10.046966646810574,0.010907873072870443,0.3606646810112709,0.8450724931277365,0.0071891377437956865,0.0026919511219747395,12,1.1276727392784094,False,
458377674554760448,V0612 Per,458366713798434432,-11.511256388511033,0.004000426487070815,0.48433133709179954,1.2463659091252888,0.005793015623454678,0.0018200598015151077,12,1.1276727392784094,False,
458377674554760448,V0612 Per,458371283643256320,-11.472451862338344,0.002803882434131399,0.3226567240024141,1.2254763795739914,0.005750196339089796,0.0018440289994156854,12,1.1276727392784094,False,
458377674554760448,V0612 Per,458372864185390336,-11.022871863102374,0.008096277054278476,0.6280278092608235,1.1188063265139014,0.005946811111349155,0.0020717691546435347,12,1.1276727392784094,False,
458377674554760448,V0612 Per,458372864191190912,-11.186228815784649,0.011597777259989589,0.5850965587866274,0.7802985478961398,0.00562885347028656,0.0020067986195262304,12,1.1276727392784094,False,
458377674554760448,V0612 Per,458373826264109312,-12.012401790053119,0.008429652636680572,0.46287968829500115,0.7406232159624381,0.005790597534592821,0.0018133867594135634,12,1.1276727392784094,False,
458377674554760448,V0612 Per,458560846317541632,-11.824394778825882,0.005822730743577775,0.4102441339444859,1.0843539072096542,0.005981084001924376,0.0017125080121087035,12,1.1276727392784094,False,
458377674554760448,V0612 Per,458570054727255424,-10.802511861531485,0.0067987007441792,0.5826986387659676,0.9840185026415662,0.006375719371044133,0.0021594110149098476,12,1.1276727392784094,False,
458377708914501376,V0613 Per,458368603583940352,-12.838205044624257,0.006380541525393104,0.5084713818079831,1.2290780168701843,0.004738844342948201,0.0018422032679229444,12,1.2500715815118457,False,
458377708914501376,V0613 Per,458371283643256320,-11.472451862338344,0.005379911817828336,0.5968026135712216,1.5193996623636514,0.005750196339089796,0.0018440289994156854,12,1.2500715815118457,False,
458377708914501376,V0613 Per,458372864185390336,-11.022871863102374,0.008820852198475022,0.44713968082134165,1.2117915041591734,0.005946811111349155,0.0020717691546435347,12,1.2500715815118457,False,
458377708914501376,V0613 Per,458373826264109312,-12.012401790053119,0.0049263083515477205,0.6908151558333163,1.8544328209754863,0.005790597534592821,0.0018133867594135634,12,1.2500715815118457,False,
458377708914501376,V0613 Per,458374719617270272,-12.913261820951869,0.005893302270771257,0.4039376868863948,1.0076939326716938,0.004771303885185417,0.001742312032098165,12,1.2500715815118457,False,
458377708914501376,V0613 Per,458379014584350592,-13.827338781979803,0.004484941227982889,0.720446170880075,1.3474846365180155,0.005599865843779864,0.0021089295009163057,12,1.2500715815118457,False,
458377708914501376,V0613 Per,458454296770820992,-12.029515682984282,0.005445844113278634,0.8092595515998989,1.0506316325264378,0.00577325794185387,0.0018225695450402048,12,1.2500715815118457,False,
458377708914501376,V0613 Per,458532224657219328,-11.4694629410963,0.005530393674457158,0.646262482308856,1.5742099494160553,0.005746898180827593,0.0018458752284983698,12,1.2500715815118457,False,
458377738970467712,Gaia DR3 458377738970467712,458355237645794688,-8.702054291493967,0.014602886504779228,0.6012460005927717,1.0369114441311933,0.013414622809093639,0.005059784184278573,12,0.7676179062660655,False,
458377738970467712,Gaia DR3 458377738970467712,458374066782258560,-8.901500821740793,0.0053984693019895,0.4152371017529551,1.5398576450419639,0.011623898279371103,0.004279617772876858,12,0.7676179062660655,False,
458377738970467712,Gaia DR3 458377738970467712,458378082567513856,-8.88692132122503,0.012493684058419706,0.5194614639099656,0.8162997958234672,0.011721940658299736,0.0043125977473046,12,0.7676179062660655,False,
458377738970467712,Gaia DR3 458377738970467712,458453506490773120,-9.89779662917168,0.008061480851044167,0.4592089843687925,1.0561952216487371,0.007364959401454507,0.0026859000440668376,12,0.7676179062660655,False,
458377738970467712,Gaia DR3 458377738970467712,458563114060288768,-9.199572603393374,0.007820552974439439,0.4897177032807005,1.3555686273086696,0.00961946290566826,0.003605356008840094,12,0.7676179062660655,False,
458377738970467712,Gaia DR3 458377738970467712,458565313083438976,-8.795564761343693,0.013343121576303739,0.4072035299138648,0.9872918745523235,0.012336283684099435,0.004519253455806778,12,0.7676179062660655,False,
458377738970467712,Gaia DR3 458377738970467712,458568508539077376,-8.863128687653498,0.013926302696843407,0.39188508613377904,0.8699115215450851,0.011881938347782176,0.004366418551790277,12,0.7676179062660655,False,
458377738970467712,Gaia DR3 458377738970467712,458570089087001856,-9.51343469269466,0.010394640057179291,1.1416915250887993,1.1752299676818392,0.008361629700264269,0.0030658612449133787,12,0.7676179062660655,True,invNV
458377743274216192,NSV 777,458363960710661376,-9.736173983773506,0.006648895674037538,1.0963915411217098,1.322529930026764,0.007590995134679653,0.0026973570574148325,12,0.7216019029111402,True,invNV
458377743274216192,NSV 777,458371283643256320,-11.472451862338344,0.0038760432677856695,0.4017170695452833,1.2111090788217573,0.005750196339089796,0.0018440289994156854,12,0.7216019029111402,False,
458377743274216192,NSV 777,458372864185390336,-11.022871863102374,0.007165970988869762,0.5959589564460345,1.2336958734717287,0.005946811111349155,0.0020717691546435347,12,0.7216019029111402,False,
458377743274216192,NSV 777,458372967270410112,-10.667071347206608,0.005799087147209486,0.5704752194468723,1.56902878989915,0.00655720495823454,0.0022649728026428654,12,0.7216019029111402,False,
458377743274216192,NSV 777,458373826264109312,-12.012401790053119,0.0045573171528234015,0.6482707057397701,1.136741446538402,0.005790597534592821,0.0018133867594135634,12,0.7216019029111402,False,
458377743274216192,NSV 777,458374925776076800,-10.606259751887341,0.010253936979514542,0.572523178281353,0.8259103220608156,0.006615338507389309,0.0023270662437244564,12,0.7216019029111402,False,
458377743274216192,NSV 777,458454296770820992,-12.029515682984282,0.006344733038769651,0.35218239591696243,1.1077955726172228,0.00577325794185387,0.0018225695450402048,12,0.7216019029111402,False,
458377743274216192,NSV 777,458561361713638784,-12.656078595934797,0.0059685918290918755,0.5700223901501559,1.1978610669282475,0.004860208573853471,0.0019390040409885193,12,0.7216019029111402,False,
458377743274220928,Gaia DR3 458377743274220928,458361250599959552,-10.39457601896727,0.006475119730436401,0.8643500397936354,1.0479807457889256,0.0068177000246027065,0.0025432120515921095,12,1.3278565469635597,False,
458377743274220928,Gaia DR3 458377743274220928,458372967270410112,-10.667071347206608,0.004110147311087683,0.4095808889164917,1.0958205185755163,0.00655720495823454,0.0022649728026428654,12,1.3278565469635597,False,
458377743274220928,Gaia DR3 458377743274220928,458374925776076800,-10.606259751887341,0.0044078150608646,0.46894058907140956,0.8021977226845465,0.006615338507389309,0.0023270662437244564,12,1.3278565469635597,False,
458377743274220928,Gaia DR3 458377743274220928,458375063214603904,-9.991270248508277,0.006209149748019724,0.6112150586779825,1.2039401511357826,0.007259680265529174,0.002682526951656824,12,1.3278565469635597,False,
458377743274220928,Gaia DR3 458377743274220928,458459038414670464,-10.869851407990739,0.0057759102359651515,0.5258889075685725,1.0822756264342224,0.006244649814524839,0.0021326286447922826,12,1.3278565469635597,False,
458377743274220928,Gaia DR3 458377743274220928,458558578574886784,-10.876061518630484,0.004471884773493539,0.6449498350114995,1.2864347119133652,0.0062325624677830585,0.0021301587516853347,12,1.3278565469635597,False,
458377743274220928,Gaia DR3 458377743274220928,458566893631456384,-10.687167981937495,0.0035698947783232462,0.4053592282098647,1.7647298462264194,0.00653799334740868,0.0022444525515616506,12,1.3278565469635597,False,
458377743274220928,Gaia DR3 458377743274220928,458570054727255424,-10.802511861531485,0.005701791996370261,0.7250160532265447,1.048811489264055,0.006375719371044133,0.0021594110149098476,12,1.3278565469635597,False,
458377743274223872,NSV 778,458371283643256320,-11.472451862338344,0.0038114800660705487,0.43047106059144974,0.9753852161614948,0.005750196339089796,0.0018440289994156854,12,0.5749991449898733,False,
458377743274223872,NSV 778,458371661600617088,-12.578844356393166,0.0072767813931278345,1.331440177642964,1.1422888509014857,0.004990245801942224,0.0019333652881957835,12,0.5749991449898733,True,invNV
458377743274223872,NSV 778,458372967270410112,-10.667071347206608,0.005901835324572903,0.4483471323711282,1.1375287693590723,0.006517027231563799,0.0022311189124612873,12,0.5749991449898733,False,
458377743274223872,NSV 778,458373826264109312,-12.012401790053119,0.005551552105475273,0.396130574203908,1.1683245167277279,0.005793469230548163,0.0018176443358369529,12,0.5749991449898733,False,
458377743274223872,NSV 778,458374925776076800,-10.606259751887341,0.009882556351111807,0.4697038279989641,0.7098715429842591,0.006581018943048619,0.002298148461198064,12,0.5749991449898733,False,
458377743274223872,NSV 778,458453678295539456,-9.582020682847242,0.01223865890537793,0.9978830350937975,1.0446968959534417,0.008126647862092815,0.002949091334214064,12,0.5749991449898733,False,
458377743274223872,NSV 778,458454296770820992,-12.029515682984282,0.006714456945416144,0.4350224460941896,1.1210069639422238,0.005776316930346738,0.0018271048013797314,12,0.5749991449898733,False,
458377743274223872,NSV 778,458570054727255424,-10.802511861531485,0.005535358050725434,0.4757834748891905,1.2079040489329047,0.006332611504161876,0.002123088178544473,12,0.5749991449898733,False,
458377743274230784,V0614 Per,458371283643256320,-11.472451862338344,0.0046944488690152265,0.4577485307858869,1.247879215748672,0.005750196339089796,0.0018440289994156854,12,0.6176800874979154,False,
458377743274230784,V0614 Per,458371661600617088,-12.578844356393166,0.005476730984504185,1.1240081734474856,0.950894241604976,0.0049785756195968225,0.0019346510714151302,12,0.6176800874979154,True,invNV
458377743274230784,V0614 Per,458373826264109312,-12.012401790053119,0.003680604479076151,0.4655386344028992,1.8511256660785902,0.005793469230548163,0.0018178377851636187,12,0.6176800874979154,False,
458377743274230784,V0614 Per,458374719617270272,-12.913261820951869,0.010433407650770934,0.47012443335636983,0.795995425410962,0.004756275965874678,0.0017203596194548868,12,0.6176800874979154,False,
458377743274230784,V0614 Per,458374925776076800,-10.606259751887341,0.014541382808046226,0.5014050396067649,0.7770807529982631,0.006581018943048619,0.002298148461198064,12,0.6176800874979154,False,
458377743274230784,V0614 Per,458377674554774016,-12.6841478801708,0.004495538110436536,0.597749206102452,1.008432550979951,0.00479388310873496,0.001929942238380485,12,0.6176800874979154,False,
458377743274230784,V0614 Per,458454296770820992,-12.029515682984282,0.004038169327590667,0.4452428611767517,1.0961212890984362,0.005776316930346738,0.0018273108675070048,12,0.6176800874979154,False,
458377743274230784,V0614 Per,458569298815368064,-11.585405695097526,0.008543041320211288,0.7669145044925565,1.1257091499260954,0.005874836497392331,0.0017742584587580052,12,0.6176800874979154,False,
458377811993690496,Gaia DR3 458377811993690496,458361216240219648,-11.000283657577475,0.003996597788863315,0.44727811985098387,1.7811707920278619,0.005974801718957155,0.002099052501408116,12,0.7340634514390151,False,
458377811993690496,Gaia DR3 458377811993690496,458374788336736512,-10.960227639274535,0.01585275650767538,0.5039087070290041,0.7695425942906796,0.006053740119237047,0.0021133515482717716,12,0.7340634514390151,True,amplitude
458377811993690496,Gaia DR3 458377811993690496,458374925776076800,-10.606259751887341,0.004966725971446204,0.39893348538890294,0.9413358877730623,0.0066082898387480275,0.002332838878303181,12,0.7340634514390151,False,
458377811993690496,Gaia DR3 458377811993690496,458375063214603904,-9.991270248508277,0.004513295696571949,0.49865141371197813,1.7834155343928577,0.007259680265529174,0.002690060278241644,12,0.7340634514390151,False,
458377811993690496,Gaia DR3 458377811993690496,458376918640421888,-10.06479252270902,0.01269124258043566,0.5081997027253593,0.8939516331969267,0.007173358752515901,0.002690280594019223,12,0.7340634514390151,False,
458377811993690496,Gaia DR3 458377811993690496,458379770498587264,-10.900086158448058,0.009318440539917561,0.362407811381217,0.6782638130462978,0.006172260943024405,0.0021348206280560776,12,0.7340634514390151,False,
458377811993690496,Gaia DR3 458377811993690496,458459038414670464,-10.869851407990739,0.006712996457747281,0.46238851688642957,0.9975015554540959,0.006231844569532468,0.0021456137156373365,12,0.7340634514390151,False,
458377811993690496,Gaia DR3 458377811993690496,458570054727255424,-10.802511861531485,0.0069938869847763225,0.6328681170006635,0.9329146254884536,0.006364550622162688,0.0021696523338373764,12,0.7340634514390151,False,
458377910767805824,Gaia DR3 458377910767805824,458361422399500544,-10.44332351883314,0.00787398320638701,0.4482498129981267,0.974462454214935,0.006787846127218499,0.0025089927531575227,12,1.2647074235478022,False,
458377910767805824,Gaia DR3 458377910767805824,458372864185390336,-11.022871863102374,0.005041956590053322,0.8399507531789892,1.82492782749672,0.005921621315490345,0.0020977661112505912,12,1.2647074235478022,False,
458377910767805824,Gaia DR3 458377910767805824,458372967270410112,-10.667071347206608,0.004922271229176205,0.9787058471459068,0.9770764725741857,0.006540597618999427,0.0022859749355326796,12,1.2647074235478022,False,
458377910767805824,Gaia DR3 458377910767805824,458374788336736512,-10.960227639274535,0.015944024562299527,0.43643486254191977,0.7537988706601836,0.006042684173829636,0.002121997792817489,12,1.2647074235478022,True,amplitude
458377910767805824,Gaia DR3 458377910767805824,458374925776076800,-10.606259751887341,0.0023060170104460334,0.6577210211405808,2.076516014267831,0.0066077963772372674,0.00234658812392864,12,1.2647074235478022,False,
458377910767805824,Gaia DR3 458377910767805824,458375063214603904,-9.991270248508277,0.005182813723170923,0.6093980742882869,1.4044511435788016,0.007281667539337962,0.0027076345245079505,12,1.2647074235478022,False,
458377910767805824,Gaia DR3 458377910767805824,458376918640421888,-10.06479252270902,0.010200085120520376,0.4988965352694011,1.0406364680657982,0.007202046207486233,0.002705944019403448,12,1.2647074235478022,False,
458377910767805824,Gaia DR3 458377910767805824,458570054727255424,-10.802511861531485,0.009140973741800085,0.5799669323755028,0.9031482421334511,0.006347477204887882,0.0021830045109284563,12,1.2647074235478022,False,
458377949432660864,Gaia DR3 458377949432660864,458357471028756864,-8.956942352985632,0.010652519741549451,0.6185393263599397,1.0388516066424962,0.011251072090379713,0.004154204677914333,12,1.0439096327985302,False,
458377949432660864,Gaia DR3 458377949432660864,458366198403185152,-9.221806167325338,0.008114917082731444,0.5626803239358507,1.064981158856763,0.009469949450279664,0.003555061942241521,12,1.0439096327985302,False,
458377949432660864,Gaia DR3 458377949432660864,458374066782258560,-8.901500821740793,0.007893844318369465,0.47087753537405097,1.0098148607892612,0.011623898279371103,0.004279617772876858,12,1.0439096327985302,False,
458377949432660864,Gaia DR3 458377949432660864,458374376019938944,-9.128492739000414,0.010455781651432178,0.6519420115925985,1.2103246866838384,0.010097451777198918,0.0037661442407464344,12,1.0439096327985302,False,
458377949432660864,Gaia DR3 458377949432660864,458375849183500160,-9.104841113607257,0.008642861019557172,0.46682501069553956,1.2697281005633854,0.010256501232738689,0.0038196460736657084,12,1.0439096327985302,False,
458377949432660864,Gaia DR3 458377949432660864,458378082567513856,-8.88692132122503,0.016179679661290337,0.5409765974297668,0.7769521986666639,0.011721940658299736,0.0043125977473046,12,1.0439096327985302,False,
458377949432660864,Gaia DR3 458377949432660864,458563114060288768,-9.199572603393374,0.006801072047795889,0.45554348874503336,1.4393257238211745,0.00961946290566826,0.003605356008840094,12,1.0439096327985302,False,
458377949432660864,Gaia DR3 458377949432660864,458663886868078720,-9.208352205008254,0.01137626507149261,0.6866393413855133,1.0863953143454876,0.00956042295245191,0.0035854958609268365,12,1.0439096327985302,False,
458377983792373376,Gaia DR3 458377983792373376,458372967270410112,-10.667071347206608,0.005226611936198946,0.6640216289287152,0.9997805221064128,0.006524684720908777,0.0022575791027640425,12,1.1514512606841445,False,
458377983792373376,Gaia DR3 458377983792373376,458374788336736512,-10.960227639274535,0.015648205399807342,0.4651820315793497,0.7751267272470982,0.006031628228422226,0.002102268968118205,12,1.1514512606841445,True,amplitude
458377983792373376,Gaia DR3 458377983792373376,458374925776076800,-10.606259751887341,0.0031773404805328985,0.49334058327256464,1.4442518174614607,0.006594203678617348,0.0023223325801121097,12,1.1514512606841445,False,
458377983792373376,Gaia DR3 458377983792373376,458375063214603904,-9.991270248508277,0.004114024773419788,0.5101895522248924,1.7410117973691597,0.007281667539337962,0.0027076345245079505,12,1.1514512606841445,False,
458377983792373376,Gaia DR3 458377983792373376,458376918640421888,-10.06479252270902,0.012304783536159977,0.5010181384661662,0.8598528552402152,0.007202046207486233,0.002705944019403448,12,1.1514512606841445,False,
458377983792373376,Gaia DR3 458377983792373376,458379152023300096,-11.186154607723678,0.012643588186151765,0.606685992401086,0.9876759736545382,0.0056036339129475945,0.002030259169145644,12,1.1514512606841445,False,
458377983792373376,Gaia DR3 458377983792373376,458558578574886784,-10.876061518630484,0.007204229959966818,0.6747616945181331,0.8388703886434671,0.006191071881557044,0.0021290952716333726,12,1.1514512606841445,False,
458377983792373376,Gaia DR3 458377983792373376,458570054727255424,-10.802511861531485,0.0081665298135547,0.6985470357653167,0.9372259870782589,0.0063304037876130755,0.002152537785196741,12,1.1514512606841445,False,
458378396110113536,Gaia DR3 458378396110113536,458373340922619264,-8.733389391003744,0.021244920918599506,0.5844910849774664,0.8660713678001088,0.012876717503695465,0.004739054118121771,12,1.3819981980738398,False,
458378396110113536,Gaia DR3 458378396110113536,458374066782258560,-8.901500821740793,0.0058351947999095806,1.0118625357802498,1.1538465664552977,0.011599813615063627,0.004254509531532299,12,1.3819981980738398,False,
458378396110113536,Gaia DR3 458378396110113536,458376987359893760,-8.65199332206032,0.014895069961058757,0.5290644485733081,1.4906899246377954,0.014192828094653942,0.005487581298512806,12,1.3819981980738398,False,
458378396110113536,Gaia DR3 458378396110113536,458454292462921344,-8.543930802210118,0.013456991862423906,2.820170393712321,0.884879760480424,0.015940114280665794,0.00648133608715801,12,1.3819981980738398,True,invNV
458378396110113536,Gaia DR3 458378396110113536,458473710022818176,-8.824713494355354,0.017056569380430844,0.4273491243558587,0.761760044485813,0.012110876563915733,0.004422676213493357,12,1.3819981980738398,False,
458378396110113536,Gaia DR3 458378396110113536,458476046485044224,-8.69575899489197,0.011830376252570865,0.6115525681612425,1.1707632514250252,0.013485171493028704,0.005085107369392701,12,1.3819981980738398,False,
458378396110113536,Gaia DR3 458378396110113536,458567164203425152,-8.969139565308165,0.015568814507715481,1.3569990805159833,0.9320802592888896,0.011149639648587653,0.004106378538241645,12,1.3819981980738398,False,
458378396110113536,Gaia DR3 458378396110113536,458568508539077376,-8.863128687653498,0.01534382100367659,0.45001144803159043,0.9568365792198851,0.011855201797829316,0.004338545721994227,12,1.3819981980738398,False,
458378499188409856,Gaia DR3 458378499188409856,458362762428329472,-9.78432574873623,0.007112422933465245,0.542499841635629,1.0060993685345625,0.007483425620135811,0.0027188317840477127,12,1.1960109484525328,False,
458378499188409856,Gaia DR3 458378499188409856,458370867021453312,-9.413343473703613,0.008981960511130305,0.7113856650401739,1.3045428575217803,0.008696705639211263,0.0032515373450300255,12,1.1960109484525328,False,
458378499188409856,Gaia DR3 458378499188409856,458372722447315200,-9.73463175626811,0.009546702435949217,0.49397577229704165,0.9640265670676785,0.00757271519558538,0.0027443557804841833,12,1.1960109484525328,False,
458378499188409856,Gaia DR3 458378499188409856,458378082567513856,-8.88692132122503,0.017131472446056437,0.8694180711156817,0.8228666959856928,0.011693504526148979,0.004310511143978752,12,1.1960109484525328,False,
458378499188409856,Gaia DR3 458378499188409856,458453678295539456,-9.582020682847242,0.010516459881608693,1.3699195593013678,0.9013436571864389,0.008106607644906524,0.0029852656647999243,12,1.1960109484525328,True,invNV
458378499188409856,Gaia DR3 458378499188409856,458470132306043904,-9.419139990505919,0.008925336923953859,0.6666256715298321,1.0449595384355108,0.008676427185729845,0.00324238703790633,12,1.1960109484525328,False,
458378499188409856,Gaia DR3 458378499188409856,458570089087001856,-9.51343469269466,0.008591286107216631,0.6130907458816606,0.972494022103506,0.008346547915627871,0.0030935346297116142,12,1.1960109484525328,False,
458378499188409856,Gaia DR3 458378499188409856,458573765571034880,-10.315747749473363,0.006145059704819854,0.37883821184176003,1.2463897822765262,0.006926312900610587,0.0026316759260462544,12,1.1960109484525328,False,
458378567907875072,Gaia DR3 458378567907875072,458374066782258560,-8.901500821740793,0.0027170507472933547,0.4529573420613631,2.1555763349494104,0.011524242353396793,0.004280612418882579,12,0.6894821987786023,False,
458378567907875072,Gaia DR3 458378567907875072,458378082567513856,-8.88692132122503,0.01587957278907904,0.36506705789413296,0.815005454926562,0.011618626463062304,0.004312876622532757,12,0.6894821987786023,False,
458378567907875072,Gaia DR3 458378567907875072,458378151285973760,-8.333530999649971,0.023840230205883262,0.515106415667627,0.8863423187396611,0.019324887380853896,0.008421137483201153,12,0.6894821987786023,False,
458378567907875072,Gaia DR3 458378567907875072,458454292462921344,-8.543930802210118,0.015312849248990594,1.8619818108631212,1.0231203868265921,0.01587949665027983,0.0064987251520041995,12,0.6894821987786023,True,invNV
458378567907875072,Gaia DR3 458378567907875072,458459141493858304,-8.899936593886906,0.01022745992839744,0.681623516212417,1.160796866438291,0.01153436878078321,0.004284074030340292,12,0.6894821987786023,False,
458378567907875072,Gaia DR3 458378567907875072,458459794328866048,-8.643444238304456,0.020556430513859063,0.4870863432071066,0.6989759567955537,0.014249919691960248,0.0055894759305708955,12,0.6894821987786023,False,
458378567907875072,Gaia DR3 458378567907875072,458473710022818176,-8.824713494355354,0.012505021506848422,0.5063611328388035,0.896068114192181,0.012021344673262466,0.004450541557801848,12,0.6894821987786023,False,
458378567907875072,Gaia DR3 458378567907875072,458568508539077376,-8.863128687653498,0.009258615863058685,0.3872341006931082,1.577850462126793,0.011772654135945798,0.004365529343666514,12,0.6894821987786023,False,
458378567907879424,Gaia DR3 458378567907879424,458361972155290752,-7.64932387433017,0.04268406055455497,0.4710295555741691,1.9969720645492932,0.030314571271857667,0.010437588810433284,12,1.405176944768216,False,
458378567907879424,Gaia DR3 458378567907879424,458366610719240064,-7.5842514025945285,0.07060910579329513,0.8701475433843163,1.1391862812075042,0.032828936077318085,0.011096267672836205,12,1.405176944768216,False,
458378567907879424,Gaia DR3 458378567907879424,458378293029981056,-8.178735293298363,0.05902265103680321,0.547080916935597,1.4540008060721183,0.021503399892826066,0.00920471540848428,12,1.405176944768216,True,amplitude
458378567907879424,Gaia DR3 458378567907879424,458380217175281280,-6.577431688580387,0.07089941102340308,0.838678932327653,0.9413298185028378,0.047694252638535065,0.021178844333609337,6,1.405176944768216,False,
458378567907879424,Gaia DR3 458378567907879424,458459485091221888,-6.483373696570646,0.037361574800781706,0.7430618695181178,1.0320394987491168,0.04291556745306032,0.016504560508724668,6,1.405176944768216,False,
458378567907879424,Gaia DR3 458378567907879424,458471304841223040,-7.786611819101137,0.0539322488229548,0.5357059037010665,1.0294056996528547,0.026004263658341513,0.00940026344359903,12,1.405176944768216,False,
458378567907879424,Gaia DR3 458378567907879424,458471888956756864,-6.873756563604171,0.052456577287868324,0.7871504228725864,1.1010898681560781,0.05380899408311156,0.025973965903536914,11,1.405176944768216,False,
458378567907879424,Gaia DR3 458378567907879424,458562117627835904,-7.94654556692472,0.0475422108685567,0.5761458722257574,1.3319030492540889,0.024168515334587262,0.0093205060911491,12,1.405176944768216,False,
458378911505279104,Gaia DR3 458378911505279104,458363960710661376,-9.736173983773506,0.00802511478785446,0.3417773808048283,1.3802162517447714,0.007567319888404781,0.0027419212399126154,12,1.0531102898916263,False,
458378911505279104,Gaia DR3 458378911505279104,458374066782258560,-8.901500821740793,0.008744449930508375,0.5484599696782779,1.1428103546203592,0.011524242353396793,0.004280612418882579,12,1.0531102898916263,False,
458378911505279104,Gaia DR3 458378911505279104,458378082567513856,-8.88692132122503,0.012642691821512717,0.6285554045091628,0.9919574907864714,0.011618626463062304,0.004312876622532757,12,1.0531102898916263,False,
458378911505279104,Gaia DR3 458378911505279104,458470132306043904,-9.419139990505919,0.006862242470483022,0.4593769634405381,1.194417746782096,0.008676427185729845,0.00324238703790633,12,1.0531102898916263,False,
458378911505279104,Gaia DR3 458378911505279104,458563114060288768,-9.199572603393374,0.006439555490594713,0.528593017605698,1.717025832213527,0.009594598762570506,0.0036209842886038824,12,1.0531102898916263,False,
458378911505279104,Gaia DR3 458378911505279104,458565897199040128,-9.477392486795802,0.010772278434436995,0.33518534686213436,0.8938078970251601,0.008472637465717142,0.0031504303939503746,12,1.0531102898916263,False,
458378911505279104,Gaia DR3 458378911505279104,458570089087001856,-9.51343469269466,0.009565500276871478,0.900562810464812,1.0764825391187316,0.008346547915627871,0.0030935346297116142,12,1.0531102898916263,False,
458378911505279104,Gaia DR3 458378911505279104,458573765571034880,-10.315747749473363,0.006064061210219587,0.4599547844348851,1.362696439105435,0.006926312900610587,0.0026316759260462544,12,1.0531102898916263,False,
458378980225893888,Gaia DR3 458378980225893888,458361388038927744,-8.238161228911839,0.008830952967818764,0.5258768147632832,1.5790517590810385,0.020821298315300975,0.009175080291719437,12,1.2168383154844398,False,
458378980225893888,Gaia DR3 458378980225893888,458369359498288256,-8.702174766265218,0.01518968274105157,0.7544093106208447,1.3403728653022962,0.013287479564084725,0.005051406139867246,12,1.2168383154844398,False,
458378980225893888,Gaia DR3 458378980225893888,458371348057793280,-8.747351788798383,0.01273849230177503,0.6705656672327619,1.2902814391009092,0.012548348303816306,0.004639997511144707,12,1.2168383154844398,False,
458378980225893888,Gaia DR3 458378980225893888,458372589313293056,-8.595635129537373,0.0174157018540572,0.7295976063889892,1.0525841974756205,0.015030550965157737,0.006021618947022097,12,1.2168383154844398,False,
458378980225893888,Gaia DR3 458378980225893888,458374994495145088,-8.383560010012008,0.008973144144500064,0.5549817324494992,1.447113932009531,0.018500265027240587,0.007952900143033789,12,1.2168383154844398,False,
458378980225893888,Gaia DR3 458378980225893888,458378877145977600,-8.327263856710488,0.018016658886850764,0.5451627506418976,0.8250868814641937,0.01942131392344595,0.008465566138565691,12,1.2168383154844398,False,
458378980225893888,Gaia DR3 458378980225893888,458565313083438976,-8.795564761343693,0.010974393557728637,0.41780598919490664,0.9925437967213868,0.012210046419951852,0.004515047242136924,12,1.2168383154844398,False,
458378980225893888,Gaia DR3 458378980225893888,458566962350914688,-8.74392367884989,0.01116398670433945,0.7802848136984472,1.7736456919723047,0.012604434851456932,0.00467121590345872,12,1.2168383154844398,False,
458379010279428224,Gaia DR3 458379010279428224,458342249663654400,-10.205289330573287,0.008842444461429,0.693359057405213,0.8546563402874262,0.0071007959936024235,0.0027117215442671212,12,0.5912018389134441,False,
458379010279428224,Gaia DR3 458379010279428224,458361422399500544,-10.44332351883314,0.008965887106452394,0.4200093019801677,0.7242336216413058,0.00681706281317813,0.002501544167268273,12,0.5912018389134441,False,
458379010279428224,Gaia DR3 458379010279428224,458361761687408128,-10.001423445893185,0.0037101354220892275,0.41716936466361765,1.6501291662385118,0.007281637235227806,0.0027150073304494154,12,0.5912018389134441,False,
458379010279428224,Gaia DR3 458379010279428224,458371799039531520,-11.19693090660627,0.012283554675004891,1.3478695744536635,0.8902610488342458,0.005580148609521867,0.0020265481498505456,12,0.5912018389134441,True,invNV
458379010279428224,Gaia DR3 458379010279428224,458374719618168064,-10.922251039145863,0.007015008326899596,0.4206183316613068,0.9184644491751632,0.006102387308706607,0.0021142667834538748,12,0.5912018389134441,False,
458379010279428224,Gaia DR3 458379010279428224,458375063214603904,-9.991270248508277,0.006449358529845178,0.3565519255377899,1.4244448582806029,0.007290643729004022,0.002715170973501934,12,0.5912018389134441,False,
458379010279428224,Gaia DR3 458379010279428224,458375338092496768,-11.083746525299428,0.009578728682101766,0.391141960439794,0.7889261402677579,0.005795341898379248,0.0020626934245853434,12,0.5912018389134441,False,
458379010279428224,Gaia DR3 458379010279428224,458379736138948608,-10.235537537679775,0.007702233218649203,0.475825714243133,0.7360476713491382,0.007073964023463513,0.002711234022085047,12,0.5912018389134441,False,
458379014584349696,V0519 Per,458371283643256320,-11.472451862338344,0.0035695761627552508,0.5032665276399312,1.5324505611019565,0.005736053003984332,0.0018596633668937611,12,0.9351387061264552,False,
458379014584349696,V0519 Per,458371799039531520,-11.19693090660627,0.008662487789388803,0.6446862362008939,0.883922594303929,0.005580148609521867,0.0020265481498505456,12,0.9351387061264552,False,
458379014584349696,V0519 Per,458373826264109312,-12.012401790053119,0.006074977006029875,0.7712475021474514,1.0374829621191655,0.005793469230548163,0.0018178377851636187,12,0.9351387061264552,False,
458379014584349696,V0519 Per,458374719617277184,-12.15870406488311,0.004240266612916298,0.4955693004214949,1.138801209509566,0.005646838621829915,0.0018988207328812284,12,0.9351387061264552,False,
458379014584349696,V0519 Per,458377708914487168,-11.559775854391221,0.006669773994175111,0.3834267346505534,1.0198822682615403,0.005836861498238958,0.0018008051565212581,12,0.9351387061264552,False,
458379014584349696,V0519 Per,458379152023300096,-11.186154607723678,0.00444614239137747,0.5986623240803177,1.4839880496394326,0.005600637189054482,0.002029989545909244,12,0.9351387061264552,False,
458379014584349696,V0519 Per,458561361713638784,-12.656078595934797,0.0037141413482192054,0.4620337635338023,1.418070566883681,0.004843114002418916,0.0019311974059962283,12,0.9351387061264552,False,
458379014584349696,V0519 Per,458574074816543744,-12.509088417102237,0.006012673077657415,0.5567599695854603,0.9629499622475277,0.005100920999057957,0.0019377703314314375,12,0.9351387061264552,False,
458379048944089600,Gaia DR3 458379048944089600,458361761687408128,-10.001423445893185,0.0030434242576965506,0.3158160531861158,2.5238764971154914,0.007281637235227806,0.0027150073304494154,12,1.1536432519304636,False,
458379048944089600,Gaia DR3 458379048944089600,458362762428329472,-9.78432574873623,0.010989754068998622,0.644270002212476,0.8141382174509032,0.007474215886479243,0.0027185063789275142,12,1.1536432519304636,False,
458379048944089600,Gaia DR3 458379048944089600,458375063214603904,-9.991270248508277,0.002619532411328695,0.583763315244945,2.4097140230360425,0.007290643729004022,0.002715170973501934,12,1.1536432519304636,False,
458379048944089600,Gaia DR3 458379048944089600,458378082567513856,-8.88692132122503,0.01745089995958715,0.7544151799255759,0.8739425119420889,0.011618626463062304,0.004312876622532757,12,1.1536432519304636,False,
458379048944089600,Gaia DR3 458379048944089600,458379736138948608,-10.235537537679775,0.004370024049682658,0.6138512955921266,1.3095388678121496,0.007073964023463513,0.002711234022085047,12,1.1536432519304636,False,
458379048944089600,Gaia DR3 458379048944089600,458551942839335680,-9.776099636143254,0.008213010874950369,0.39300626271605704,0.9379973581953615,0.007481512940703878,0.002718638962400882,12,1.1536432519304636,False,
458379048944089600,Gaia DR3 458379048944089600,458566820606044800,-9.885630202308977,0.005869880628207946,0.7966686796127862,1.167595390176214,0.00738435277281987,0.0027168736154355917,12,1.1536432519304636,False,
458379048944089600,Gaia DR3 458379048944089600,458584790749192448,-10.06546867565511,0.005651767715222563,0.6005453309897445,1.2651602215364999,0.007224825283152041,0.0027139750884373503,12,1.1536432519304636,False,
458379594394974848,Gaia DR3 458379594394974848,458378597962563968,-9.180585139525695,0.010297358946262243,0.5005592759344463,1.1929095930208198,0.009717518945605538,0.0036630032453140145,12,0.7913190945846651,False,
458379594394974848,Gaia DR3 458379594394974848,458460378438027264,-10.050505411011919,0.01318234594226353,0.5521156601790558,1.06111426629881,0.007238098594481643,0.0027142162572247803,12,0.7913190945846651,False,
458379594394974848,Gaia DR3 458379594394974848,458471575415052800,-9.177223019086828,0.006288728333407791,0.49546245542091943,1.7831147336582607,0.009739284488524349,0.0036704435645772667,12,0.7913190945846651,False,
458379594394974848,Gaia DR3 458379594394974848,458473710022818176,-8.824713494355354,0.016940712702085435,0.4013598178567387,0.8200182633864891,0.012021344673262466,0.004450541557801848,12,0.7913190945846651,False,
458379594394974848,Gaia DR3 458379594394974848,458476046485044224,-8.69575899489197,0.015301487197335905,0.8240678944757983,0.9712224105371199,0.01339244657861566,0.005109831940304355,12,0.7913190945846651,False,
458379594394974848,Gaia DR3 458379594394974848,458568508539077376,-8.863128687653498,0.016694533379251184,0.45619561280453286,0.9100118310927015,0.011772654135945798,0.004365529343666514,12,0.7913190945846651,False,
458379594394974848,Gaia DR3 458379594394974848,458576132095139584,-8.946535773379008,0.009734508349691784,0.6396737676121875,1.1268665832346425,0.011232697124559462,0.004180950784421215,12,0.7913190945846651,False,
458379594394974848,Gaia DR3 458379594394974848,458577338991874048,-9.77662070335489,0.006535518656133857,0.513242457344459,0.9844207597997514,0.007481050722899901,0.002718630564156876,12,0.7913190945846651,False,
458379598699897216,Gaia DR3 458379598699897216,458361216240219648,-11.000283657577475,0.00688672332594427,0.7269174141989257,1.1257621662180386,0.005954026769871054,0.0020893471752984004,12,1.287817066008292,False,
458379598699897216,Gaia DR3 458379598699897216,458366713798434432,-11.511256388511033,0.0031079360352832285,0.5980186096965913,1.8528408224689548,0.005780849694581851,0.0018335082987253888,12,1.287817066008292,False,
458379598699897216,Gaia DR3 458379598699897216,458371283643256320,-11.472451862338344,0.003538175181199904,0.6032437028160604,0.9130403091232865,0.005736053003984332,0.0018596633668937611,12,1.287817066008292,False,
458379598699897216,Gaia DR3 458379598699897216,458372967270410112,-10.667071347206608,0.006863533527156337,0.43835666759883857,0.9066979008587257,0.006534579793247453,0.002259124129879152,12,1.287817066008292,False,
458379598699897216,Gaia DR3 458379598699897216,458374925776076800,-10.606259751887341,0.007521347216403595,0.4378083425062219,0.8577914741466427,0.0066113548091994104,0.0023250105758757687,12,1.287817066008292,False,
458379598699897216,Gaia DR3 458379598699897216,458379152023300096,-11.186154607723678,0.008566604119769925,0.8007471929914621,1.1678685875925923,0.005600637189054482,0.002029989545909244,12,1.287817066008292,False,
458379598699897216,Gaia DR3 458379598699897216,458570054727255424,-10.802511861531485,0.005733280322433644,0.4951639661350752,1.1370270498453945,0.0063300429899799966,0.0021525053232719906,12,1.287817066008292,False,
458379598699897216,Gaia DR3 458379598699897216,458584829414696576,-10.645982153328495,0.008560368331375917,0.6881642025587075,0.7027875123794601,0.006561205031212442,0.0022819732596588843,12,1.287817066008292,False,
458379701779206400,V0665 Per,458373826264109312,-12.012401790053119,0.0052100642210192805,0.7759512463839631,1.5600100043878515,0.005793469230548163,0.0018178377851636187,12,1.627018762815584,False,
458379701779206400,V0665 Per,458374719617270272,-12.913261820951869,0.0057981855746898564,0.3935101718916864,1.051842280903817,0.004756275965874678,0.0017203596194548868,12,1.627018762815584,False,
458379701779206400,V0665 Per,458374719617277184,-12.15870406488311,0.007788729515309876,0.48123491471904134,0.8118863356396552,0.005646838621829915,0.0018988207328812284,12,1.627018762815584,False,
458379701779206400,V0665 Per,458375338092496768,-11.083746525299428,0.006831809134216174,0.8044228044021623,1.256035730838671,0.005795341898379248,0.0020626934245853434,12,1.627018762815584,False,
458379701779206400,V0665 Per,458378224310529664,-11.461349449612413,0.006116745883408371,0.973689297602678,1.2868256811317365,0.005723236165413589,0.001867146626975017,12,1.627018762815584,False,
458379701779206400,V0665 Per,458379014584350592,-13.827338781979803,0.005653085247740703,0.7135637248927157,1.288931200417347,0.005599865843779864,0.0021089295009163057,12,1.627018762815584,False,
458379701779206400,V0665 Per,458379152023300096,-11.186154607723678,0.008349247963622776,0.6238665972803595,0.9146540362165867,0.005600637189054482,0.002029989545909244,12,1.627018762815584,False,
458379701779206400,V0665 Per,458561361713638784,-12.656078595934797,0.006663640277500435,0.39044869436032326,0.9124635074407281,0.004843114002418916,0.0019311974059962283,12,1.627018762815584,False,
458388974600316160,Gaia DR3 458388974600316160,458305789673621504,-9.315228432985354,0.00593775446575674,0.6165773359935951,1.7938642734581278,0.009043395167834405,0.003383127711780529,12,0.7988137609689491,False,
458388974600316160,Gaia DR3 458388974600316160,458307786845557760,-9.034710584979882,0.0063770909120897355,0.5407647610731822,1.7425755836291388,0.010665351616894171,0.003970656533705882,12,0.7988137609689491,False,
458388974600316160,Gaia DR3 458388974600316160,458405196702890752,-9.385514131150375,0.009764505052665235,0.6358811472224276,0.792714080135979,0.0087946421656452,0.003275773659745121,12,0.7988137609689491,False,
458388974600316160,Gaia DR3 458388974600316160,458406498066869760,-9.400379518449785,0.00605289191285021,0.4425530602443403,1.6910862499555757,0.00874203103968396,0.0032530683355706273,12,0.7988137609689491,False,
458388974600316160,Gaia DR3 458388974600316160,458406532426608384,-9.41270518165078,0.013714423620560611,0.488425548795421,0.7656395526469266,0.008698408427897108,0.003234242174300324,12,0.7988137609689491,False,
458388974600316160,Gaia DR3 458388974600316160,458410110145267712,-8.827677831506254,0.01098189844230998,0.3570707195949861,1.0843617326963753,0.012003102803161686,0.004439844104171406,12,0.7988137609689491,False,
458388974600316160,Gaia DR3 458388974600316160,458452922381439232,-9.197621161107682,0.019080316184495436,1.1206690670473902,0.8184174263533259,0.009612697808190183,0.0036014607608917146,12,0.7988137609689491,True,invNV
458388974600316160,Gaia DR3 458388974600316160,458454709087819008,-9.381717063740467,0.018729209550452815,0.43636274028441585,1.0257548523463187,0.008808080630971556,0.003281573283039011,12,0.7988137609689491,False,
458389047625906176,Gaia DR3 458389047625906176,458307202729952256,-8.595583079690133,0.03197260166077136,0.3641847009516919,0.7405095225143264,0.015006239464872985,0.005994162101081655,12,1.41906410860667,False,
458389047625906176,Gaia DR3 458389047625906176,458387363998779904,-7.20885794147767,0.03263463777384984,0.8026454738850112,1.4988323334054725,0.04619273287663136,0.016902947077483722,12,1.41906410860667,False,
458389047625906176,Gaia DR3 458389047625906176,458403513075640832,-8.402858708259316,0.021378994122631705,0.44961085415627433,0.9669927900047736,0.01812795473936777,0.007714364092961182,12,1.41906410860667,False,
458389047625906176,Gaia DR3 458389047625906176,458407533164933760,-7.310605925644637,0.03387463144767176,0.8321806648386385,1.1676377499257602,0.042764524953992,0.015043599384559191,12,1.41906410860667,False,
458389047625906176,Gaia DR3 458389047625906176,458408044255076480,-8.430573239992608,0.008643279829389715,0.5163969504892431,1.822371742932287,0.01767903965719642,0.007466992199423936,12,1.41906410860667,False,
458389047625906176,Gaia DR3 458389047625906176,458409663468697472,-7.611494441795835,0.03123365667582977,0.5053657548194587,1.1567420052065813,0.031575194151261386,0.0111916553783326,12,1.41906410860667,False,
458389047625906176,Gaia DR3 458389047625906176,458411793772387968,-6.708963151743768,0.012682847481890325,0.5532939744370952,3.127682147140674,0.05697390460374537,0.027010635959880503,9,1.41906410860667,True,spike
458389047625906176,Gaia DR3 458389047625906176,458411961265240064,-8.193109805712442,0.019971983576320032,0.7785014771477127,1.3101659661676415,0.02126619950306824,0.009117397540172795,12,1.41906410860667,False,
458390078418033664,ASASSN-V J022319.15+565609.6,458409830961481344,-9.918227298032184,0.01035371836154899,0.6535891934595225,0.9065612734534062,0.007359260735669025,0.002698304300071874,12,0.8980932110376747,False,
458390078418033664,ASASSN-V J022319.15+565609.6,458411725052916864,-10.065577495305982,0.010455152974158525,0.44479381187972444,0.9563674975469753,0.0072345009595170566,0.0027082604976728926,12,0.8980932110376747,False,
458390078418033664,ASASSN-V J022319.15+565609.6,458412790204894208,-9.943661705990348,0.006505477465390706,0.5418501807683415,1.082472605845159,0.007337725704823277,0.0027000228589620654,12,0.8980932110376747,False,
458390078418033664,ASASSN-V J022319.15+565609.6,458412996363273088,-10.050584838855707,0.007052824132390635,0.4377171380251519,1.2612525665741736,0.00724719507528525,0.0027072474698456835,12,0.8980932110376747,False,
458390078418033664,ASASSN-V J022319.15+565609.6,458413168161966592,-10.406701347153248,0.009650964630951015,0.39682636295789064,1.0355607568357026,0.0068751200336777864,0.0025478967273122113,12,0.8980932110376747,False,
458390078418033664,ASASSN-V J022319.15+565609.6,458414336393020544,-9.926489872139927,0.008480166199209022,0.5754794924103516,1.086002954369163,0.0073522649059029775,0.0026988625878925335,12,0.8980932110376747,False,
458390078418033664,ASASSN-V J022319.15+565609.6,458452578783931648,-9.9269512588629,0.0065664172140716265,0.5102019720534409,0.8542105509719847,0.0073518742548869444,0.002698893762994226,12,0.8980932110376747,False,
458390078418033664,ASASSN-V J022319.15+565609.6,458453678295539456,-9.582020682847242,0.011559212798182956,1.016482211256261,0.8707741296299268,0.008097201315620068,0.0029543000219903583,12,0.8980932110376747,True,invNV
458390181497232512,Gaia DR3 458390181497232512,458359493944675968,-9.372155238357337,0.006583049342384064,0.40665272949888426,1.3632051742866118,0.008841196448695217,0.0032883301939702287,12,0.7062124151174799,False,
458390181497232512,Gaia DR3 458390181497232512,458396434969543808,-9.309897904211597,0.0167172667773418,0.4569180069017675,0.8727134328158175,0.009061905263885091,0.0033874214382780066,12,0.7062124151174799,False,
458390181497232512,Gaia DR3 458390181497232512,458405196702890752,-9.385514131150375,0.00846309418815273,0.47720618381261226,0.9431157720371437,0.008793837764918332,0.003267067649924614,12,0.7062124151174799,False,
458390181497232512,Gaia DR3 458390181497232512,458453506490773120,-9.89779662917168,0.005671523351033609,0.6230900990941062,0.8902608000757188,0.007376559156172224,0.0026969238351654155,12,0.7062124151174799,False,
458390181497232512,Gaia DR3 458390181497232512,458453678295539456,-9.582020682847242,0.0051432077122391135,0.7245179993473435,1.2878781605978489,0.008097201315620068,0.0029543000219903583,12,0.7062124151174799,False,
458390181497232512,Gaia DR3 458390181497232512,458455258843620224,-8.77712566315044,0.01133091961668602,0.3943939978071885,1.2403605909516722,0.012329747848700338,0.004554407856305678,12,0.7062124151174799,False,
458390181497232512,Gaia DR3 458390181497232512,458461404928737024,-9.401749242291386,0.006311721817132022,0.432346611178834,1.2452672623089998,0.008736282583772598,0.0032412272025859616,12,0.7062124151174799,False,
458390181497232512,Gaia DR3 458390181497232512,458461718474405632,-8.84843468407227,0.010383908884380554,0.391523487137124,0.9910348810785146,0.011868981492994668,0.00439280392785843,12,0.7062124151174799,False,
458395472896914432,ZTF J022400.51+565750.1,458387363998779904,-7.20885794147767,0.06565438543970568,0.3507185751865406,1.1418549503424058,0.043692330872120544,0.014824929934587658,12,0.6482217701368077,False,
458395472896914432,ZTF J022400.51+565750.1,458407533164933760,-7.310605925644637,0.0765274693690423,0.4013909329023544,1.0517925474490413,0.040252238441513766,0.012837835255583439,12,0.6482217701368077,False,
458395472896914432,ZTF J022400.51+565750.1,458409663468697472,-7.611494441795835,0.08188978815776758,0.5476822366947187,0.7998042370175431,0.03042410027632571,0.010495556139355586,12,0.6482217701368077,True,amplitude
458395472896914432,ZTF J022400.51+565750.1,458410522462091904,-7.546726139424347,0.06223639266485694,0.32797712629822423,1.1726324037547584,0.03253967395316151,0.010999747671750375,12,0.6482217701368077,False,
458395472896914432,ZTF J022400.51+565750.1,458411793772387968,-6.708963151743768,0.016675408935864222,0.42664061569164313,2.3604049019060893,0.057607303272026684,0.029524076171754576,9,0.6482217701368077,False,
458395472896914432,ZTF J022400.51+565750.1,458411961265240064,-8.193109805712442,0.08166185312028242,0.3970879057316308,0.9205265540834803,0.02118533461152638,0.008835688756998744,12,0.6482217701368077,True,amplitude
458395472896914432,ZTF J022400.51+565750.1,458412480967109248,-6.637608196691822,0.07756506896696559,0.45702641204469524,0.792511989791955,0.05347981726500167,0.025696842572425993,8,0.6482217701368077,False,
458395472896914432,ZTF J022400.51+565750.1,458414611270898816,-8.185781128558014,0.09885783331787563,0.3637909656334619,0.9037841678309246,0.02126331125013299,0.008845309026916496,12,0.6482217701368077,True,amplitude
458397293962896128,Gaia DR3 458397293962896128,458404165910760704,-6.568377053495766,0.04507868387151059,0.6518697774902908,1.0956496144090546,0.049475181923503045,0.02198352291344808,7,1.2973090791768576,False,
458397293962896128,Gaia DR3 458397293962896128,458405815178103296,-9.27154298596212,0.014305879763103872,0.5534420385256594,0.8693928466609565,0.009197877493979788,0.003448468648647903,12,1.2973090791768576,False,
458397293962896128,Gaia DR3 458397293962896128,458408460877938816,-9.193233410691029,0.016704916760060827,0.5216377853547371,1.2809186496511484,0.009641049449302228,0.003611404491645702,12,1.2973090791768576,False,
458397293962896128,Gaia DR3 458397293962896128,458413713611890688,-9.251267514736494,0.020466466813393244,1.2920809040948205,0.7198578044821773,0.009269756177720865,0.0034807398934777983,12,1.2973090791768576,False,
458397293962896128,Gaia DR3 458397293962896128,458452922381439232,-9.197621161107682,0.019154587918971906,0.9595018566360551,0.812515582525585,0.009612697808190183,0.0036014607608917146,12,1.2973090791768576,False,
458397293962896128,Gaia DR3 458397293962896128,458454743447553152,-8.957273653787976,0.01653443400007068,0.44922439317177487,0.9519755336866829,0.011165713732669655,0.004146147826753214,12,1.2973090791768576,False,
458397293962896128,Gaia DR3 458397293962896128,458455327563093120,-9.23186736312896,0.008882973699638157,0.6517175853732879,1.5687343123103503,0.009391414476879243,0.0035238503729002253,12,1.2973090791768576,False,
458397293962896128,Gaia DR3 458397293962896128,458461718474405632,-8.84843468407227,0.011163827064634322,0.35192089958925854,1.343053262887088,0.011868981492994668,0.00439280392785843,12,1.2973090791768576,False,
458400214540894336,Gaia DR3 458400214540894336,458309333033639680,-8.540406045360228,0.019299115480089588,0.8330854344749042,1.2535430708037185,0.015889966059330816,0.006353469010595195,12,1.1249595867290647,False,
458400214540894336,Gaia DR3 458400214540894336,458310879221865088,-6.605907142498921,0.06934445951581356,0.5925431932926908,0.7543395749297918,0.05164608816386377,0.02399650740084777,9,1.1249595867290647,False,
458400214540894336,Gaia DR3 458400214540894336,458396744207145600,-8.64233729570159,0.024478236868956626,0.39905746412075077,1.2276725676200735,0.014243775303668429,0.0055084327859421505,12,1.1249595867290647,False,
458400214540894336,Gaia DR3 458400214540894336,458406364933891840,-8.71091668747627,0.02131658132868311,0.4710228261217895,0.8702469405704044,0.013136217411556357,0.004939892028125492,12,1.1249595867290647,False,
458400214540894336,Gaia DR3 458400214540894336,458407464445472384,-8.070463043562388,0.03822203228488492,0.5873659842517219,0.9395219342852213,0.02249028802220672,0.00899668574616328,12,1.1249595867290647,False,
458400214540894336,Gaia DR3 458400214540894336,458414164594361984,-7.823410912892888,0.019006751343591557,0.6413611512084283,1.0148021895815282,0.025118906298640067,0.009320988226776749,12,1.1249595867290647,False,
458400214540894336,Gaia DR3 458400214540894336,458454292462921344,-8.543930802210118,0.010150765964937074,0.7510355419706926,1.729867135453643,0.015833041199458945,0.006324247871726831,12,1.1249595867290647,False,
458400214540894336,Gaia DR3 458400214540894336,458454949605985280,-8.314844150406836,0.02481785386444906,0.6541943030633024,0.8214907891195139,0.01953279301434648,0.008223435007271048,12,1.1249595867290647,False,
458400313313975808,Gaia DR3 458400313313975808,458305931419660928,-8.476426935569915,0.01503375570960088,0.9042333919534018,1.3467560236717768,0.016923229349436703,0.006883872250159212,12,1.7732935123521785,False,
458400313313975808,Gaia DR3 458400313313975808,458358707979273984,-10.084872678277481,0.009775371354049338,0.8298939213087001,1.0048499779176558,0.00721816394230993,0.0027095642397646324,12,1.7732935123521785,False,
458400313313975808,Gaia DR3 458400313313975808,458404475148391936,-8.532918327074924,0.019496392184998372,0.47418470409964203,0.8404468604947427,0.016010892787699127,0.006415544116805402,12,1.7732935123521785,False,
458400313313975808,Gaia DR3 458400313313975808,458405845231841152,-8.778882632435943,0.016004869883044424,1.0343042335109862,0.95155335523539,0.012318395114862418,0.004550426128117182,12,1.7732935123521785,False,
458400313313975808,Gaia DR3 458400313313975808,458408460877942656,-9.72431750046998,0.01405923860003089,0.5209444389111417,1.0498957794618875,0.007592744090559889,0.0027278147586434543,12,1.7732935123521785,False,
458400313313975808,Gaia DR3 458400313313975808,458409629108976256,-8.537566870226257,0.02082218044072499,0.5181430289977417,0.9350207256451892,0.015935818767343297,0.006377006501093007,12,1.7732935123521785,False,
458400313313975808,Gaia DR3 458400313313975808,458454949605833344,-8.375354120457569,0.025519012354824764,0.8444428226483434,0.9476527896239875,0.01855555636720115,0.00772179182645753,12,1.7732935123521785,False,
458400313313975808,Gaia DR3 458400313313975808,458455258843620224,-8.77712566315044,0.00952497664406628,0.332196279355177,1.4318620441602377,0.012329747848700338,0.004554407856305678,12,1.7732935123521785,False,
458400420699435392,Gaia DR3 458400420699435392,458357471028756864,-8.956942352985632,0.010462313066634287,0.7606147389031797,1.172512738631314,0.011167854447285632,0.00414689863654508,12,1.2689794712652471,False,
458400420699435392,Gaia DR3 458400420699435392,458359493944675968,-9.372155238357337,0.007055286161042256,0.417853145773813,1.3051188086158858,0.008841196448695217,0.0032883301939702287,12,1.2689794712652471,False,
458400420699435392,Gaia DR3 458400420699435392,458396434969543808,-9.309897904211597,0.018043115134150255,0.5694013797404172,0.8187968392060504,0.009061905263885091,0.0033874214382780066,12,1.2689794712652471,False,
458400420699435392,Gaia DR3 458400420699435392,458403027733301248,-9.518256663212396,0.009347066137024495,0.5879932109237892,1.2436475536953484,0.008323251489763508,0.0030557893667299105,12,1.2689794712652471,False,
458400420699435392,Gaia DR3 458400420699435392,458405196702890752,-9.385514131150375,0.003717868130945461,0.49584347401735607,2.4138771678933777,0.008793837764918332,0.003267067649924614,12,1.2689794712652471,False,
458400420699435392,Gaia DR3 458400420699435392,458408460877938816,-9.193233410691029,0.011736566549287284,0.5786657474178873,1.32011205608997,0.009641049449302228,0.003611404491645702,12,1.2689794712652471,False,
458400420699435392,Gaia DR3 458400420699435392,458454743447553152,-8.957273653787976,0.01364453015875023,1.0649731611643565,0.895528439399617,0.011165713732669655,0.004146147826753214,12,1.2689794712652471,False,
458400420699435392,Gaia DR3 458400420699435392,458455258843620224,-8.77712566315044,0.011497906640087407,0.33980734395422557,1.1755998155164706,0.012329747848700338,0.004554407856305678,12,1.2689794712652471,False,
458401417131679744,Gaia DR3 458401417131679744,458388978906447488,-12.297948350669913,0.0020750645857552747,1.0343436060349565,1.40007494641857,0.005474663543869792,0.0019519530009726649,12,0.6453921262952621,True,invNV
458401417131679744,Gaia DR3 458401417131679744,458406090055982336,-12.28097228758987,0.0098533783319406,0.534842034801282,0.8926775243277291,0.0055045664997285665,0.001952890162474285,12,0.6453921262952621,False,
458401417131679744,Gaia DR3 458401417131679744,458413305600893184,-11.231381084434858,0.005735465244116315,0.4487163868899246,1.120856923744252,0.00553918003892642,0.0019968496196441053,12,0.6453921262952621,False,
458401417131679744,Gaia DR3 458401417131679744,458413511759296896,-10.825909681692025,0.008456403719880426,0.47000127472503406,0.8819757860372359,0.006289425793352232,0.0021420849184771375,12,0.6453921262952621,False,
458401417131679744,Gaia DR3 458401417131679744,458413889716469888,-10.887219925401881,0.008581577805197981,0.42958031027002574,0.9297545532607117,0.0061759831442899865,0.002120124278327197,12,0.6453921262952621,False,
458401417131679744,Gaia DR3 458401417131679744,458413919770330368,-10.850654761257717,0.007360525463168603,0.5358708523943642,1.1045579257071703,0.0062436398494817,0.0021332215091193884,12,0.6453921262952621,False,
458401417131679744,Gaia DR3 458401417131679744,458414370752756352,-10.983330691761331,0.007918038281771143,0.4263976224416781,0.9345414781734921,0.005998148914975616,0.00208569848213328,12,0.6453921262952621,False,
458401417131679744,Gaia DR3 458401417131679744,458416191818849536,-11.174849050414458,0.004110990124816218,1.0274127752993143,0.9295804868476347,0.005643781542820297,0.002017098758791902,12,0.6453921262952621,True,invNV
458401932527744896,Gaia DR3 458401932527744896,458359493944675968,-9.372155238357337,0.009633423258092685,0.36183097444215595,0.7843340760924716,0.008841196448695217,0.0032883301939702287,12,1.6701644965904987,False,
458401932527744896,Gaia DR3 458401932527744896,458405196702890752,-9.385514131150375,0.004537368873539647,0.5981909591044786,1.494438906883719,0.008793837764918332,0.003267067649924614,12,1.6701644965904987,False,
458401932527744896,Gaia DR3 458401932527744896,458406364933891840,-8.71091668747627,0.015078094112425429,0.875668151288606,1.1786113223561143,0.013136217411556357,0.004939892028125492,12,1.6701644965904987,False,
458401932527744896,Gaia DR3 458401932527744896,458454292462921344,-8.543930802210118,0.01193619171808578,1.2942002227634455,1.1662460075197427,0.015833041199458945,0.006324247871726831,12,1.6701644965904987,False,
458401932527744896,Gaia DR3 458401932527744896,458454709087819008,-9.381717063740467,0.01823062905427204,0.5306347705933483,1.1305907128005515,0.008807298769324253,0.0032731112131373827,12,1.6701644965904987,False,
458401932527744896,Gaia DR3 458401932527744896,458454743447553152,-8.957273653787976,0.012203227055776023,0.7003205334727813,1.0186201951096254,0.011165713732669655,0.004146147826753214,12,1.6701644965904987,False,
458401932527744896,Gaia DR3 458401932527744896,458455258843620224,-8.77712566315044,0.010890563712859066,0.36926453459146347,1.481755328469161,0.012329747848700338,0.004554407856305678,12,1.6701644965904987,False,
458401932527744896,Gaia DR3 458401932527744896,458461718474405632,-8.84843468407227,0.008479451137093252,0.3866464573015139,1.6135936674031959,0.011868981492994668,0.00439280392785843,12,1.6701644965904987,False,
458402447923776512,Gaia DR3 458402447923776512,458396434969543808,-9.309897904211597,0.01630089507809621,0.49297162220881063,0.8608086610098313,0.009061905263885091,0.0033874214382780066,12,1.0653489784214307,False,
458402447923776512,Gaia DR3 458402447923776512,458404505202051968,-9.725192897327254,0.007817559679031014,0.4538602390733539,0.9913746860022273,0.007589640716381712,0.0027264214422568676,12,1.0653489784214307,False,
458402447923776512,Gaia DR3 458402447923776512,458413992795668480,-9.476717363302752,0.01254921421764917,0.8577586140984883,1.016271759054413,0.008470512688667602,0.003121904965352957,12,1.0653489784214307,False,
458402447923776512,Gaia DR3 458402447923776512,458453506490773120,-9.89779662917168,0.004226286056020951,0.5815255583980252,1.122862668327147,0.007376559156172224,0.0026969238351654155,12,1.0653489784214307,False,
458402447923776512,Gaia DR3 458402447923776512,458453678295539456,-9.582020682847242,0.007018636788718222,0.7230960078600325,1.1361671634576667,0.008097201315620068,0.0029543000219903583,12,1.0653489784214307,False,
458402447923776512,Gaia DR3 458402447923776512,458454537288960768,-8.583203180765567,0.011051818571763662,0.46906508972070926,1.3034597892534951,0.015198791876367699,0.005998669774759498,12,1.0653489784214307,False,
458402447923776512,Gaia DR3 458402447923776512,458455258843620224,-8.77712566315044,0.009225618139760148,0.3753828812973986,1.4574243503584365,0.012329747848700338,0.004554407856305678,12,1.0653489784214307,False,
458402447923776512,Gaia DR3 458402447923776512,458461718474405632,-8.84843468407227,0.010751444289779595,0.384460055974513,0.884674798668183,0.011868981492994668,0.00439280392785843,12,1.0653489784214307,False,
458403066399286656,Gaia DR3 458403066399286656,458307786845557760,-9.034710584979882,0.012709377119522752,0.39511717567196003,0.6939626178045116,0.010665351616894171,0.003970656533705882,12,0.9856810794137768,False,
458403066399286656,Gaia DR3 458403066399286656,458357471028756864,-8.956942352985632,0.006403324101194958,0.8893414399087652,1.6148254780240758,0.011167854447285632,0.00414689863654508,12,0.9856810794137768,False,
458403066399286656,Gaia DR3 458403066399286656,458410110145267712,-8.827677831506254,0.007728174295916701,0.36291948247397815,1.3604943929376094,0.012003102803161686,0.004439844104171406,12,0.9856810794137768,False,
458403066399286656,Gaia DR3 458403066399286656,458454292462921344,-8.543930802210118,0.015476915609734866,0.7442715994106748,1.0212371523896007,0.015833041199458945,0.006324247871726831,12,0.9856810794137768,False,
458403066399286656,Gaia DR3 458403066399286656,458454949605985280,-8.314844150406836,0.013995266388885652,0.5220107239117895,1.2508272408722585,0.01953279301434648,0.008223435007271048,12,0.9856810794137768,False,
458403066399286656,Gaia DR3 458403066399286656,458457629665412736,-8.508151363580636,0.011581645258030791,0.38575597524842953,1.6275253361255384,0.01641087950633139,0.006620868600290528,12,0.9856810794137768,False,
458403066399286656,Gaia DR3 458403066399286656,458459141493858304,-8.899936593886906,0.00629049451352256,0.5406897344389646,1.5913625777195912,0.011536199651505282,0.004276087826010605,12,0.9856810794137768,False,
458403066399286656,Gaia DR3 458403066399286656,458461718474405632,-8.84843468407227,0.010264341047791406,0.33415794884749966,1.1951830952145952,0.011868981492994668,0.00439280392785843,12,0.9856810794137768,False,
458403856672972800,Gaia DR3 458403856672972800,458307786845557760,-9.034710584979882,0.011814063731520094,0.3961782889692798,0.9650995170189817,0.010665351616894171,0.003970656533705882,12,1.389022323670059,False,
458403856672972800,Gaia DR3 458403856672972800,458396434969543808,-9.309897904211597,0.012853950180987193,0.5130467439687224,1.0556457770630427,0.009061905263885091,0.0033874214382780066,12,1.389022323670059,False,
458403856672972800,Gaia DR3 458403856672972800,458405815178103296,-9.27154298596212,0.0051074213598850384,0.5276064609613627,1.512792595768292,0.009197877493979788,0.003448468648647903,12,1.389022323670059,False,
458403856672972800,Gaia DR3 458403856672972800,458413992795668480,-9.476717363302752,0.013537364700670499,1.0316617856464512,0.9252172282307302,0.008470512688667602,0.003121904965352957,12,1.389022323670059,False,
458403856672972800,Gaia DR3 458403856672972800,458440484155007488,-9.077216221767133,0.007183771638914257,0.7759254758090912,1.8092536884984298,0.010390699586811193,0.0038743282179167548,12,1.389022323670059,False,
458403856672972800,Gaia DR3 458403856672972800,458452922381439232,-9.197621161107682,0.015633754106353294,1.1811598256365314,0.8737011229583698,0.009612697808190183,0.0036014607608917146,12,1.389022323670059,False,
458403856672972800,Gaia DR3 458403856672972800,458454537288960768,-8.583203180765567,0.00953949394715512,0.45888932183590786,1.661353434778643,0.015198791876367699,0.005998669774759498,12,1.389022323670059,False,
458403856672972800,Gaia DR3 458403856672972800,458461718474405632,-8.84843468407227,0.006303919284086856,0.3515072839844136,1.417307105343018,0.011868981492994668,0.00439280392785843,12,1.389022323670059,False,
458404784385989120,Gaia DR3 458404784385989120,458361761687408128,-10.001423445893185,0.0072863027465029494,0.5564884024546014,0.7908124703030166,0.007288819480917545,0.0027039257196768206,12,1.1171476881849562,False,
458404784385989120,Gaia DR3 458404784385989120,458409830961481344,-9.918227298032184,0.004435843619261161,1.0662017987814951,1.478082688149783,0.007359260735669025,0.002698304300071874,12,1.1171476881849562,False,
458404784385989120,Gaia DR3 458404784385989120,458413060776879232,-10.006731028238796,0.004837850291323986,0.42561715771176173,1.2636254530366953,0.007284325609870217,0.002704284343822524,12,1.1171476881849562,False,
458404784385989120,Gaia DR3 458404784385989120,458413305604864000,-9.818670195426748,0.007982769772658336,0.7860176687325879,1.2582295996830994,0.007443554629163536,0.002691577399094043,12,1.1171476881849562,False,
458404784385989120,Gaia DR3 458404784385989120,458452578783931648,-9.9269512588629,0.004915356793233693,0.4367867822642258,1.3919482437953645,0.0073518742548869444,0.002698893762994226,12,1.1171476881849562,False,
458404784385989120,Gaia DR3 458404784385989120,458454601700570752,-10.366796608410205,0.009449831795007614,0.8732306385531182,0.845730943051917,0.006926874134791858,0.0025919073997948522,12,1.1171476881849562,False,
458404784385989120,Gaia DR3 458404784385989120,458454777807293824,-10.386070117655454,0.00851224438947667,0.41674690963924094,1.1921422589188895,0.00690187752592481,0.002570650773897717,12,1.1171476881849562,False,
458404784385989120,Gaia DR3 458404784385989120,458455877318747648,-10.361871044279967,0.007661644511287604,0.48672231543298383,1.2099521546478342,0.006933262302013842,0.002597339771902937,12,1.1171476881849562,False,
458405265422341376,Gaia DR3 458405265422341376,458305931419660928,-8.476426935569915,0.015783047686722746,0.709889537829623,0.9355913087080487,0.016923229349436703,0.006883872250159212,12,1.4001539858495002,False,
458405265422341376,Gaia DR3 458405265422341376,458307786845557760,-9.034710584979882,0.008402100855889959,0.4197698154878587,1.3441225819706004,0.010665351616894171,0.003970656533705882,12,1.4001539858495002,False,
458405265422341376,Gaia DR3 458405265422341376,458355890480894464,-8.975752218650774,0.010510521272080336,0.4280624715328876,1.0702370011058338,0.011046313678084192,0.004104270815467798,12,1.4001539858495002,False,
458405265422341376,Gaia DR3 458405265422341376,458357471028756864,-8.956942352985632,0.010826943920401422,0.766707679698967,1.112264372513211,0.011167854447285632,0.00414689863654508,12,1.4001539858495002,False,
458405265422341376,Gaia DR3 458405265422341376,458406158775439616,-8.92958621441649,0.015508324119401284,0.8391844996393333,1.0587539220217632,0.011344617332426067,0.004208894431786283,12,1.4001539858495002,False,
458405265422341376,Gaia DR3 458405265422341376,458454292462921344,-8.543930802210118,0.011553137693902685,0.822844769553387,1.1773366626695347,0.015833041199458945,0.006324247871726831,12,1.4001539858495002,False,
458405265422341376,Gaia DR3 458405265422341376,458454537288960768,-8.583203180765567,0.014370219267550393,0.5511257716673313,0.9718523186672062,0.015198791876367699,0.005998669774759498,12,1.4001539858495002,False,
458405265422341376,Gaia DR3 458405265422341376,458459141493858304,-8.899936593886906,0.008297621744212615,0.7212664837791293,1.1167235953425312,0.011536199651505282,0.004276087826010605,12,1.4001539858495002,False,
458405368501575552,Gaia DR3 458405368501575552,458357471028756864,-8.956942352985632,0.010678591862881438,0.674489679722672,1.1019474656613668,0.011167854447285632,0.004138299680910085,12,0.7987250006505519,False,
458405368501575552,Gaia DR3 458405368501575552,458361761687408128,-10.001423445893185,0.0043000016048370055,0.3627612618435493,1.2977311846592055,0.007287447848098042,0.0027105074954417913,12,0.7987250006505519,False,
458405368501575552,Gaia DR3 458405368501575552,458375063214603904,-9.991270248508277,0.004138887149430806,0.37514795668938095,1.9611020607314804,0.007295988422774922,0.0027100902964431175,12,0.7987250006505519,False,
458405368501575552,Gaia DR3 458405368501575552,458405196702890752,-9.385514131150375,0.0071944540650918905,0.5610406900801248,1.0283295436144446,0.00879309000481497,0.0032571667304530038,12,0.7987250006505519,False,
458405368501575552,Gaia DR3 458405368501575552,458409830961481344,-9.918227298032184,0.009586171332948265,1.227561374119871,0.9054344599151165,0.00735743003072475,0.0027070889319818986,12,0.7987250006505519,True,invNV
458405368501575552,Gaia DR3 458405368501575552,458413060776879232,-10.006731028238796,0.005704697280827058,0.409107887251096,1.2089570729933645,0.007282983264020934,0.0027107255861531236,12,0.7987250006505519,False,
458405368501575552,Gaia DR3 458405368501575552,458455877318747648,-10.361871044279967,0.004844747325972518,0.34340870150411273,1.2217512596984454,0.006933262302013842,0.002597339771902937,12,0.7987250006505519,False,
458405368501575552,Gaia DR3 458405368501575552,458461404928737024,-9.401749242291386,0.005854197213713992,0.612013521077704,1.108627027497765,0.00873544523914929,0.0032323569898674792,12,0.7987250006505519,False,
458405501634462592,2MASS J02214965+5701357,458357471028756864,-8.956942352985632,0.008016834325807099,0.959885133947334,1.5362061423857012,0.011167854447285632,0.004138299680910085,12,1.782063880762976,False,
458405501634462592,2MASS J02214965+5701357,458361761687408128,-10.001423445893185,0.007279803535693028,0.4324657686422106,0.9416495915884829,0.007287447848098042,0.0027105074954417913,12,1.782063880762976,False,
458405501634462592,2MASS J02214965+5701357,458373375282357248,-9.834400262512716,0.00799869070914053,0.59253109489898,0.9417499967159265,0.007427942897721671,0.0027036444450922316,12,1.782063880762976,False,
458405501634462592,2MASS J02214965+5701357,458405196702890752,-9.385514131150375,0.004441259267676178,0.5048344811955094,1.9579005608542308,0.00879309000481497,0.0032571667304530038,12,1.782063880762976,False,
458405501634462592,2MASS J02214965+5701357,458409830961481344,-9.918227298032184,0.007936145080179197,1.5949903390450115,0.9627290324558505,0.00735743003072475,0.0027070889319818986,12,1.782063880762976,False,
458405501634462592,2MASS J02214965+5701357,458412584046332928,-9.996900751545962,0.002867768772274163,0.6522219467362198,2.8835473532789564,0.0072912522071929,0.0027103216560966635,12,1.782063880762976,False,
458405501634462592,2MASS J02214965+5701357,458413060776879232,-10.006731028238796,0.005460949741085301,0.4211827108514113,1.0892025457361107,0.007282983264020934,0.0027107255861531236,12,1.782063880762976,False,
458405501634462592,2MASS J02214965+5701357,458413305604864000,-9.818670195426748,0.009239585925194313,0.9238402071036235,1.011174086576429,0.007441174573175922,0.0027029980902555676,12,1.782063880762976,False,
458405780818384512,Gaia DR3 458405780818384512,458361761687408128,-10.001423445893185,0.006393370156211974,0.39251043308107564,0.7567309140539242,0.007287447848098042,0.0026876586961382103,12,0.6990120614836802,False,
458405780818384512,Gaia DR3 458405780818384512,458409830961481344,-9.918227298032184,0.006531394332426493,1.3572169250040578,1.1380012292485067,0.00735743003072475,0.0026884871602450913,12,0.6990120614836802,True,invNV
458405780818384512,Gaia DR3 458405780818384512,458413060776879232,-10.006731028238796,0.004783289650321857,0.3824887377155323,1.2598711187615217,0.007282983264020934,0.002687605843433119,12,0.6990120614836802,False,
458405780818384512,Gaia DR3 458405780818384512,458413305604864000,-9.818670195426748,0.008846279348489406,0.8352850638178599,1.0408815245198568,0.007441174573175922,0.0026894785461230946,12,0.6990120614836802,False,
458405780818384512,Gaia DR3 458405780818384512,458413614838529664,-9.747739024746826,0.008456836261672613,0.5713868222159151,1.1762865581758837,0.0075069658182735245,0.002693662761410016,12,0.6990120614836802,False,
458405780818384512,Gaia DR3 458405780818384512,458453678295539456,-9.582020682847242,0.008414653118122959,1.226241658898118,1.131321977624984,0.008095369242329876,0.0029502248331616404,12,0.6990120614836802,True,invNV
458405780818384512,Gaia DR3 458405780818384512,458454777807293824,-10.386070117655454,0.009850795520378083,0.45876494578296156,1.251802231897582,0.00690187752592481,0.002544783928576125,12,0.6990120614836802,False,
458405780818384512,Gaia DR3 458405780818384512,458455877318747648,-10.361871044279967,0.008470111779915015,0.40613268051459256,1.0200600968941924,0.006933262302013842,0.0025697529422703644,12,0.6990120614836802,False,
458406291908440832,Gaia DR3 458406291908440832,458306309379450624,-9.503299028116405,0.025240077727167024,0.352983190337503,1.1835385353865142,0.008370470043925897,0.003060454526963498,12,1.2324194611281891,True,amplitude
458406291908440832,Gaia DR3 458406291908440832,458308714558357632,-7.972097978123092,0.022524107060797632,0.4919145787501851,1.2131474510203049,0.023700246260716862,0.009131024228940986,12,1.2324194611281891,False,
458406291908440832,Gaia DR3 458406291908440832,458310466905091584,-9.123601752769673,0.02156839483529762,0.5966293625657331,1.3161861254432519,0.01008498237857102,0.003741273004163959,12,1.2324194611281891,False,
458406291908440832,Gaia DR3 458406291908440832,458401279692744832,-7.280535358817321,0.030524338108343214,1.4150393140097828,1.4409789440456944,0.04386869578296697,0.014774108910188068,12,1.2324194611281891,True,invNV
458406291908440832,Gaia DR3 458406291908440832,458408731449863424,-8.742185569353127,0.021781167332664834,0.5284915374901153,1.225904896446904,0.012625644514752189,0.004649378757477679,12,1.2324194611281891,False,
458406291908440832,Gaia DR3 458406291908440832,458409594749240192,-7.364654400892597,0.058877166877309525,0.7178245302437495,0.7799909262142547,0.0407017139894179,0.013815962824390546,12,1.2324194611281891,False,
458406291908440832,Gaia DR3 458406291908440832,458458557378323840,-7.099495254956039,0.03915563534495148,1.112136076137035,1.2864460160213802,0.04952224251236308,0.019603377923889633,12,1.2324194611281891,False,
458406291908440832,Gaia DR3 458406291908440832,458460653322291840,-6.892005361438034,0.02940851989150702,0.5019889700514639,1.730077964231315,0.05573147728603314,0.02578163976785565,10,1.2324194611281891,False,
458406433653361152,Gaia DR3 458406433653361152,458293699352813312,-11.420295043628403,0.008452891508949803,0.7458718652555166,0.8713243963429277,0.005692643319579397,0.0018820123713633142,12,1.657886054382294,False,
458406433653361152,Gaia DR3 458406433653361152,458309191287717632,-13.49122646648886,0.0049454185113145185,0.3759190767087051,1.203561585247699,0.005272091226642918,0.0018026597238899062,12,1.657886054382294,False,
458406433653361152,Gaia DR3 458406433653361152,458310604343959552,-11.191631936946367,0.00782965351743847,0.35528201454705804,0.8066684334785104,0.005612728084346037,0.0020110873174812344,12,1.657886054382294,False,
458406433653361152,Gaia DR3 458406433653361152,458388188632487040,-13.587479754646505,0.005412259460754835,0.5151393651770863,0.9712583173504097,0.005413805592874605,0.002005561233425855,12,1.657886054382294,False,
458406433653361152,Gaia DR3 458406433653361152,458407597578488064,-10.531712500246195,0.013307411941872346,0.6760840787663929,1.1216432720479947,0.006712987914502171,0.002394507651921096,12,1.657886054382294,False,
458406433653361152,Gaia DR3 458406433653361152,458407601884442496,-13.469238658512081,0.005030469492643152,0.6066947833395459,1.2450588690677837,0.005239718428457056,0.0017563095210524934,12,1.657886054382294,False,
458406433653361152,Gaia DR3 458406433653361152,458414164594352000,-12.464171402989992,0.00462595371010324,0.3326394507225959,1.4796397947427211,0.005181865350743285,0.0019427766775470463,12,1.657886054382294,False,
458406433653361152,Gaia DR3 458406433653361152,458459725610800896,-12.051606669159654,0.00733744160359952,1.0422707144737122,0.9731049691900782,0.005756459948013552,0.001842702213464655,12,1.657886054382294,False,
458406433653643648,Gaia DR3 458406433653643648,458307786845557760,-9.034710584979882,0.007927717024654982,0.4480920931815713,1.5216838571033375,0.010659434192844455,0.003941806680184299,12,1.567488195803105,False,
458406433653643648,Gaia DR3 458406433653643648,458311046713582848,-9.818772591363247,0.011158748361588531,0.47608829137862757,0.9726607924413986,0.007438708949716842,0.0026764785537694404,12,1.567488195803105,False,
458406433653643648,Gaia DR3 458406433653643648,458359493944675968,-9.372155238357337,0.0074515124903552065,0.4307242782665179,1.1180768936368635,0.008835234506155374,0.003265310328282177,12,1.567488195803105,False,
458406433653643648,Gaia DR3 458406433653643648,458404505202051968,-9.725192897327254,0.005248544375340942,0.40498375900087363,1.0072588666776994,0.0075840936170645055,0.002713840734054197,12,1.567488195803105,False,
458406433653643648,Gaia DR3 458406433653643648,458409830961481344,-9.918227298032184,0.008815123159405667,0.7625389624986592,0.7671426755057892,0.0073555993257804755,0.0026784861626074122,12,1.567488195803105,False,
458406433653643648,Gaia DR3 458406433653643648,458413305604864000,-9.818670195426748,0.014290634781617798,0.9294490546845107,0.8639073822662361,0.007438794517188308,0.00267647648678846,12,1.567488195803105,False,
458406433653643648,Gaia DR3 458406433653643648,458453678295539456,-9.582020682847242,0.010182752318419613,1.5288628447555996,0.8899872118596862,0.008091485979228607,0.0029374857787624205,12,1.567488195803105,False,
458406433653643648,Gaia DR3 458406433653643648,458459141493858304,-8.899936593886906,0.012409664416770244,0.6913892410222613,0.9696195289903515,0.011530399954969623,0.004245849528735004,12,1.567488195803105,False,
458406463707133184,NGC 884 2433,458293699352813312,-11.420295043628403,0.00851379900572527,0.6324371206749662,0.8373112793726641,0.005692643319579397,0.0018820123713633142,12,1.406765762219264,False,
458406463707133184,NGC 884 2433,458310604343959552,-11.191631936946367,0.004298908212031338,0.3673580146314967,1.1911657066243597,0.005612728084346037,0.0020110873174812344,12,1.406765762219264,False,
458406463707133184,NGC 884 2433,458409830961481344,-9.918227298032184,0.0105395755757727,0.682433442218096,0.9544366100909595,0.0073555993257804755,0.0026784861626074122,12,1.406765762219264,False,
458406463707133184,NGC 884 2433,458413060776879232,-10.006731028238796,0.01464416749404284,0.5934094699927399,0.8316462797022091,0.007281640918171651,0.002680272713258532,12,1.406765762219264,False,
458406463707133184,NGC 884 2433,458414164594352000,-12.464171402989992,0.006287129133918213,0.3971344895727638,1.5185014849586898,0.005181865350743285,0.0019427766775470463,12,1.406765762219264,False,
458406463707133184,NGC 884 2433,458453918813701120,-11.297742045903485,0.007832751970664936,1.0462781775591625,0.9623711946899036,0.0055574108563353165,0.001959855696864899,12,1.406765762219264,False,
458406463707133184,NGC 884 2433,458456049117436416,-11.437551841220287,0.004501829609606295,0.5726105647431684,1.2957565271742397,0.005711685524089914,0.0018710511828408172,12,1.406765762219264,False,
458406463707133184,NGC 884 2433,458459725610800896,-12.051606669159654,0.005924177749080052,0.8111365204067149,1.0153648685222714,0.005756459948013552,0.001842702213464655,12,1.406765762219264,False,
458406845970182656,Gaia DR3 458406845970182656,458293699352813312,-11.420295043628403,0.0060357096476025066,0.8329160585481272,0.9275328128580612,0.005692643319579397,0.0018820123713633142,12,1.7158832285859262,False,
458406845970182656,Gaia DR3 458406845970182656,458310604343959552,-11.191631936946367,0.003764786568915426,0.418470801434394,1.1360829782874917,0.005612728084346037,0.0020110873174812344,12,1.7158832285859262,False,
458406845970182656,Gaia DR3 458406845970182656,458452888021564288,-11.143645094103963,0.002239482895114926,0.718141762369164,2.2150864141678706,0.005701518378475969,0.00202827566519978,12,1.7158832285859262,False,
458406845970182656,Gaia DR3 458406845970182656,458453918813701120,-11.297742045903485,0.009035765219675206,1.4402814464667961,0.8552940620441197,0.0055574108563353165,0.001959855696864899,12,1.7158832285859262,False,
458406845970182656,Gaia DR3 458406845970182656,458454296770820992,-12.029515682984282,0.0047432978856979825,0.4520527429313688,0.946232945437408,0.005778433251727513,0.0018302424594588695,12,1.7158832285859262,False,
458406845970182656,Gaia DR3 458406845970182656,458454709087817344,-11.281612106911517,0.005560740266510678,0.5810949280428929,1.0242683970031032,0.005539612096432628,0.001970101126308337,12,1.7158832285859262,False,
458406845970182656,Gaia DR3 458406845970182656,458456049117436416,-11.437551841220287,0.007162813674213603,0.5815093002734093,0.8948798651455065,0.005711685524089914,0.0018710511828408172,12,1.7158832285859262,False,
458406845970182656,Gaia DR3 458406845970182656,458459725610800896,-12.051606669159654,0.003864027643554311,0.8262629624969458,1.3434167888718334,0.005756459948013552,0.001842702213464655,12,1.7158832285859262,False,
458407292646830976,Gaia DR3 458407292646830976,458359493944675968,-9.372155238357337,0.011991691548960641,0.42916922673429936,1.0112759104374387,0.008835234506155374,0.003265310328282177,12,0.9445811562806028,False,
458407292646830976,Gaia DR3 458407292646830976,458361761687408128,-10.001423445893185,0.006381882487589835,0.49827612054306697,1.0096072100207283,0.00728607621527854,0.002680165573540542,12,0.9445811562806028,False,
458407292646830976,Gaia DR3 458407292646830976,458412584046332928,-9.996900751545962,0.0044294107155915625,0.5317349384382745,1.8179612107422418,0.007289855618375349,0.002680074277698977,12,0.9445811562806028,False,
458407292646830976,Gaia DR3 458407292646830976,458413060776879232,-10.006731028238796,0.00536679298193773,0.3902627712231318,1.1106276936175417,0.007281640918171651,0.002680272713258532,12,0.9445811562806028,False,
458407292646830976,Gaia DR3 458407292646830976,458413305604864000,-9.818670195426748,0.011633314261741723,0.6550228713356634,0.8465407914389168,0.007438794517188308,0.00267647648678846,12,0.9445811562806028,False,
458407292646830976,Gaia DR3 458407292646830976,458455465002048896,-10.230794241658792,0.007254420709819081,0.574043606869204,1.1524266370217695,0.007094401821812968,0.002684795689622273,12,0.9445811562806028,False,
458407292646830976,Gaia DR3 458407292646830976,458460550243079808,-10.350784934252959,0.006419796655906708,0.4812943907339236,1.2448095009012818,0.006947640335234258,0.0025811917783276424,12,0.9445811562806028,False,
458407292646830976,Gaia DR3 458407292646830976,458461718474405632,-8.84843468407227,0.011166359344735768,0.7051716622801555,1.0405351176075635,0.011863226784306905,0.0043620350571062835,12,0.9445811562806028,False,
458407361366301440,Gaia DR3 458407361366301440,458307786845557760,-9.034710584979882,0.011326697330612655,0.553691740151408,0.9822487114040269,0.010659434192844455,0.003941806680184299,12,1.4148140023019904,False,
458407361366301440,Gaia DR3 458407361366301440,458311154099858304,-10.042899688002798,0.008464249528396599,0.6352293938867007,0.8708916589615052,0.007251416469154123,0.0026810028196902116,12,1.4148140023019904,False,
458407361366301440,Gaia DR3 458407361366301440,458357780266370304,-10.280647121950594,0.007708534780959136,0.9201867653287225,0.9397034512716955,0.00703860495608268,0.002653561160770021,12,1.4148140023019904,False,
458407361366301440,Gaia DR3 458407361366301440,458359493944675968,-9.372155238357337,0.009557460372859677,0.4619007986366858,0.8301284813108488,0.008835234506155374,0.003265310328282177,12,1.4148140023019904,False,
458407361366301440,Gaia DR3 458407361366301440,458361761687408128,-10.001423445893185,0.0044240780696222495,0.450521386405235,1.332675179739022,0.00728607621527854,0.002680165573540542,12,1.4148140023019904,False,
458407361366301440,Gaia DR3 458407361366301440,458409830961481344,-9.918227298032184,0.010273248239596557,0.7385236517722926,0.8578678880652807,0.0073555993257804755,0.0026784861626074122,12,1.4148140023019904,False,
458407361366301440,Gaia DR3 458407361366301440,458413305604864000,-9.818670195426748,0.012354375468589609,0.7852040468139497,0.8301321913026769,0.007438794517188308,0.00267647648678846,12,1.4148140023019904,False,
458407361366301440,Gaia DR3 458407361366301440,458470755085403520,-9.980781409717522,0.008262364866148831,0.553936916807084,0.8691676514284329,0.00730332579472329,0.00267974889005066,12,1.4148140023019904,False,
458407464445792384,RS Per,458309191287717632,-13.49122646648886,0.0023887597373969797,0.35151034656837415,2.05949657032238,0.005272091226642918,0.0018026597238899062,12,0.8894095115734247,False,
458407464445792384,RS Per,458356474596389888,-12.805394313806568,0.004156078218425797,0.9165438582018036,1.3534209095007943,0.00470481298052245,0.0018568858307348069,12,0.8894095115734247,False,
458407464445792384,RS Per,458388188632487040,-13.587479754646505,0.006002814591709885,0.533903102006179,1.0472880277632566,0.005413805592874605,0.002005561233425855,12,0.8894095115734247,False,
458407464445792384,RS Per,458406811610473088,-12.845160597415486,0.004022596295386958,0.5223224266596794,1.3734522381239223,0.004723785252386688,0.0018065542695307906,12,0.8894095115734247,False,
458407464445792384,RS Per,458407601884442496,-13.469238658512081,0.004634182702740862,0.5136820862809742,1.2397546296866486,0.005239718428457056,0.0017563095210524934,12,0.8894095115734247,False,
458407464445792384,RS Per,458436773303299200,-12.631163832523002,0.004143473976649979,0.4086460052226592,1.2093122732639499,0.004887711916844606,0.001933557880745782,12,0.8894095115734247,False,
458407498805232896,Gaia DR3 458407498805232896,458307786845557760,-9.034710584979882,0.009004213538609992,0.41344217853374077,1.134156633508552,0.010659434192844455,0.003936991492310786,12,1.0599432832802007,False,
458407498805232896,Gaia DR3 458407498805232896,458357471028756864,-8.956942352985632,0.007434048906776053,0.5998725608737111,1.3838278026378459,0.011162004955190374,0.004119914368469318,12,1.0599432832802007,False,
458407498805232896,Gaia DR3 458407498805232896,458396434969543808,-9.309897904211597,0.017586682051413824,0.503136868371889,0.9393828790954156,0.009055870164749985,0.003340090977355359,12,1.0599432832802007,False,
458407498805232896,Gaia DR3 458407498805232896,458405196702890752,-9.385514131150375,0.009384458398452688,0.5111581053643739,1.047181455190937,0.008787891519984669,0.003225833756852226,12,1.0599432832802007,False,
458407498805232896,Gaia DR3 458407498805232896,458413713611890688,-9.251267514736494,0.012531017061224356,1.3192446381607645,1.0640672534311826,0.009263652183896775,0.003428682349996383,12,1.0599432832802007,True,invNV
458407498805232896,Gaia DR3 458407498805232896,458452922381439232,-9.197621161107682,0.01418520500129789,1.0502724169244946,0.8162804880146309,0.00960663807881148,0.0035538006909030355,12,1.0599432832802007,False,
458407498805232896,Gaia DR3 458407498805232896,458459141493858304,-8.899936593886906,0.010008872893237706,0.63127519473299,1.0075432316078825,0.011530399954969623,0.0042540007060976465,12,1.0599432832802007,False,
458407498805232896,Gaia DR3 458407498805232896,458461718474405632,-8.84843468407227,0.009080964263958522,0.33362671684376655,1.1414542374945096,0.011863226784306905,0.004375141141328926,12,1.0599432832802007,False,
458407533164943360,V0622 Per,458309191287717632,-13.49122646648886,0.005416717168742599,0.47734404583137824,1.0393464487283717,0.005272091226642918,0.0018026597238899062,12,0.9352624312045523,False,
458407533164943360,V0622 Per,458407601884442496,-13.469238658512081,0.00791423206696154,0.43212733513661267,0.8451895750400642,0.005239718428457056,0.0017563095210524934,12,0.9352624312045523,False,
458407533164943360,V0622 Per,458408323438859520,-11.284539208777858,0.007144300544013352,0.5868944646033393,1.1510246911281063,0.005542842039419744,0.0019682418870601115,12,0.9352624312045523,False,
458407533164943360,V0622 Per,458414164594352000,-12.464171402989992,0.0043285591655584195,0.3639371490021167,1.5186956761742254,0.005181865350743285,0.0019427766775470463,12,0.9352624312045523,False,
458407533164943360,V0622 Per,458454296770820992,-12.029515682984282,0.0041547037213824755,0.5214018396178355,1.357663590635359,0.005778433251727513,0.0018302424594588695,12,0.9352624312045523,False,
458407533164943360,V0622 Per,458456049117436416,-11.437551841220287,0.00779135693555945,0.4659265114192669,0.8552242462448856,0.005711685524089914,0.0018710511828408172,12,0.9352624312045523,False,
458407533164943360,V0622 Per,458459725610800896,-12.051606669159654,0.008459034940249103,0.8475993797465365,0.9106157907342893,0.005756459948013552,0.001842702213464655,12,0.9352624312045523,False,
458407533164943360,V0622 Per,458464261095005312,-11.431248680687203,0.00779937974499741,0.5791310651264743,1.075425059519069,0.005704730231759774,0.0018750548301295353,12,0.9352624312045523,False,
458407601884432384,V0621 Per,458309191287717632,-13.49122646648886,0.007421241665935679,0.5441123072754918,0.889490607688778,0.005272091226642918,0.0018026597238899062,12,0.9707997487137925,False,
458407601884432384,V0621 Per,458310604343959552,-11.191631936946367,0.007414564318394628,0.32017279445027763,0.8403298800000322,0.005612728084346037,0.0020110873174812344,12,0.9707997487137925,False,
458407601884432384,V0621 Per,458412824554259712,-11.131004477172393,0.010948059069060984,0.4413267779261081,0.843557113098555,0.005724907374893673,0.002032803392100054,12,0.9707997487137925,False,
458407601884432384,V0621 Per,458414164594352000,-12.464171402989992,0.005345763383281576,0.3607165025370986,1.3224946813797902,0.005181865350743285,0.0019427766775470463,12,0.9707997487137925,False,
458407601884432384,V0621 Per,458452888021564288,-11.143645094103963,0.005342546490857444,0.5465383703650654,1.458424873549874,0.005701518378475969,0.00202827566519978,12,0.9707997487137925,False,
458407601884432384,V0621 Per,458454296770820992,-12.029515682984282,0.0031649283238450523,0.47672880756399044,1.453555831823427,0.005778433251727513,0.0018302424594588695,12,0.9707997487137925,False,
458407601884432384,V0621 Per,458454709087817344,-11.281612106911517,0.007129638020307168,0.40668703499029,0.933772075359084,0.005539612096432628,0.001970101126308337,12,0.9707997487137925,False,
458407601884432384,V0621 Per,458459725610800896,-12.051606669159654,0.0073631702338841885,0.7379239125368702,1.0519572498051024,0.005756459948013552,0.001842702213464655,12,0.9707997487137925,False,
458407601884440832,Gaia DR3 458407601884440832,458309156927978880,-10.12491420851272,0.007189540417954748,0.37082293511348813,0.9961861109275706,0.007163738914427344,0.0027112866226559787,12,0.7348900521666099,False,
458407601884440832,Gaia DR3 458407601884440832,458357780266370304,-10.280647121950594,0.007412618356010233,1.2087962391134843,0.818038026101404,0.007014641356514353,0.0026894006906406417,12,0.7348900521666099,True,invNV
458407601884440832,Gaia DR3 458407601884440832,458359493944675968,-9.372155238357337,0.008971406343791358,0.4551821097023798,0.8931990416674069,0.008835234506155374,0.003246019238478645,12,0.7348900521666099,False,
458407601884440832,Gaia DR3 458407601884440832,458361761687408128,-10.001423445893185,0.002784241199504703,0.4488386411878023,1.9946282726354083,0.007273239368928491,0.0026993641307896457,12,0.7348900521666099,False,
458407601884440832,Gaia DR3 458407601884440832,458452578783931648,-9.9269512588629,0.007121014929656448,0.4006032220115009,0.9233150006565363,0.00733927457799619,0.0026921741675462237,12,0.7348900521666099,False,
458407601884440832,Gaia DR3 458407601884440832,458455980397966848,-10.202973446160925,0.009115708195546303,0.5547217742272106,0.9041303009557073,0.007094523032857112,0.0027188228999143853,12,0.7348900521666099,False,
458407601884440832,Gaia DR3 458407601884440832,458459141493858304,-8.899936593886906,0.010871584051792161,0.7527160470827517,1.1759935945544004,0.011530399954969623,0.0042540007060976465,12,0.7348900521666099,False,
458407601884440832,Gaia DR3 458407601884440832,458470755085403520,-9.980781409717522,0.008043253864575639,0.4468535664085649,1.0412009713667503,0.007291542862202947,0.002697371232671694,12,0.7348900521666099,False,
458407601884444160,Gaia DR3 458407601884444160,458307786845557760,-9.034710584979882,0.009136926761762448,0.37730834891763876,1.007179885494346,0.010655013186382909,0.003916730623530669,12,1.0715532112400905,False,
458407601884444160,Gaia DR3 458407601884444160,458355890480894464,-8.975752218650774,0.012972790685432398,0.5248968688728094,1.106686039763168,0.011036942258527305,0.00405493030899293,12,1.0715532112400905,False,
458407601884444160,Gaia DR3 458407601884444160,458357471028756864,-8.956942352985632,0.006787358439841709,0.6170767946044922,1.4309273443512252,0.011158791539434224,0.00409902104081544,12,1.0715532112400905,False,
458407601884444160,Gaia DR3 458407601884444160,458359493944675968,-9.372155238357337,0.008801707742851071,0.545936655395308,1.042021639673692,0.008829367305493335,0.0032320314227933,12,1.0715532112400905,False,
458407601884444160,Gaia DR3 458407601884444160,458413713611890688,-9.251267514736494,0.018677116977554583,1.464007137300731,0.7721480040065531,0.009255907829958939,0.003410219269947764,12,1.0715532112400905,True,invNV
458407601884444160,Gaia DR3 458407601884444160,458452922381439232,-9.197621161107682,0.015271380089696236,0.8406216302582102,0.7896015547127008,0.00959968738519494,0.0035348647106649292,12,1.0715532112400905,False,
458407601884444160,Gaia DR3 458407601884444160,458459141493858304,-8.899936593886906,0.00603038522922263,0.4972868784312039,1.385235613212712,0.011528071728744935,0.004232643772710773,12,1.0715532112400905,False,
458407601884444160,Gaia DR3 458407601884444160,458461718474405632,-8.84843468407227,0.009660974702324248,0.32582259425079985,1.0930797420975793,0.011861698283445743,0.004353365362880996,12,1.0715532112400905,False,
458407636244481280,Gaia DR3 458407636244481280,458359493944675968,-9.372155238357337,0.0033657169587214967,0.4627279536193049,2.4993162884966367,0.008825317412954472,0.0032341241551406136,12,0.6774841727766691,False,
458407636244481280,Gaia DR3 458407636244481280,458362762428329472,-9.78432574873623,0.00821426729532557,0.493715881701804,1.1153804038390756,0.00745030319519474,0.0026863821120243067,12,0.6774841727766691,False,
458407636244481280,Gaia DR3 458407636244481280,458404505202051968,-9.725192897327254,0.005932640754916576,0.4784506565130198,1.1829455091560723,0.007567954029562171,0.0027197967168714893,12,0.6774841727766691,False,
458407636244481280,Gaia DR3 458407636244481280,458453162899598848,-9.713281972915679,0.010748491595264382,0.6526697641980297,0.8306586249359816,0.007610375453557463,0.0027371492997599473,12,0.6774841727766691,False,
458407636244481280,Gaia DR3 458407636244481280,458453678295539456,-9.582020682847242,0.007570425563807966,1.9736950978342769,1.1562822892569704,0.008077869885370903,0.0029283789925405477,12,0.6774841727766691,True,invNV
458407636244481280,Gaia DR3 458407636244481280,458454292462921344,-8.543930802210118,0.007115137266464777,0.9603955547682362,1.5321082136383328,0.015853193283815115,0.006304281680634993,12,0.6774841727766691,False,
458407636244481280,Gaia DR3 458407636244481280,458461718474405632,-8.84843468407227,0.012749382407787939,0.46649042199395835,1.0459896535680588,0.01189378258517004,0.0043516136105554715,12,0.6774841727766691,False,
458407636244481280,Gaia DR3 458407636244481280,458470132306043904,-9.419139990505919,0.007423500431894402,0.5696101383549229,1.1689341310193462,0.008657978588247323,0.00316567381678068,12,0.6774841727766691,False,
458407670603899648,V0620 Per,458309191287717632,-13.49122646648886,0.006443263154771873,0.5389947297875839,0.9398156381060487,0.005308843346841102,0.001865664964324523,12,0.792482086043881,False,
458407670603899648,V0620 Per,458356474596389888,-12.805394313806568,0.0055389780098405355,1.221823457825635,1.050576478220243,0.004696901942508318,0.0018972730669487622,12,0.792482086043881,True,invNV
458407670603899648,V0620 Per,458373826264109312,-12.012401790053119,0.006472910278869964,0.4495864819105268,1.3241383259849633,0.005795455976024174,0.0018205898846796874,12,0.792482086043881,False,
458407670603899648,V0620 Per,458403032039334912,-12.31336000620802,0.004489663862694156,0.7971455306917992,1.0293971721096251,0.005445267707407572,0.001954935680261467,12,0.792482086043881,False,
458407670603899648,V0620 Per,458411999930803072,-11.759034455526914,0.0041471576423143825,0.48758074037400023,1.8031685453415331,0.006047473579427877,0.0016776856867304984,12,0.792482086043881,False,
458407670603899648,V0620 Per,458414164594352000,-12.464171402989992,0.005732800070011019,0.3785143569640576,1.1871711671086584,0.005174264735809588,0.00195573471497738,12,0.792482086043881,False,
458407670603899648,V0620 Per,458454296770820992,-12.029515682984282,0.003862687056052336,0.46412512593172106,1.3192605502815349,0.005778433251727513,0.0018302424594588695,12,0.792482086043881,False,
458407670603899648,V0620 Per,458459725610800896,-12.051606669159654,0.006903238865960652,0.7790897827129463,1.108711987857899,0.005756459948013552,0.001842702213464655,12,0.792482086043881,False,
458407769377174912,Gaia DR3 458407769377174912,458361761687408128,-10.001423445893185,0.003298370154003389,0.47964830256159324,1.8784386333286174,0.007264998147795849,0.0027036226808326764,12,1.038793364784808,False,
458407769377174912,Gaia DR3 458407769377174912,458411725052916864,-10.065577495305982,0.00789702703443496,0.4530724329564465,1.002824438941996,0.0072102390723982205,0.0027087174023231455,12,1.038793364784808,False,
458407769377174912,Gaia DR3 458407769377174912,458412790204894208,-9.943661705990348,0.0035212804074048034,0.6509981067895266,1.7272821591527963,0.007314301028898265,0.0026990355973936196,12,1.038793364784808,False,
458407769377174912,Gaia DR3 458407769377174912,458413713611890688,-9.251267514736494,0.011899115171382852,0.7053984124249535,1.0424159307372485,0.009255865807213593,0.0034102409846865295,12,1.038793364784808,False,
458407769377174912,Gaia DR3 458407769377174912,458414336393020544,-9.926489872139927,0.009443510348807742,0.5085470623380761,1.0814472343451125,0.007328958151139767,0.0026976719155722964,12,1.038793364784808,False,
458407769377174912,Gaia DR3 458407769377174912,458452578783931648,-9.9269512588629,0.009050261668395981,0.5371625628059186,0.8019079854256062,0.007328564331722567,0.002697708556078616,12,1.038793364784808,False,
458407769377174912,Gaia DR3 458407769377174912,458455980397966848,-10.202973446160925,0.007452312787217839,0.34328201479276704,0.8659479609379073,0.00709296393074997,0.0027196285468250305,12,1.038793364784808,False,
458407769377174912,Gaia DR3 458407769377174912,458461752834140416,-9.847707461306944,0.006067886797014633,0.3534639439384488,0.9692945200317866,0.0073962033525619185,0.0026914154992553913,12,1.038793364784808,False,
458407945482125824,Gaia DR3 458407945482125824,458361761687408128,-10.001423445893185,0.006394586974240899,0.7147360217225991,1.1579286254693275,0.007273239368928491,0.00269418477449639,12,2.6764201026607495,False,
458407945482125824,Gaia DR3 458407945482125824,458409830961481344,-9.918227298032184,0.005915778216676611,1.1958336698221814,1.077656890993781,0.007347010198505367,0.002684640910914511,12,2.6764201026607495,False,
458407945482125824,Gaia DR3 458407945482125824,458413305604864000,-9.818670195426748,0.01258353341756664,0.7626790906945043,0.829031059559404,0.007435288445014373,0.0026732201969715914,12,2.6764201026607495,False,
458407945482125824,Gaia DR3 458407945482125824,458454601700570752,-10.366796608410205,0.007094013945769021,0.7139042340086242,1.0050269618591363,0.006907309041961392,0.0025934238729981482,12,2.6764201026607495,False,
458407945482125824,Gaia DR3 458407945482125824,458455258843618176,-10.319974689227454,0.0054656629291272765,0.38297499565715964,1.281783308700674,0.006965643747880416,0.0026452487491670736,12,2.6764201026607495,False,
458407945482125824,Gaia DR3 458407945482125824,458460550243079808,-10.350784934252959,0.007528270690017138,0.3513102652743131,1.0077747149778513,0.006927257739484631,0.0026111464064811876,12,2.6764201026607495,False,
458407945482125824,Gaia DR3 458407945482125824,458470755085403520,-9.980781409717522,0.002321317189226829,0.4791231145083256,3.929655906177596,0.007291542862202947,0.0026918168189794846,12,2.6764201026607495,True,spike
458407945482125824,Gaia DR3 458407945482125824,458487866236233344,-9.878483477146332,0.0023166103304792453,0.3427693243938369,2.5949504406755186,0.007382251429171509,0.0026800816901511784,12,2.6764201026607495,False,
458407979841511680,Gaia DR3 458407979841511680,458310604343959552,-11.191631936946367,0.004452951348015257,0.47630202891445544,0.9132414242925982,0.005612714076646732,0.002006963903840419,12,0.8787714838125527,False,
458407979841511680,Gaia DR3 458407979841511680,458364239896996608,-10.436324167416322,0.0032492446784835897,0.48506108093349565,2.3273208908373686,0.006820641014317287,0.00250330436581865,12,0.8787714838125527,False,
458407979841511680,Gaia DR3 458407979841511680,458453918813701120,-11.297742045903485,0.0074132255103014945,0.7880405996430927,1.0532019408633113,0.0055574108563353165,0.001959855696864899,12,0.8787714838125527,False,
458407979841511680,Gaia DR3 458407979841511680,458454709087817344,-11.281612106911517,0.005686253485475516,0.9360111428603086,1.0448962240735433,0.005539612096432628,0.001970101126308337,12,0.8787714838125527,False,
458407979841511680,Gaia DR3 458407979841511680,458454777808585216,-10.609034595552043,0.009085778080903615,1.0342296344865658,0.9257672090699182,0.0066054223108909385,0.002299938566022961,12,0.8787714838125527,True,invNV
458407979841511680,Gaia DR3 458407979841511680,458456049117436416,-11.437551841220287,0.0044528146591288715,0.5011607156408983,1.009939173427385,0.005711685524089914,0.0018710511828408172,12,0.8787714838125527,False,
458407979841511680,Gaia DR3 458407979841511680,458464261095005312,-11.431248680687203,0.0033451634131313485,0.638855071492224,1.7598208393965047,0.005704730231759774,0.0018750548301295353,12,0.8787714838125527,False,
458407979841511680,Gaia DR3 458407979841511680,458470755085403520,-9.980781409717522,0.007364161610626192,0.5343757581536824,1.7538931949803869,0.007291542862202947,0.0026918168189794846,12,0.8787714838125527,False,
458408185999931008,Gaia DR3 458408185989566464,458310432535919104,-10.560041605038526,0.005019885213009043,0.562552589677576,1.113439791323238,0.0066664736788315734,0.002348486220962301,12,1.0447414952390264,False,
458408185999931008,Gaia DR3 458408185989566464,458361761687408128,-10.001423445893185,0.005293382531688959,0.5542375517733832,1.4859113177252798,0.0072746110017479935,0.0026808236355699653,12,1.0447414952390264,False,
458408185999931008,Gaia DR3 458408185989566464,458364239896996608,-10.436324167416322,0.007480321726374635,0.3515581606137007,0.8493301440151891,0.006820641014317287,0.0024882093162193575,12,1.0447414952390264,False,
458408185999931008,Gaia DR3 458408185989566464,458404853105476992,-10.48703366248201,0.008850755734163204,0.6438616938778756,1.3622422744725406,0.006757450667925081,0.002430939397397268,12,1.0447414952390264,False,
458408185999931008,Gaia DR3 458408185989566464,458409830961481344,-9.918227298032184,0.0061076570992516545,1.6767164288923897,1.1812547541691905,0.007348840903449642,0.0026748610931355858,12,1.0447414952390264,True,invNV
458408185999931008,Gaia DR3 458408185989566464,458413060776879232,-10.006731028238796,0.007968768542426296,0.6060014918151777,1.1452504534644636,0.007269875430139,0.0026812040219913722,12,1.0447414952390264,False,
458408185999931008,Gaia DR3 458408185989566464,458453162899636096,-10.917743283941686,0.012591630464615304,0.42314801047456985,0.9338251311767939,0.006119425884084146,0.002085718868288077,12,1.0447414952390264,False,
458408185999931008,Gaia DR3 458408185989566464,458454777808585216,-10.609034595552043,0.004142682641996462,0.7568693563810589,1.4125756426642606,0.0066054223108909385,0.002293154875502721,12,1.0447414952390264,False,
458408254719394176,Gaia DR3 458408254719394176,458405815178103296,-9.27154298596212,0.01266398548953289,0.4593832837435162,0.8434131028625294,0.009184486683354347,0.003379803989883001,12,1.62072378598667,False,
458408254719394176,Gaia DR3 458408254719394176,458408460877938816,-9.193233410691029,0.01581537934229449,0.7787018941265841,0.9723899363002674,0.009632646534448109,0.0035449020590620625,12,1.62072378598667,False,
458408254719394176,Gaia DR3 458408254719394176,458454292462921344,-8.543930802210118,0.010368861042791505,0.7820096950551249,1.3960408610033,0.015853193283815115,0.006304281680634993,12,1.62072378598667,False,
458408254719394176,Gaia DR3 458408254719394176,458454537288960768,-8.583203180765567,0.009224422840301033,0.6115132438491279,1.4719962611031294,0.015221636500190868,0.005976035881579367,12,1.62072378598667,False,
458408254719394176,Gaia DR3 458408254719394176,458454743447553152,-8.957273653787976,0.013320014895525438,0.7960113878957696,1.017150234818173,0.011180033666892495,0.004096967501553502,12,1.62072378598667,False,
458408254719394176,Gaia DR3 458408254719394176,458459141493858304,-8.899936593886906,0.011257544443987999,0.5829617980769837,1.0221300830305426,0.011556041126247356,0.004231116687672757,12,1.62072378598667,False,
458408254719394176,Gaia DR3 458408254719394176,458461718474405632,-8.84843468407227,0.010972531912721635,0.42707067551958366,0.9393086442309819,0.01189378258517004,0.0043516136105554715,12,1.62072378598667,False,
458408254719394176,Gaia DR3 458408254719394176,458487728797277056,-8.809953575866427,0.006721260365811683,0.4222336235273141,1.9240539285534328,0.012146135666311697,0.004441646293704693,12,1.62072378598667,False,
458408323438857088,Gaia DR3 458408323438857088,458359493944675968,-9.372155238357337,0.0069313092685616175,0.45875612185846476,1.2563222745656513,0.008827299272108227,0.0031712058011996395,12,1.0533505689719587,False,
458408323438857088,Gaia DR3 458408323438857088,458410110145267712,-8.827677831506254,0.010726016062467007,0.3601200532592155,1.121075357759002,0.011995596318567031,0.004390132324175481,12,1.0533505689719587,False,
458408323438857088,Gaia DR3 458408323438857088,458413713611890688,-9.251267514736494,0.009324316219360428,1.0141403915787945,1.142870105831304,0.009252295442723475,0.003333863809619849,12,1.0533505689719587,False,
458408323438857088,Gaia DR3 458408323438857088,458452922381439232,-9.197621161107682,0.019070288632771125,1.612989254277868,0.7906458216888531,0.009596438926921814,0.0034663622976185107,12,1.0533505689719587,True,invNV
458408323438857088,Gaia DR3 458408323438857088,458454292462921344,-8.543930802210118,0.01190644134556297,0.6889945851410167,1.0808415280493977,0.015829708774147275,0.006305563897863155,12,1.0533505689719587,False,
458408323438857088,Gaia DR3 458408323438857088,458461718474405632,-8.84843468407227,0.010543893294175263,0.4580997898807775,1.1271517138990053,0.011860983927218603,0.004338301255166056,12,1.0533505689719587,False,
458408323438857088,Gaia DR3 458408323438857088,458466082160906240,-9.321714885829564,0.007724339097698228,0.5590196105029777,1.2277480874253262,0.009004628747978102,0.0032390747877305936,12,1.0533505689719587,False,
458408323438857088,Gaia DR3 458408323438857088,458487728797277056,-8.809953575866427,0.005291969029945664,0.33865315177519967,1.623103949807166,0.012110541704865831,0.004434390822147983,12,1.0533505689719587,False,
458408357798573312,Gaia DR3 458408357798573312,458310947941339904,-9.820973847210684,0.005032535227370484,0.9591857077988637,1.17866710125726,0.007435613119234046,0.0026678910850003314,12,1.7408113632838405,False,
458408357798573312,Gaia DR3 458408357798573312,458404505202051968,-9.725192897327254,0.005840438799575516,0.3571434692256814,1.0370978561238644,0.007586150471790194,0.002696183186947361,12,1.7408113632838405,False,
458408357798573312,Gaia DR3 458408357798573312,458405196702890752,-9.385514131150375,0.004993908215482108,0.6111643834061677,1.4219860596901444,0.008780334385098626,0.0031532310157430955,12,1.7408113632838405,False,
458408357798573312,Gaia DR3 458408357798573312,458409830961481344,-9.918227298032184,0.007317035734768259,0.6054364014111256,1.026159591751837,0.007348840903449642,0.0026748610931355858,12,1.7408113632838405,False,
458408357798573312,Gaia DR3 458408357798573312,458412790204894208,-9.943661705990348,0.009925753500988023,0.6840552122679772,0.7520552420287595,0.007326147621956267,0.0026766839387918203,12,1.7408113632838405,False,
458408357798573312,Gaia DR3 458408357798573312,458452578783931648,-9.9269512588629,0.0045889200157398944,0.4017289367178733,1.170492142992639,0.007341057144567019,0.0026754863262501757,12,1.7408113632838405,False,
458408357798573312,Gaia DR3 458408357798573312,458461404928737024,-9.401749242291386,0.009162407353941126,0.7836682616455324,0.8157090651185184,0.008723257786600637,0.003131386193410596,12,1.7408113632838405,False,
458408357798573312,Gaia DR3 458408357798573312,458487728797277056,-8.809953575866427,0.005318986273883312,0.3819338203273452,2.321705834445748,0.012110541704865831,0.004434390822147983,12,1.7408113632838405,False,
458408804475281024,Gaia DR3 458408804475281024,458388978906447488,-12.297948350669913,0.0027451230572143512,0.8963012531321387,1.10274284618737,0.005472961930372099,0.001954854025638094,12,0.883434535914992,False,
458408804475281024,Gaia DR3 458408804475281024,458406090055982336,-12.28097228758987,0.0075613645525861774,0.49729824274432666,0.8652747448877809,0.005503467340698463,0.0019547640824107916,12,0.883434535914992,False,
458408804475281024,Gaia DR3 458408804475281024,458413305600893184,-11.231381084434858,0.005539987088471913,0.4806730431555527,1.163228428541215,0.005539175570589507,0.001995534285771403,12,0.883434535914992,False,
458408804475281024,Gaia DR3 458408804475281024,458413919770330368,-10.850654761257717,0.0068759344989926035,0.528146399612858,1.2313428671612763,0.006243544010974635,0.002105009752232552,12,0.883434535914992,False,
458408804475281024,Gaia DR3 458408804475281024,458416191818849536,-11.174849050414458,0.003143792929860548,0.6653938351563322,1.3927767946388772,0.005643763507411047,0.0020117897176068875,12,0.883434535914992,False,
458408804475281024,Gaia DR3 458408804475281024,458436773303299200,-12.631163832523002,0.006338230879669241,0.4086120836102962,1.0141304896800627,0.004874184996456478,0.00195661948066047,12,0.883434535914992,False,
458408804475281024,Gaia DR3 458408804475281024,458456289635586560,-10.419922284218275,0.0037139817423247705,0.48528325557253893,2.5998994270836397,0.006841079803530756,0.0025067331551584886,12,0.883434535914992,False,
458408804475281024,Gaia DR3 458408804475281024,458464261095005312,-11.431248680687203,0.0056352377932905404,0.6056957375754035,1.084234289682032,0.005704730231759774,0.0018750548301295353,12,0.883434535914992,False,
458409835267402752,Gaia DR3 458409835267402752,458405815178103296,-9.27154298596212,0.010453403020628284,0.3939254794912484,0.9678492289118394,0.009181014444370514,0.0033065825632652944,12,1.9776387778790705,False,
458409835267402752,Gaia DR3 458409835267402752,458408460877938816,-9.193233410691029,0.016543610897609896,1.00245417308502,1.007090365816828,0.009624894376723134,0.0034773187657977955,12,1.9776387778790705,False,
458409835267402752,Gaia DR3 458409835267402752,458452922381439232,-9.197621161107682,0.01875886385712074,1.0715964671216311,0.8601994528753509,0.009596438926921814,0.0034663622976185107,12,1.9776387778790705,False,
458409835267402752,Gaia DR3 458409835267402752,458454292462921344,-8.543930802210118,0.013214451731234667,0.8464576425196182,1.1871863883869243,0.015829708774147275,0.006305563897863155,12,1.9776387778790705,False,
458409835267402752,Gaia DR3 458409835267402752,458454571648870528,-9.2363817272389,0.015636703910806706,0.5932376023462569,0.7642775695022427,0.009345068808049134,0.003369574907931081,12,1.9776387778790705,False,
458409835267402752,Gaia DR3 458409835267402752,458454743447553152,-8.957273653787976,0.009153224989085993,0.8460300584179066,1.2374853619549382,0.011155141172941037,0.004066524012816442,12,1.9776387778790705,False,
458409835267402752,Gaia DR3 458409835267402752,458456427074516992,-9.4489908969356,0.016051484268349292,0.9499795181347233,0.7426162735677971,0.008557173740049384,0.0030678211495108174,12,1.9776387778790705,False,
458409835267402752,Gaia DR3 458409835267402752,458461718474405632,-8.84843468407227,0.007494065094558348,0.37326912890251523,1.4420026017389918,0.011860983927218603,0.004338301255166056,12,1.9776387778790705,False,
458409869627124736,Gaia DR3 458409869627124736,458388978906447488,-12.297948350669913,0.001939642161261501,0.8234939470619635,1.9432454322455632,0.005472961930372099,0.001954854025638094,12,1.5182068411417764,False,
458409869627124736,Gaia DR3 458409869627124736,458406090055982336,-12.28097228758987,0.007550858723674306,0.6247199109390518,0.8046327942604402,0.005503467340698463,0.0019547640824107916,12,1.5182068411417764,False,
458409869627124736,Gaia DR3 458409869627124736,458408323438849152,-10.860212117238312,0.007952945984815742,0.39623473115487157,0.8370818036222388,0.006225862281300469,0.002102261594460377,12,1.5182068411417764,False,
458409869627124736,Gaia DR3 458409869627124736,458416191818849536,-11.174849050414458,0.004997978701843721,0.9431843108542922,0.9188626822382242,0.005643763507411047,0.0020117897176068875,12,1.5182068411417764,False,
458409869627124736,Gaia DR3 458409869627124736,458455980397966848,-10.202973446160925,0.013557838086599841,0.44789476509860193,0.7928567214945408,0.007094782522996339,0.002695268420095968,12,1.5182068411417764,False,
458409869627124736,Gaia DR3 458409869627124736,458456289635586560,-10.419922284218275,0.004853888886584379,0.5357419595741902,1.8998414551912832,0.006841079803530756,0.0025067331551584886,12,1.5182068411417764,False,
458409869627124736,Gaia DR3 458409869627124736,458460855172912640,-11.35436634065421,0.004399547906778017,0.8090248104189989,0.8714336279447142,0.005619893561783184,0.0019238890253888401,12,1.5182068411417764,False,
458409869627124736,Gaia DR3 458409869627124736,458464261095005312,-11.431248680687203,0.004072810998105598,0.5085298864082364,1.4168922824848778,0.005704730231759774,0.0018750548301295353,12,1.5182068411417764,False,
458411480228897536,Gaia DR3 458411480228897536,458413060776879232,-10.006731028238796,0.008305491074918504,0.6094820998887901,0.9700865862817422,0.007269875430139,0.0026812040219913722,12,1.0481088509520542,False,
458411480228897536,Gaia DR3 458411480228897536,458413305600893184,-11.231381084434858,0.005822329971384153,0.3901365835680923,0.9773412033155376,0.005539175570589507,0.001995534285771403,12,1.0481088509520542,False,
458411480228897536,Gaia DR3 458411480228897536,458413305604864000,-9.818670195426748,0.0100583281238306,0.5559479720962048,1.0569564487665584,0.007437668501001987,0.002667725985751521,12,1.0481088509520542,False,
458411480228897536,Gaia DR3 458411480228897536,458413614838529664,-9.747739024746826,0.011776428517339019,0.5758184926663961,1.127830183481439,0.007506886692735383,0.0026658467055097742,12,1.0481088509520542,False,
458411480228897536,Gaia DR3 458411480228897536,458413919770330368,-10.850654761257717,0.006847126942750652,0.4342185876854683,0.8932094222872724,0.006243544010974635,0.002105009752232552,12,1.0481088509520542,False,
458411480228897536,Gaia DR3 458411480228897536,458416191818849536,-11.174849050414458,0.004560112833389783,0.6582907919660643,1.152509003230232,0.005643763507411047,0.0020117897176068875,12,1.0481088509520542,False,
458411480228897536,Gaia DR3 458411480228897536,458456289635586560,-10.419922284218275,0.007018389095430877,0.3751632403164451,1.4381539924451863,0.006841079803530756,0.0025067331551584886,12,1.0481088509520542,False,
458411480228897536,Gaia DR3 458411480228897536,458464261095005312,-11.431248680687203,0.005891776704530424,0.43911682188616147,0.9053638932207106,0.005704730231759774,0.0018750548301295353,12,1.0481088509520542,False,
458412274808691712,Gaia DR3 458412274808691712,458406090055982336,-12.28097228758987,0.0090140000176056,0.5555443460970076,0.9582218861745688,0.005503467340698463,0.0019547640824107916,12,0.7836669595626555,False,
458412274808691712,Gaia DR3 458412274808691712,458408323438849152,-10.860212117238312,0.00675475144641581,0.4602807664486082,0.9905170078276992,0.0062449294702940274,0.0021123389902384625,12,0.7836669595626555,False,
458412274808691712,Gaia DR3 458412274808691712,458413305600893184,-11.231381084434858,0.00443767163755403,0.4473119511944249,1.540363236318294,0.005557805774361851,0.001989902827002913,12,0.7836669595626555,False,
458412274808691712,Gaia DR3 458412274808691712,458413919770330368,-10.850654761257717,0.0076920936032404755,0.5397591942554024,1.0558721644831717,0.006262622452049285,0.0021154916406493484,12,0.7836669595626555,False,
458412274808691712,Gaia DR3 458412274808691712,458416191818849536,-11.174849050414458,0.004465338084587046,1.0120017894202673,0.9594672315991574,0.005662460267564919,0.002008550844367183,12,0.7836669595626555,True,invNV
458412274808691712,Gaia DR3 458412274808691712,458455465002048896,-10.230794241658792,0.010170097852711377,1.1561575722174595,1.0819964239629074,0.007053403873126308,0.0027059437810038655,12,0.7836669595626555,True,invNV
458412274808691712,Gaia DR3 458412274808691712,458455705520072192,-10.268285921991593,0.008240407185337608,0.5710116968248936,1.2686362377765181,0.007014151821759619,0.002687224354087995,12,0.7836669595626555,False,
458412274808691712,Gaia DR3 458412274808691712,458464261095005312,-11.431248680687203,0.0032021539552270196,0.4973953518993359,1.7302943329170668,0.005716593061477803,0.0018709624070404874,12,0.7836669595626555,False,
458412618406060032,ZTF J022340.93+571631.6,458389940979073664,-8.404016032423886,0.03717607102560721,0.4998702624556723,1.0728281265592858,0.01792735185556887,0.007226796627410685,12,1.4290887633504177,False,
458412618406060032,ZTF J022340.93+571631.6,458406055696259968,-6.505947455838774,0.06445777130872948,1.2576087725440612,0.9179876874599296,0.045863978040523216,0.018926728760973253,7,1.4290887633504177,False,
458412618406060032,ZTF J022340.93+571631.6,458406364933900160,-6.449933666311695,0.03334386058554499,0.9725602510582825,1.0240891697992933,0.042623892859260715,0.016382943842761094,7,1.4290887633504177,False,
458412618406060032,ZTF J022340.93+571631.6,458406674171521024,-8.490597273684344,0.05187839781561783,0.5663412274581611,0.8422397066069565,0.016567596067547694,0.00655923728127483,12,1.4290887633504177,True,amplitude
458412618406060032,ZTF J022340.93+571631.6,458409629108976256,-8.537566870226257,0.04995329194698125,0.7797079378782655,0.9423000720120961,0.01582993996757613,0.006197091940097967,12,1.4290887633504177,True,amplitude
458412618406060032,ZTF J022340.93+571631.6,458410007066044672,-8.296742132904516,0.05282735739220931,0.6041330520191956,0.8242971058712585,0.019612085218726184,0.008053900664937342,12,1.4290887633504177,True,amplitude
458412618406060032,ZTF J022340.93+571631.6,458415951304667904,-7.887169381995155,0.015881190391259077,0.7546806778978271,1.6190186145560732,0.024756978699059018,0.009126742617431587,12,1.4290887633504177,False,
458412618406060032,ZTF J022340.93+571631.6,458455018326747648,-8.275230045228541,0.04165878881229114,0.5396422822261915,1.155350394360993,0.0199499319081936,0.008219763327263822,12,1.4290887633504177,False,
458412858924354816,Gaia DR3 458412858924354816,458359493944675968,-9.372155238357337,0.010357702855189051,0.46546365021331243,0.9680831123918245,0.008827299272108227,0.0031712058011996395,12,0.609865173757102,False,
458412858924354816,Gaia DR3 458412858924354816,458452578783931648,-9.9269512588629,0.0061085033904956405,0.42937264104760253,1.0661299901190358,0.0073349638214279984,0.0026786814559420264,12,0.609865173757102,False,
458412858924354816,Gaia DR3 458412858924354816,458454601700570752,-10.366796608410205,0.011460200876930891,0.7081154186908177,0.7614144212355086,0.0068985696650191095,0.002577094774275478,12,0.609865173757102,False,
458412858924354816,Gaia DR3 458412858924354816,458454777807293824,-10.386070117655454,0.009859051935441784,0.4249733229822605,1.0889408391081559,0.006875956141070471,0.002555548041105107,12,0.609865173757102,False,
458412858924354816,Gaia DR3 458412858924354816,458455877318747648,-10.361871044279967,0.00979398672107069,0.48225270200676845,0.9610557903753132,0.006904348807831264,0.002582601286591285,12,0.609865173757102,False,
458412858924354816,Gaia DR3 458412858924354816,458455980397966848,-10.202973446160925,0.004511271955971103,0.44749050947694957,1.7606612833313307,0.007079184365635998,0.0027034475588980835,12,0.609865173757102,False,
458412858924354816,Gaia DR3 458412858924354816,458461752834140416,-9.847707461306944,0.009407934912810447,0.38301825660174027,0.8136164643762038,0.00740839609008787,0.0026715713027035816,12,0.609865173757102,False,
458412858924354816,Gaia DR3 458412858924354816,458487930646735104,-10.229578479081766,0.004991282782915922,0.40764766912093237,1.1735915401092452,0.007054530474916432,0.0027058346966529023,12,0.609865173757102,False,
458413026417136128,ASASSN-V J022304.07+571008.8,458408323438849152,-10.860212117238312,0.005624627117620921,0.9079292036803971,1.1012010139345059,0.0062449294702940274,0.0021123389902384625,12,0.7568117288242864,False,
458413026417136128,ASASSN-V J022304.07+571008.8,458412790204894208,-9.943661705990348,0.00929602196628667,0.5177055028105569,1.2041416302800227,0.007319478873952799,0.0026801808015491724,12,0.7568117288242864,False,
458413026417136128,ASASSN-V J022304.07+571008.8,458412824554259712,-11.131004477172393,0.003580801559413585,0.40991495502460024,1.0985627722850277,0.00574362719657896,0.002023013694984799,12,0.7568117288242864,False,
458413026417136128,ASASSN-V J022304.07+571008.8,458413305600893184,-11.231381084434858,0.007039439248391357,0.3807719250877216,0.7517082305370381,0.005557805774361851,0.001989902827002913,12,0.7568117288242864,False,
458413026417136128,ASASSN-V J022304.07+571008.8,458413919770330368,-10.850654761257717,0.005431354463889898,0.4450291653711453,1.070674225517733,0.006262622452049285,0.0021154916406493484,12,0.7568117288242864,False,
458413026417136128,ASASSN-V J022304.07+571008.8,458414920508540288,-11.230444236750564,0.004796549869417087,0.45423323635144575,1.1575274947145535,0.005559540106432281,0.0019902118615562794,12,0.7568117288242864,False,
458413026417136128,ASASSN-V J022304.07+571008.8,458416191818849536,-11.174849050414458,0.005274965239828031,0.5132092053716505,1.0267443999225652,0.005662460267564919,0.002008550844367183,12,0.7568117288242864,False,
458413026417136128,ASASSN-V J022304.07+571008.8,458452578783931648,-9.9269512588629,0.00750763283893499,0.44682239121825224,1.1824429377976862,0.0073349638214279984,0.0026786814559420264,12,0.7568117288242864,False,
458413065082770304,Gaia DR3 458413065082770304,458310604343959552,-11.191631936946367,0.007002933891629668,0.36061981127947007,0.83770408917356,0.005598519029119875,0.0020243812040034175,12,0.8125965421901882,False,
458413065082770304,Gaia DR3 458413065082770304,458407601884442496,-13.469238658512081,0.005050353973457722,0.47240731000513764,1.4960286476958002,0.005308180721427862,0.0018213173175337886,12,0.8125965421901882,False,
458413065082770304,Gaia DR3 458413065082770304,458453918813701120,-11.297742045903485,0.008090141227901552,0.7006874467765957,0.8588008727249619,0.005540579368046459,0.0019759297565775246,12,0.8125965421901882,False,
458413065082770304,Gaia DR3 458413065082770304,458454709087817344,-11.281612106911517,0.004776881508182372,0.5297717192823418,1.6220668511681176,0.005522180307194314,0.0019867484730138603,12,0.8125965421901882,False,
458413065082770304,Gaia DR3 458413065082770304,458456049117436416,-11.437551841220287,0.007543042430595423,0.43896758261881136,0.7803717789870092,0.005700057276365932,0.0018821561514009793,12,0.8125965421901882,False,
458413065082770304,Gaia DR3 458413065082770304,458459725610800896,-12.051606669159654,0.0073397670133083116,1.1886230748040487,0.8840646406054643,0.005754176367229417,0.001839316576594097,12,0.8125965421901882,True,invNV
458413065082770304,Gaia DR3 458413065082770304,458464261095005312,-11.431248680687203,0.0043851950580291186,0.5825164711035964,1.838744176267948,0.005692867402041744,0.0018863838243322966,12,0.8125965421901882,False,
458413065082770304,Gaia DR3 458413065082770304,458488003675180160,-12.281628693199576,0.006102069247905701,0.4429081837015959,0.9474797158784135,0.005498741581675064,0.0019495099338730033,12,0.8125965421901882,False,
458413335654780544,Gaia DR3 458413335654780544,458358707979273984,-10.084872678277481,0.005722507690417001,0.6080542596413657,1.6156833050374362,0.007177092584935733,0.0027046131059992582,12,0.8935036858282499,False,
458413335654780544,Gaia DR3 458413335654780544,458415779501977984,-10.315055168606488,0.007976463471055021,0.3678280300836196,1.1686986248568678,0.006944300328286014,0.002650215985381131,12,0.8935036858282499,False,
458413335654780544,Gaia DR3 458413335654780544,458439792653290368,-9.589053500292163,0.003796518845287738,0.5261120169037167,2.1321336849563286,0.00806476584047108,0.002879362773145128,12,0.8935036858282499,False,
458413335654780544,Gaia DR3 458413335654780544,458440381075805056,-10.561465983908334,0.004331462818103907,0.5424409944814637,1.6908054107352328,0.006663672763898247,0.002366087130959779,12,0.8935036858282499,False,
458413335654780544,Gaia DR3 458413335654780544,458440690313429504,-10.126561870278097,0.012638017002298831,0.46416059673131727,0.8674976061691962,0.007137025198290574,0.002709817971206649,12,0.8935036858282499,False,
458413335654780544,Gaia DR3 458413335654780544,458456427074516992,-9.4489908969356,0.016946407747263487,0.9296309172039021,0.7851024628377977,0.008557173740049384,0.0030678211495108174,12,0.8935036858282499,False,
458413335654780544,Gaia DR3 458413335654780544,458458454299129088,-10.185831836992378,0.007323765505659873,1.258361998146561,1.251777176006774,0.0070800609694623515,0.002717217783311183,12,0.8935036858282499,True,invNV
458413335654780544,Gaia DR3 458413335654780544,458459588170440576,-9.838457356543096,0.010470701062599504,0.48063221118329097,0.8350434810656756,0.007413921784481673,0.0026738483328502738,12,0.8935036858282499,False,
458413339960648448,NSV 808,458406124415716224,-11.023572078435784,0.006592203248101177,0.4957286827353998,1.4449744694071078,0.005930449530479384,0.0020605135378610213,12,0.5944196312153947,False,
458413339960648448,NSV 808,458407601884442496,-13.469238658512081,0.0065988084549151,0.49445448249808244,1.2631147581424806,0.005313763514936151,0.0018536192817362857,12,0.5944196312153947,False,
458413339960648448,NSV 808,458412824554259712,-11.131004477172393,0.008639258344926432,0.4844421462431809,1.0273192524274488,0.00572682971877794,0.002025884759949564,12,0.5944196312153947,False,
458413339960648448,NSV 808,458452888021564288,-11.143645094103963,0.002740090696970983,0.6745904675453506,2.7038891659002204,0.005702871582594955,0.0020218102989719186,12,0.5944196312153947,False,
458413339960648448,NSV 808,458454709087817344,-11.281612106911517,0.005083465232797548,0.5185695226117598,1.513816143738724,0.005536393904613473,0.0019676170750403937,12,0.5944196312153947,False,
458413339960648448,NSV 808,458456049117436416,-11.437551841220287,0.0074579354896032336,0.43185556135433956,0.8151860201531913,0.005709538760428146,0.0018693941433305394,12,0.5944196312153947,False,
458413339960648448,NSV 808,458459725610800896,-12.051606669159654,0.0074316759677769805,1.0612291916785213,0.8780286314664318,0.005751892786445283,0.0018359309397235392,12,0.5944196312153947,True,invNV
458413339960648448,NSV 808,458488003675180160,-12.281628693199576,0.006292484733885672,0.44152916420324584,0.9407074436635783,0.0054951953612979425,0.0019442523075418844,12,0.5944196312153947,False,
458413443039836928,V0439 Per,458388978906447488,-12.297948350669913,0.0038725046707096572,0.48666803942717635,1.167068286941986,0.005466116614499457,0.001944705160325316,12,0.6730397615306214,False,
458413443039836928,V0439 Per,458406090055982336,-12.28097228758987,0.003701633954134937,0.40739357338063253,1.651445436836555,0.005496364960142552,0.001944234092998598,12,0.6730397615306214,False,
458413443039836928,V0439 Per,458406811610473088,-12.845160597415486,0.005743323762667144,0.5148998147834429,1.1042415117287188,0.0047345147920402845,0.0019063568568571912,12,0.6730397615306214,False,
458413443039836928,V0439 Per,458407601884442496,-13.469238658512081,0.006442347470392222,0.42483037429259457,0.922969104074956,0.005313763514936151,0.0019784994583526274,12,0.6730397615306214,False,
458413443039836928,V0439 Per,458414164594352000,-12.464171402989992,0.006318133415524663,0.355046738288746,1.1834667286303628,0.005169936498018914,0.0019493176696289258,12,0.6730397615306214,False,
458413443039836928,V0439 Per,458436773303299200,-12.631163832523002,0.0037620505273763083,0.39052831298467705,1.5084117059616766,0.004872385487252873,0.0019539515283152056,12,0.6730397615306214,False,
458413443039836928,V0439 Per,458459691249627776,-11.986182880339575,0.004641701520621823,1.0172732252377332,1.3273952253157826,0.005840444683543503,0.0018079019640347776,12,0.6730397615306214,True,invNV
458414027155398272,Gaia DR3 458414027155398272,458359047268079104,-11.126754341992626,0.004881103825411396,1.0759171667382805,1.0924762399871346,0.005754153614451086,0.00201554756330773,12,0.6808590591206056,True,invNV
458414027155398272,Gaia DR3 458414027155398272,458406090055982336,-12.28097228758987,0.007358121035724206,0.4779609501458476,0.9903451924467536,0.005496364960142552,0.001944234092998598,12,0.6808590591206056,False,
458414027155398272,Gaia DR3 458414027155398272,458414920508540288,-11.230444236750564,0.010164944587813465,0.47419302144970366,0.9597371395423673,0.005562930132661149,0.0019789030826335608,12,0.6808590591206056,False,
458414027155398272,Gaia DR3 458414027155398272,458416191818849536,-11.174849050414458,0.003038787910344058,0.6831988942767271,1.6385243822704723,0.005665458012805772,0.0019985506744844947,12,0.6808590591206056,False,
458414027155398272,Gaia DR3 458414027155398272,458436773303299200,-12.631163832523002,0.0047113428689287504,0.36425996506483355,1.4873271439374196,0.004872385487252873,0.0019539515283152056,12,0.6808590591206056,False,
458414027155398272,Gaia DR3 458414027155398272,458456289635586560,-10.419922284218275,0.002874195892692772,0.5074348214057641,3.3590856288885873,0.006836237542368974,0.002517703163408645,12,0.6808590591206056,True,spike
458414027155398272,Gaia DR3 458414027155398272,458460855172912640,-11.35436634065421,0.003777713987355325,1.2376683294310107,1.0623244788498745,0.005646304749150923,0.0019124254717409628,12,0.6808590591206056,True,invNV
458414027155398272,Gaia DR3 458414027155398272,458489000107590528,-10.79534119429917,0.003358729371917124,0.5121746437717162,1.7700442463857613,0.006365341196045711,0.0021326704778807408,12,0.6808590591206056,False,
458414095874872576,Gaia DR3 458414095874872576,458405815178103296,-9.27154298596212,0.009554657330454294,0.4927385271681273,0.9593184560584884,0.009181014444370514,0.0033065825632652944,12,2.003484467539594,False,
458414095874872576,Gaia DR3 458414095874872576,458410110145267712,-8.827677831506254,0.009215424737758252,0.3436098683124885,1.1857712278509525,0.01199080826276143,0.004369092245095751,12,2.003484467539594,False,
458414095874872576,Gaia DR3 458414095874872576,458452922381439232,-9.197621161107682,0.014665417057957751,1.0930697440861623,0.9251124610605543,0.009595845084537116,0.003463752785273162,12,2.003484467539594,False,
458414095874872576,Gaia DR3 458414095874872576,458454292462921344,-8.543930802210118,0.017378780077908933,1.1012033347377217,0.931142607102377,0.01572999460731505,0.006148024703221339,12,2.003484467539594,False,
458414095874872576,Gaia DR3 458414095874872576,458455877318750720,-9.224849844514827,0.014616846159902538,1.2177810502295416,1.1110491606394914,0.009419570263683072,0.0033971177102359563,12,2.003484467539594,False,
458414095874872576,Gaia DR3 458414095874872576,458459141493858304,-8.899936593886906,0.010096088849773437,0.5878815271645785,0.9951617741146143,0.011523014789117311,0.004192257839210855,12,2.003484467539594,False,
458414095874872576,Gaia DR3 458414095874872576,458461718474405632,-8.84843468407227,0.012888981994655225,0.33657373774990196,0.8043868858381101,0.01185643120115851,0.004318295281923092,12,2.003484467539594,False,
458414095874872576,Gaia DR3 458414095874872576,458487728797277056,-8.809953575866427,0.00905362814295116,0.5723356021456097,1.3692144391556471,0.012105552701225975,0.004412467721128814,12,2.003484467539594,False,
458414198954086912,Gaia DR3 458414198954086912,458404475148391936,-8.532918327074924,0.022266540356079553,0.42190850398701873,0.7266833686275576,0.01590294519785317,0.0062329331729263715,12,1.3202845832174792,False,
458414198954086912,Gaia DR3 458414198954086912,458412584046334592,-8.553205999209098,0.017006197178500933,0.6865438285092017,1.2632997217421236,0.015584327917616537,0.006076511008640619,12,1.3202845832174792,False,
458414198954086912,Gaia DR3 458414198954086912,458454292462921344,-8.543930802210118,0.018447343350546302,0.8629970012831313,0.9526586587880548,0.01572999460731505,0.006148024703221339,12,1.3202845832174792,False,
458414198954086912,Gaia DR3 458414198954086912,458454537288960768,-8.583203180765567,0.017151094497184754,0.4367230317194385,0.8213438133767845,0.015113223084145415,0.005845226510818333,12,1.3202845832174792,False,
458414198954086912,Gaia DR3 458414198954086912,458454636060309504,-8.489599772097561,0.011206885404769964,0.6268537726137396,1.618500404678076,0.016583261799944713,0.006566928225610439,12,1.3202845832174792,False,
458414198954086912,Gaia DR3 458414198954086912,458455258843620224,-8.77712566315044,0.008653523896878736,0.44434356566891037,2.0559192111627667,0.012318076176801161,0.004492805444199576,12,1.3202845832174792,False,
458414198954086912,Gaia DR3 458414198954086912,458459794328866048,-8.643444238304456,0.020097864730249305,0.3768763432031552,0.8196664079730993,0.014167139088668776,0.00538075544993093,12,1.3202845832174792,False,
458414198954086912,Gaia DR3 458414198954086912,458463161583154688,-8.337114898279381,0.014670806663075442,0.7355258241020014,1.3362205537626017,0.018978032153677715,0.007742618261694064,12,1.3202845832174792,False,
458414542551436672,V0553 Per,458406090055982336,-12.28097228758987,0.004240763864795703,0.35371107360976284,1.6347509385439536,0.005496364960142552,0.001944234092998598,12,1.0473141310512817,False,
458414542551436672,V0553 Per,458436773303299200,-12.631163832523002,0.0045949786687636985,0.4755450517282344,1.64009903102083,0.004872385487252873,0.0019539515283152056,12,1.0473141310512817,False,
458414542551436672,V0553 Per,458459691249627776,-11.986182880339575,0.006873548276193971,0.5719596127290832,1.0077343528796927,0.005840444683543503,0.0018079019640347776,12,1.0473141310512817,False,
458414989228047744,V0403 Per,458388978906447488,-12.297948350669913,0.0038725046707096572,0.48666803942717635,1.167068286941986,0.005466116614499457,0.001944705160325316,12,0.6730397615306214,False,
458414989228047744,V0403 Per,458406090055982336,-12.28097228758987,0.003701633954134937,0.40739357338063253,1.651445436836555,0.005496364960142552,0.001944234092998598,12,0.6730397615306214,False,
458414989228047744,V0403 Per,458406811610473088,-12.845160597415486,0.005743323762667144,0.5148998147834429,1.1042415117287188,0.0047345147920402845,0.0019509676995097063,12,0.6730397615306214,False,
458414989228047744,V0403 Per,458407601884442496,-13.469238658512081,0.006442347470392222,0.42483037429259457,0.922969104074956,0.005313763514936151,0.002110119061089468,12,0.6730397615306214,False,
458414989228047744,V0403 Per,458414164594352000,-12.464171402989992,0.006318133415524663,0.355046738288746,1.1834667286303628,0.005169936498018914,0.0019493176696289258,12,0.6730397615306214,False,
458414989228047744,V0403 Per,458436773303299200,-12.631163832523002,0.0037620505273763083,0.39052831298467705,1.5084117059616766,0.004872385487252873,0.0019539515283152056,12,0.6730397615306214,False,
458414989228047744,V0403 Per,458459691249627776,-11.986182880339575,0.004641701520621823,1.0172732252377332,1.3273952253157826,0.005871559782767667,0.001836499372596403,12,0.6730397615306214,True,invNV
458415023587772032,Gaia DR3 458415023587772032,458413305604864000,-9.818670195426748,0.01841611088413201,1.7750596808321986,0.762678731875526,0.0074329237842968195,0.0026711555221224765,12,1.6189450645032484,True,amplitude+invNV
458415023587772032,Gaia DR3 458415023587772032,458452922381439232,-9.197621161107682,0.014842178492907962,1.051949910029289,0.8239282259787786,0.009595845084537116,0.003463752785273162,12,1.6189450645032484,False,
458415023587772032,Gaia DR3 458415023587772032,458453506490773120,-9.89779662917168,0.005526970242708384,0.6139512781588127,1.0839682462511964,0.0073600368879475605,0.0026778534698877195,12,1.6189450645032484,False,
458415023587772032,Gaia DR3 458415023587772032,458453678295539456,-9.582020682847242,0.004606991765946723,0.4404652133516351,1.0252800035755871,0.008087658531558966,0.002890511096678517,12,1.6189450645032484,False,
458415023587772032,Gaia DR3 458415023587772032,458454743447553152,-8.957273653787976,0.00767142464757463,0.5293213529260845,1.362145437696666,0.011151822403087132,0.004051940394118451,12,1.6189450645032484,False,
458415023587772032,Gaia DR3 458415023587772032,458455877318750720,-9.224849844514827,0.012705695034178278,0.9403691139149396,1.1563100483805044,0.009419570263683072,0.0033971177102359563,12,1.6189450645032484,False,
458415023587772032,Gaia DR3 458415023587772032,458459141493858304,-8.899936593886906,0.01279242742026058,0.6105122043884867,0.894889307187051,0.011523014789117311,0.004192257839210855,12,1.6189450645032484,False,
458415023587772032,Gaia DR3 458415023587772032,458461718474405632,-8.84843468407227,0.009577139371169338,0.40398307718508036,1.1571843486906324,0.01185643120115851,0.004318295281923092,12,1.6189450645032484,False,
458415298465666048,Gaia DR3 458415298465666048,458396434969543808,-9.309897904211597,0.01688120035288704,0.45920912487998733,0.8349270993747238,0.009040314739115663,0.003245308458289125,12,0.6935195104609468,False,
458415298465666048,Gaia DR3 458415298465666048,458405815178103296,-9.27154298596212,0.009943810809599414,0.39083652518367756,0.7361294558879447,0.009178449675484084,0.003297516537670888,12,0.6935195104609468,False,
458415298465666048,Gaia DR3 458415298465666048,458413305604864000,-9.818670195426748,0.017338237186581274,1.1542194925766935,0.7094474186194571,0.007397650953689721,0.002654683981157857,12,0.6935195104609468,True,invNV
458415298465666048,Gaia DR3 458415298465666048,458452922381439232,-9.197621161107682,0.012806106473361095,1.3482681486116426,0.968986926578309,0.009595205002341164,0.003455938398668448,12,0.6935195104609468,True,invNV
458415298465666048,Gaia DR3 458415298465666048,458453506490773120,-9.89779662917168,0.006223756126316525,0.5596819845839531,0.8308128134870217,0.007331234774792483,0.002664403594203345,12,0.6935195104609468,False,
458415298465666048,Gaia DR3 458415298465666048,458453678295539456,-9.582020682847242,0.0064427980042582635,0.6383742138164169,0.9655373225958891,0.008060266692428883,0.0028748994396546284,12,0.6935195104609468,False,
458415298465666048,Gaia DR3 458415298465666048,458461404928737024,-9.401749242291386,0.005328707951978916,0.42380808637552525,1.841430455533663,0.008709512867541389,0.0031202819383888787,12,0.6935195104609468,False,
458415298465666048,Gaia DR3 458415298465666048,458461718474405632,-8.84843468407227,0.011496267086559294,0.4071900084168415,0.9007632216135353,0.011856290443092957,0.00431657684958904,12,0.6935195104609468,False,
458415401545371264,Gaia DR3 458415401545371264,458412790204894208,-9.943661705990348,0.005742881369287163,0.5382948057907572,1.2253407336308229,0.007292737107161666,0.0026700374990551176,12,1.5816095623726554,False,
458415401545371264,Gaia DR3 458415401545371264,458452578783931648,-9.9269512588629,0.006110873628029271,0.36222120112521594,1.0589419365219124,0.007306763318041421,0.002667984846455868,12,1.5816095623726554,False,
458415401545371264,Gaia DR3 458415401545371264,458453506490773120,-9.89779662917168,0.0025703902434607083,1.2874282112786428,2.0858776736665865,0.007331234774792483,0.002664403594203345,12,1.5816095623726554,False,
458415401545371264,Gaia DR3 458415401545371264,458453678295539456,-9.582020682847242,0.00821922814933435,1.3319086619946006,1.0919288648079828,0.008060266692428883,0.0028748994396546284,12,1.5816095623726554,False,
458415401545371264,Gaia DR3 458415401545371264,458461031279382528,-10.540662304641037,0.006227752189046068,1.1040305937856105,1.477970035352133,0.006694573805441449,0.002382722399400881,12,1.5816095623726554,False,
458415401545371264,Gaia DR3 458415401545371264,458461718474405632,-8.84843468407227,0.010990405112345027,0.5194856681916615,0.9789783672055573,0.011856290443092957,0.00431657684958904,12,1.5816095623726554,False,
458415401545371264,Gaia DR3 458415401545371264,458461752834140416,-9.847707461306944,0.007428763558003951,0.43547816428650615,0.922667686327407,0.0073732780083399715,0.002658250816852288,12,1.5816095623726554,False,
458415401545371264,Gaia DR3 458415401545371264,458462817986021376,-10.308092809282318,0.010707430260061627,0.34052968037231024,0.8201416083144007,0.006967446575319279,0.0026427224230757317,12,1.5816095623726554,False,
458415916940933248,Gaia DR3 458415916940933248,458408460877942656,-9.72431750046998,0.0126978800391738,0.382544422794221,1.1299231256702713,0.007563474456463056,0.0026900539896683087,12,0.9126364547330295,False,
458415916940933248,Gaia DR3 458415916940933248,458439792653290368,-9.589053500292163,0.00803031162248894,0.583116168723269,1.857646450859861,0.008045948770529223,0.002868556426327745,12,0.9126364547330295,False,
458415916940933248,Gaia DR3 458415916940933248,458440587234222848,-9.49096579994464,0.016359988985958335,1.110826717711726,0.9540260943774558,0.008395818624158323,0.002997998801943849,12,0.9126364547330295,True,invNV
458415916940933248,Gaia DR3 458415916940933248,458459588170440576,-9.838457356543096,0.012731518620241298,0.5124359533485353,1.075168634799404,0.007394686390740121,0.0026652738577535844,12,0.9126364547330295,False,
458415916940933248,Gaia DR3 458415916940933248,458459691249627776,-11.986182880339575,0.012036024259553395,0.5162806754399782,1.107124877649836,0.005871559782767667,0.001836499372596403,12,0.9126364547330295,False,
458415916940933248,Gaia DR3 458415916940933248,458466391398542336,-9.495405282131006,0.01394519387515225,0.6123563588007115,0.932779769098628,0.008379983397343646,0.00299214019664805,12,0.9126364547330295,False,
458417119531766016,Gaia DR3 458417119531766016,458413713611890688,-9.251267514736494,0.007905019676692082,0.6155995607157214,1.4126829713874667,0.009250800478802626,0.0033143189456368914,12,1.1622191419771526,False,
458417119531766016,Gaia DR3 458417119531766016,458454743447553152,-8.957273653787976,0.011199769138757787,0.8744897364399431,1.237785116432589,0.011151229615314763,0.00404382453012962,12,1.1622191419771526,False,
458417119531766016,Gaia DR3 458417119531766016,458455258843620224,-8.77712566315044,0.011292568188285475,0.3607534151702796,1.178541372615733,0.012317998599351548,0.004491743330473531,12,1.1622191419771526,False,
458417119531766016,Gaia DR3 458417119531766016,458455327563093120,-9.23186736312896,0.009264008711770057,0.9214070910858629,1.0151997250939064,0.009372761689378796,0.0033610765048270826,12,1.1622191419771526,False,
458417119531766016,Gaia DR3 458417119531766016,458456427074516992,-9.4489908969356,0.016230193774259955,0.6186297562239794,0.7371997201653755,0.00854553926313586,0.003053391385748907,12,1.1622191419771526,False,
458417119531766016,Gaia DR3 458417119531766016,458461718474405632,-8.84843468407227,0.008549611307250828,0.5503240440459203,1.3453193638801721,0.011856149685027403,0.004314441041439006,12,1.1622191419771526,False,
458417119531766016,Gaia DR3 458417119531766016,458466082160906240,-9.321714885829564,0.010186277880371209,0.5923635558363644,1.0997509310565479,0.008999521150960683,0.0032213523959279244,12,1.1622191419771526,False,
458417119531766016,Gaia DR3 458417119531766016,458466357038779520,-9.178338092803237,0.009551562318806616,0.734160531108758,1.5266175142855907,0.009719456049572006,0.0034941713368189884,12,1.1622191419771526,False,
458435983029377152,NSVS 1911335,458406090055982336,-12.28097228758987,0.009354207940549968,0.5232758738337437,0.8902122564660028,0.005496364960142552,0.001944234092998598,12,0.7233905282399378,False,
458435983029377152,NSVS 1911335,458408323438849152,-10.860212117238312,0.0060572478667879305,0.5285147397779708,1.0168133592684443,0.006245707129675903,0.002109744798502742,12,0.7233905282399378,False,
458435983029377152,NSVS 1911335,458413305600893184,-11.231381084434858,0.005220713970988416,0.4560121246975046,1.1600532050977201,0.005561202411010783,0.0019785719963985723,12,0.7233905282399378,False,
458435983029377152,NSVS 1911335,458413889716469888,-10.887219925401881,0.0065384809652150305,0.41701548120216136,1.0399193621800924,0.006195899700276839,0.0021002001161919727,12,0.7233905282399378,False,
458435983029377152,NSVS 1911335,458414920508540288,-11.230444236750564,0.007640326987168059,0.45648877876329824,0.9227373801023675,0.005562930132661149,0.0019789030826335608,12,0.7233905282399378,False,
458435983029377152,NSVS 1911335,458416191818849536,-11.174849050414458,0.004498996835969184,0.9863222007761018,1.0146651963547137,0.005665458012805772,0.0019985506744844947,12,0.7233905282399378,False,
458435983029377152,NSVS 1911335,458455258843618176,-10.319974689227454,0.008449021756293772,0.40539243145580034,1.01364398408605,0.006953505617641299,0.0026294391287113,12,0.7233905282399378,False,
458435983029377152,NSVS 1911335,458464261095005312,-11.431248680687203,0.0027738032553852572,0.42571888579801803,1.878821867412298,0.005755667372574434,0.0018881924035380915,12,0.7233905282399378,False,
458439277258103808,ZTF J022344.68+572051.3,458406674171521024,-8.490597273684344,0.025848829866627322,1.0810161920705093,1.2675082569978882,0.016567596067547694,0.00655923728127483,12,2.7439683822233576,False,
458439277258103808,ZTF J022344.68+572051.3,458414233313834368,-7.466111702884537,0.037669933374664184,1.3092625565353655,1.0695910200131322,0.036981633650827024,0.012647079593381884,12,2.7439683822233576,False,
458439277258103808,ZTF J022344.68+572051.3,458414611270898816,-8.185781128558014,0.040110858465652495,0.4397337385725009,0.8742389512632573,0.021126856212395396,0.008540391717925986,12,2.7439683822233576,False,
458439277258103808,ZTF J022344.68+572051.3,458439178485035392,-6.739158723442649,0.038582734690566646,1.0984014279560348,1.0759925047454373,0.059353948611099806,0.029517679851705825,8,2.7439683822233576,False,
458439277258103808,ZTF J022344.68+572051.3,458454949605833344,-8.375354120457569,0.018120006600039828,1.0722944993648074,1.8504904402137854,0.018377486320316404,0.007447785919463911,12,2.7439683822233576,False,
458439277258103808,ZTF J022344.68+572051.3,458455018326747648,-8.275230045228541,0.024936390993220287,0.42796385267338594,1.1396710972931954,0.0199499319081936,0.008219763327263822,12,2.7439683822233576,False,
458439277258103808,ZTF J022344.68+572051.3,458461340517287936,-8.155418758975731,0.02678482177287068,0.3212435483324442,1.1034631470777734,0.021495961319068873,0.008600010948986428,12,2.7439683822233576,False,
458439277258103808,ZTF J022344.68+572051.3,458462508748379648,-7.818538830868905,0.022226031168301852,0.37674442222304316,1.327159739192976,0.025591297207232876,0.009261504849157692,12,2.7439683822233576,False,
458440587234228608,Gaia DR3 458440587234228608,458414984922210560,-9.114524375874565,0.009255321587909666,0.6169637098702233,1.5809030188362276,0.010132759941583134,0.00365283735041715,12,1.6953653640773871,False,
458440587234228608,Gaia DR3 458440587234228608,458454743447553152,-8.957273653787976,0.00958813605275822,0.9422854699329751,1.321293395521557,0.011151229615314763,0.00404382453012962,12,1.6953653640773871,False,
458440587234228608,Gaia DR3 458440587234228608,458455258843620224,-8.77712566315044,0.00876577924409198,0.3908328646441799,1.4205539809803813,0.012317998599351548,0.004491743330473531,12,1.6953653640773871,False,
458440587234228608,Gaia DR3 458440587234228608,458455327563093120,-9.23186736312896,0.008080771339955878,0.8587296808538738,1.2039984721091193,0.009372761689378796,0.0033610765048270826,12,1.6953653640773871,False,
458440587234228608,Gaia DR3 458440587234228608,458456427074516992,-9.4489908969356,0.015585145137508498,0.6877566380374444,0.844168456325753,0.00854553926313586,0.003053391385748907,12,1.6953653640773871,False,
458440587234228608,Gaia DR3 458440587234228608,458461718474405632,-8.84843468407227,0.009903755904613974,0.4821208549781231,1.1298240818165481,0.011856149685027403,0.004314441041439006,12,1.6953653640773871,False,
458440587234228608,Gaia DR3 458440587234228608,458466357038779520,-9.178338092803237,0.005816565592217588,0.6278531013927507,2.653791711110093,0.009719456049572006,0.0034941713368189884,12,1.6953653640773871,False,
458440587234228608,Gaia DR3 458440587234228608,458487728797277056,-8.809953575866427,0.00702699077687756,0.4008412220489711,1.7731481780501304,0.01210538123830228,0.00441012022033224,12,1.6953653640773871,False,
458452578783931008,Gaia DR3 458452578783931008,458357471028756864,-8.956942352985632,0.008937441355546484,0.6647799472882366,1.2007588835072849,0.011153375359484284,0.004044648274304693,12,0.5864353584887803,False,
458452578783931008,Gaia DR3 458452578783931008,458361761687408128,-10.001423445893185,0.008197714476949232,0.4560614389644702,0.8176852992710492,0.0072524949850013565,0.002682061055229051,12,0.5864353584887803,False,
458452578783931008,Gaia DR3 458452578783931008,458375063214603904,-9.991270248508277,0.006404509161707902,0.49312836159319584,1.339359052612393,0.00726135386732872,0.0026810151705901814,12,0.5864353584887803,False,
458452578783931008,Gaia DR3 458452578783931008,458405196702890752,-9.385514131150375,0.006007914872947673,0.44187496534131837,1.179903548512257,0.008771955079547505,0.0031371591092306003,12,0.5864353584887803,False,
458452578783931008,Gaia DR3 458452578783931008,458413060776879232,-10.006731028238796,0.0055647675850325085,0.47023084640208096,1.1130714357291447,0.007247864005649723,0.002682607791260506,12,0.5864353584887803,False,
458452578783931008,Gaia DR3 458452578783931008,458413614838529664,-9.747739024746826,0.00841790299277585,0.4620570362391943,0.9355994352018128,0.007479932022075485,0.0026591455502594547,12,0.5864353584887803,False,
458452578783931008,Gaia DR3 458452578783931008,458454601700570752,-10.366796608410205,0.010936228480147555,0.6278855378577396,0.905434151511209,0.0068985696650191095,0.002577094774275478,12,0.5864353584887803,False,
458452578783931008,Gaia DR3 458452578783931008,458461404928737024,-9.401749242291386,0.0031611518397496744,0.4828212041338153,2.1206739351670953,0.008714045923369586,0.003115734288921445,12,0.5864353584887803,False,
458452681863145728,Gaia DR3 458452681863145728,458310947941339904,-9.820973847210684,0.00874403583333703,0.6303556479384869,0.9386081650073282,0.007409941127349047,0.002663472874954661,12,1.7144764474434062,False,
458452681863145728,Gaia DR3 458452681863145728,458311046713582848,-9.818772591363247,0.014371563392297323,0.4745566962120571,0.8453937029210301,0.007411861770254488,0.0026632461227711094,12,1.7144764474434062,False,
458452681863145728,Gaia DR3 458452681863145728,458408731449864320,-9.249925421492225,0.00495678679806961,0.6319820840619716,2.148892109891532,0.009255804612391035,0.0033161770651497957,12,1.7144764474434062,False,
458452681863145728,Gaia DR3 458452681863145728,458410110145267712,-8.827677831506254,0.010675593883042261,0.3463763903868627,1.0744761155888019,0.011990586109738799,0.004366050745590479,12,1.7144764474434062,False,
458452681863145728,Gaia DR3 458452681863145728,458413305604864000,-9.818670195426748,0.010998768925559062,1.1083699489755954,0.9639431236513082,0.0074119511129036916,0.0026632355749276067,12,1.7144764474434062,False,
458452681863145728,Gaia DR3 458452681863145728,458453506490773120,-9.89779662917168,0.00407049513502798,0.8399021780537685,1.362520854709692,0.007342911603579042,0.0026713864182969413,12,1.7144764474434062,False,
458452681863145728,Gaia DR3 458452681863145728,458453678295539456,-9.582020682847242,0.008075711556670829,0.9753251948862415,1.1099657702689816,0.008071034186961019,0.0028778373513990807,12,1.7144764474434062,False,
458452681863145728,Gaia DR3 458452681863145728,458461404928737024,-9.401749242291386,0.005210976127260105,0.5556069925257104,1.4157772146876924,0.008714045923369586,0.003115734288921445,12,1.7144764474434062,False,
458452991100915328,Gaia DR3 458452991100915328,458406124415716224,-11.023572078435784,0.004225060889285406,0.5401141507156029,1.3009497258803646,0.005948664298462127,0.002035329047814292,12,0.9457476572504557,False,
458452991100915328,Gaia DR3 458452991100915328,458409830961481344,-9.918227298032184,0.008729762941273174,0.8253306055241952,0.931978585849327,0.007325085407116676,0.0026734909890949827,12,0.9457476572504557,False,
458452991100915328,Gaia DR3 458452991100915328,458412824554259712,-11.131004477172393,0.005933610550108754,0.36697728080564357,0.9369465376013841,0.005752197468994855,0.0019908102614189698,12,0.9457476572504557,False,
458452991100915328,Gaia DR3 458452991100915328,458413305600893184,-11.231381084434858,0.0057097354370660176,0.3881757248869337,0.8210334823213284,0.005568633907039145,0.001949215316222218,12,0.9457476572504557,False,
458452991100915328,Gaia DR3 458452991100915328,458452888021564288,-11.143645094103963,0.0034126745222752162,1.122268832998107,1.295044762954895,0.005729080960750963,0.001985572130913652,12,0.9457476572504557,True,invNV
458452991100915328,Gaia DR3 458452991100915328,458454296770820992,-12.029515682984282,0.0058481196948120505,0.450490088359826,0.8701179004086854,0.005818997501962117,0.0018540539767858185,12,0.9457476572504557,False,
458452991100915328,Gaia DR3 458452991100915328,458454709087817344,-11.281612106911517,0.004294115018604623,0.8698231153062544,1.3309960548148503,0.005574002539602873,0.0019288119593448294,12,0.9457476572504557,False,
458452991100915328,Gaia DR3 458452991100915328,458456289635586560,-10.419922284218275,0.006089365415547171,0.43923645310259374,1.6166456972823922,0.006836237542368974,0.002517703163408645,12,0.9457476572504557,False,
458453334698292096,V0506 Per,458309191287717632,-13.49122646648886,0.0037245443547735788,0.469140225587278,1.5244535518287845,0.0053403374765211556,0.0021287606905689635,12,0.8716997712576124,False,
458453334698292096,V0506 Per,458403032039334912,-12.31336000620802,0.005231175693033376,0.9825635208827331,0.8164456446004347,0.005438655766748659,0.001945132817040563,12,0.8716997712576124,False,
458453334698292096,V0506 Per,458407601884442496,-13.469238658512081,0.006971765914687701,0.45317233880451746,0.8858616942313781,0.005313763514936151,0.002110119061089468,12,0.8716997712576124,False,
458453334698292096,V0506 Per,458412824554259712,-11.131004477172393,0.01291135685895312,0.4523904352730218,0.7703175297489455,0.005752197468994855,0.0019908102614189698,12,0.8716997712576124,False,
458453334698292096,V0506 Per,458414164594352000,-12.464171402989992,0.0053200450569522734,0.363840916864192,1.316331110656645,0.005169936498018914,0.0019493176696289258,12,0.8716997712576124,False,
458453334698292096,V0506 Per,458452888021564288,-11.143645094103963,0.006776773842697312,0.5755603702768913,1.2230932733394975,0.005729080960750963,0.001985572130913652,12,0.8716997712576124,False,
458453334698292096,V0506 Per,458454296770820992,-12.029515682984282,0.0040061382210334765,0.5438223413675642,1.3827561140984421,0.005818997501962117,0.0018540539767858185,12,0.8716997712576124,False,
458453334698292096,V0506 Per,458459725610800896,-12.051606669159654,0.0087849678998926,0.8604996913899158,0.8571098101927372,0.005792201344138174,0.0018630032829648376,12,0.8716997712576124,False,
458453369057878528,Gaia DR3 458453369057878528,458310604343959552,-11.191631936946367,0.002032467247191119,0.4513309477131429,2.2965181993302104,0.005641325097712799,0.0019656869190836116,12,1.0828873129501084,False,
458453369057878528,Gaia DR3 458453369057878528,458357471028756864,-8.956942352985632,0.009271947405490248,0.9433003138641513,1.7450043714619121,0.011153375359484284,0.004044648274304693,12,1.0828873129501084,False,
458453369057878528,Gaia DR3 458453369057878528,458375063214603904,-9.991270248508277,0.009427318178814318,0.5352911062868981,1.12845095714403,0.00726135386732872,0.0026810151705901814,12,1.0828873129501084,False,
458453369057878528,Gaia DR3 458453369057878528,458406124415716224,-11.023572078435784,0.0016091588320101611,0.45888378638905797,2.8344441026805036,0.005948664298462127,0.002035329047814292,12,1.0828873129501084,False,
458453369057878528,Gaia DR3 458453369057878528,458412824554259712,-11.131004477172393,0.004398215383134165,0.5462387414120757,1.0720810905654772,0.005752197468994855,0.0019908102614189698,12,1.0828873129501084,False,
458453369057878528,Gaia DR3 458453369057878528,458452888021564288,-11.143645094103963,0.005194878360941411,0.6145919605888606,0.967022827840872,0.005729080960750963,0.001985572130913652,12,1.0828873129501084,False,
458453369057878528,Gaia DR3 458453369057878528,458454709087817344,-11.281612106911517,0.0037065110394558245,0.8293109560900727,1.3452813120134293,0.005574002539602873,0.0019288119593448294,12,1.0828873129501084,False,
458453369057878528,Gaia DR3 458453369057878528,458456049117436416,-11.437551841220287,0.0067926422900958395,0.6283424555565742,0.9171386205087586,0.005768447784452287,0.0018662237362763049,12,1.0828873129501084,False,
458453437777352576,Gaia DR3 458453437777352576,458403513075640832,-8.402858708259316,0.01613905589390796,0.4703514410577772,0.9288392477326124,0.0179455275967396,0.007235719837003435,12,1.4186354458304264,False,
458453437777352576,Gaia DR3 458453437777352576,458405845231841152,-8.778882632435943,0.010840294408094454,1.1551498594171512,1.424607061196171,0.012306619192559518,0.004487374813390332,12,1.4186354458304264,False,
458453437777352576,Gaia DR3 458453437777352576,458408937608290176,-8.819034534324855,0.015455034358186692,0.6166870426975672,1.0966934546217162,0.012046566368166211,0.004387541383875185,12,1.4186354458304264,False,
458453437777352576,Gaia DR3 458453437777352576,458439449055910784,-8.987037706913453,0.01469170877217492,0.36934454363175645,0.9826736058899682,0.010958456030091136,0.003969819380684681,12,1.4186354458304264,False,
458453437777352576,Gaia DR3 458453437777352576,458440587234222848,-9.49096579994464,0.011976381361732106,0.6778138114763739,0.934119233660564,0.008395818624158323,0.002997998801943849,12,1.4186354458304264,False,
458453437777352576,Gaia DR3 458453437777352576,458456083477169664,-10.148802733471964,0.014366739390955622,0.3826808716933075,0.763099169160524,0.007123903397873155,0.0026972426504568996,12,1.4186354458304264,False,
458453437777352576,Gaia DR3 458453437777352576,458459588170440576,-9.838457356543096,0.004849263782241704,0.748546249950366,2.4226583619575464,0.007394686390740121,0.0026652738577535844,12,1.4186354458304264,False,
458453437777352576,Gaia DR3 458453437777352576,458459897409489280,-8.577449219591822,0.018990974314934975,0.44652702322646654,0.872404589496204,0.0152035888711929,0.005889590746106686,12,1.4186354458304264,False,
458454021892921472,Gaia DR3 458454021892921472,458307786845557760,-9.034710584979882,0.007380328465524567,0.521046358209653,1.3400570930067666,0.010646405105979594,0.0038727867596649456,12,0.9704783642494594,False,
458454021892921472,Gaia DR3 458454021892921472,458357471028756864,-8.956942352985632,0.006852653880986944,0.6718679700754829,1.6437325145978106,0.011150986339380557,0.004058837143492768,12,0.9704783642494594,False,
458454021892921472,Gaia DR3 458454021892921472,458359493944675968,-9.372155238357337,0.011896881371635255,0.3987442636815319,0.7657570627661328,0.008815243046428717,0.003186333193208586,12,0.9704783642494594,False,
458454021892921472,Gaia DR3 458454021892921472,458405196702890752,-9.385514131150375,0.00909600448408098,0.4298895733430616,0.869138371039513,0.00876774731803497,0.0031675887164078465,12,0.9704783642494594,False,
458454021892921472,Gaia DR3 458454021892921472,458410110145267712,-8.827677831506254,0.00966514353606042,0.3322629184473604,1.0765951765573036,0.011989689367731156,0.004368085704503337,12,0.9704783642494594,False,
458454021892921472,Gaia DR3 458454021892921472,458413713611890688,-9.251267514736494,0.010530236103285004,1.2966841929545412,1.083046542139655,0.009245042924022336,0.003355956317370942,12,0.9704783642494594,True,invNV
458454021892921472,Gaia DR3 458454021892921472,458455327563093120,-9.23186736312896,0.017029383685311848,0.8037716069551578,0.7661941283286253,0.009367198831891013,0.003401114801742531,12,0.9704783642494594,False,
458454021892921472,Gaia DR3 458454021892921472,458461718474405632,-8.84843468407227,0.007702906701022771,0.4091051759967417,1.3056283185776711,0.011855013318132178,0.004318427633489837,12,0.9704783642494594,False,
458454056252651264,Gaia DR3 458454056252651264,458357471028756864,-8.956942352985632,0.005496012008777285,0.6146591136740132,2.230740442798013,0.011150986339380557,0.004058837143492768,12,0.9658091170824119,False,
458454056252651264,Gaia DR3 458454056252651264,458361250599959552,-10.39457601896727,0.006107659400558481,1.2562888919254425,0.9848511269313572,0.006878215242254024,0.00253962117513826,12,0.9658091170824119,True,invNV
458454056252651264,Gaia DR3 458454056252651264,458375063214603904,-9.991270248508277,0.008967354004528263,0.47541515500873716,1.0969870506818011,0.007282242307324074,0.0026702804204411863,12,0.9658091170824119,False,
458454056252651264,Gaia DR3 458454056252651264,458405196702890752,-9.385514131150375,0.006329710614267702,0.4889311893388603,1.4116978071821156,0.008774336460059491,0.0031642480034993732,12,0.9658091170824119,False,
458454056252651264,Gaia DR3 458454056252651264,458409830961481344,-9.918227298032184,0.0060369052678184675,1.1776360146177658,0.9852330931344366,0.007347010198505367,0.0026622744780021917,12,0.9658091170824119,True,invNV
458454056252651264,Gaia DR3 458454056252651264,458413060776879232,-10.006731028238796,0.004325005407698487,0.6150413648992348,1.4227389550209981,0.007268533084289717,0.002671975013988924,12,0.9658091170824119,False,
458454056252651264,Gaia DR3 458454056252651264,458454601700570752,-10.366796608410205,0.008145136203450759,0.635743963825642,0.9667239124400578,0.006911765287971609,0.002570175442125176,12,0.9658091170824119,False,
458454056252651264,Gaia DR3 458454056252651264,458460550243079808,-10.350784934252959,0.004912076032859674,0.4137480433422633,1.722807458984594,0.006931103077694943,0.002587786505761787,12,0.9658091170824119,False,
458454228051331584,Gaia DR3 458454228051331584,458357471028756864,-8.956942352985632,0.006815474759720726,0.6001020980302244,1.3949258505130493,0.011150986339380557,0.004058837143492768,12,1.287180216097723,False,
458454228051331584,Gaia DR3 458454228051331584,458405196702890752,-9.385514131150375,0.009083079875841222,0.4262953353531804,0.9025780010986751,0.008774336460059491,0.0031642480034993732,12,1.287180216097723,False,
458454228051331584,Gaia DR3 458454228051331584,458410110145267712,-8.827677831506254,0.009975415996642796,0.3541172137548253,1.0888551312887744,0.011989689367731156,0.004368085704503337,12,1.287180216097723,False,
458454228051331584,Gaia DR3 458454228051331584,458413992795668480,-9.476717363302752,0.0109034122730434,0.6757501850860188,1.197601267359935,0.00845451035958116,0.0030340281998274933,12,1.287180216097723,False,
458454228051331584,Gaia DR3 458454228051331584,458453506490773120,-9.89779662917168,0.004860840159258727,0.6823235718124822,1.0383640792597642,0.0073651262703356155,0.002660035155003583,12,1.287180216097723,False,
458454228051331584,Gaia DR3 458454228051331584,458461404928737024,-9.401749242291386,0.003224117580193715,0.4949115603603981,2.657545332925797,0.008717404132503525,0.0031410675422867546,12,1.287180216097723,False,
458454228051331584,Gaia DR3 458454228051331584,458466082160906240,-9.321714885829564,0.006072681479963303,0.6128872494142984,1.7473788785693083,0.008998063880271136,0.003255340446212473,12,1.287180216097723,False,
458454228051331584,Gaia DR3 458454228051331584,458473710022818176,-8.824713494355354,0.012573582148348545,0.35840828936313707,0.8420195201460584,0.012008922785509354,0.004375177495721642,12,1.287180216097723,False,
458454262411070976,Gaia DR3 458454262411070976,458310947941339904,-9.820973847210684,0.006390211144933893,0.5464345976877895,1.1307207874469765,0.007433245774680151,0.0026516149205199767,12,0.9038120366504432,False,
458454262411070976,Gaia DR3 458454262411070976,458357471028756864,-8.956942352985632,0.010674192170491438,0.8057925335892387,1.141760547684152,0.011150986339380557,0.004058837143492768,12,0.9038120366504432,False,
458454262411070976,Gaia DR3 458454262411070976,458373375282357248,-9.834400262512716,0.009300502659468446,0.6204668492893981,0.8553866388242417,0.007421340442275466,0.002653086535609037,12,0.9038120366504432,False,
458454262411070976,Gaia DR3 458454262411070976,458404505202051968,-9.725192897327254,0.0035528277584181748,0.35797940719663085,1.2483195404497485,0.007583171052454908,0.002679255298754462,12,0.9038120366504432,False,
458454262411070976,Gaia DR3 458454262411070976,458405196702890752,-9.385514131150375,0.006937019534392346,0.5234910325188689,1.0967255782435255,0.008774336460059491,0.0031642480034993732,12,0.9038120366504432,False,
458454262411070976,Gaia DR3 458454262411070976,458409830961481344,-9.918227298032184,0.006267937004336244,0.930141672976576,1.1562276442372064,0.007347010198505367,0.0026622744780021917,12,0.9038120366504432,False,
458454262411070976,Gaia DR3 458454262411070976,458461404928737024,-9.401749242291386,0.006156879045933622,0.5614918891127415,1.3359324296245552,0.008717404132503525,0.0031410675422867546,12,0.9038120366504432,False,
458454262411070976,Gaia DR3 458454262411070976,458461752834140416,-9.847707461306944,0.008393223408958535,0.5024803437657757,0.9895971534351615,0.007409540820302166,0.0026545450838587506,12,0.9038120366504432,False,
458454537288962944,Gaia DR3 458454537288962944,458361422399500544,-10.44332351883314,0.005057516725635775,0.599175525798161,1.2931665561543921,0.006837229240320057,0.002471670299289964,12,0.7161249758085929,False,
458454537288962944,Gaia DR3 458454537288962944,458364239896996608,-10.436324167416322,0.007122374559405158,0.5650664397497049,1.0006464791443186,0.006846526228098624,0.002478571942239385,12,0.7161249758085929,False,
458454537288962944,Gaia DR3 458454537288962944,458375063214603904,-9.991270248508277,0.0076399761430295384,0.5321926162605228,1.1970254210637559,0.0073049733756392465,0.0026569764269858943,12,0.7161249758085929,False,
458454537288962944,Gaia DR3 458454537288962944,458377640195025664,-10.846502702664292,0.010203232714476877,0.928097802838862,0.8744986756273833,0.006257084644507294,0.0021253130939465972,12,0.7161249758085929,False,
458454537288962944,Gaia DR3 458454537288962944,458405196702890752,-9.385514131150375,0.007035277986835447,0.5344277440432789,1.6321763184819156,0.008775831980266215,0.0031664652617578613,12,0.7161249758085929,False,
458454537288962944,Gaia DR3 458454537288962944,458408323438849152,-10.860212117238312,0.00682021308630546,1.0711500518457886,0.8093050593774294,0.006232536641883373,0.0021190677682814156,12,0.7161249758085929,True,invNV
458454537288962944,Gaia DR3 458454537288962944,458413060776879232,-10.006731028238796,0.010237515795473297,0.5197649885661431,0.8331067703904051,0.0072923671822714775,0.002657294251591565,12,0.7161249758085929,False,
458454537288962944,Gaia DR3 458454537288962944,458413919770330368,-10.850654761257717,0.004350814589393192,0.41957855342030403,1.3688782382450044,0.006249649991138563,0.0021234216230922548,12,0.7161249758085929,False,
458454606008605312,NSV 798,458309191287717632,-13.49122646648886,0.0032137511473054373,0.4242217911328047,1.619386067929497,0.005408585714091096,0.002099958667964859,12,0.5787983737961407,False,
458454606008605312,NSV 798,458356474596389888,-12.805394313806568,0.004459093171498955,1.017915484386572,1.0041259781081913,0.004734031650484483,0.0019205270802049356,12,0.5787983737961407,True,invNV
458454606008605312,NSV 798,458406811610473088,-12.845160597415486,0.004895448208151904,0.5144778448993118,1.3437590660924061,0.004773979322828323,0.0019158820850353373,12,0.5787983737961407,False,
458454606008605312,NSV 798,458407601884442496,-13.469238658512081,0.006261093750573889,0.405085763954209,1.0070619836771693,0.005387810757999738,0.002078869750566196,12,0.5787983737961407,False,
458454606008605312,NSV 798,458414164594352000,-12.464171402989992,0.006250592797356298,0.36886402604660395,1.1575430615358229,0.00517753711295261,0.001936359632198592,12,0.5787983737961407,False,
458454606008606336,V0619 Per,458309191287717632,-13.49122646648886,0.004077285805057727,0.44934177275547305,1.4497706465903037,0.005408585714091096,0.002099958667964859,12,0.7599205356941365,False,
458454606008606336,V0619 Per,458406124415716224,-11.023572078435784,0.010591847843584686,0.4709466077623359,0.9460810230912721,0.00594002519039378,0.002044649115842161,12,0.7599205356941365,False,
458454606008606336,V0619 Per,458407601884442496,-13.469238658512081,0.006813582007768357,0.4635819848605573,0.9536421787577934,0.005387810757999738,0.002078869750566196,12,0.7599205356941365,False,
458454606008606336,V0619 Per,458412824554259712,-11.131004477172393,0.01204382704187548,0.4603467737569098,0.8080887477272239,0.00574765732582587,0.0019957082720534515,12,0.7599205356941365,False,
458454606008606336,V0619 Per,458414164594352000,-12.464171402989992,0.005397332524760853,0.35546446846250157,1.3053178389279547,0.00517753711295261,0.001936359632198592,12,0.7599205356941365,False,
458454606008606336,V0619 Per,458452888021564288,-11.143645094103963,0.006318995633244337,0.5851876774385715,1.2783338768373624,0.005725023106404699,0.0019899498372989823,12,0.7599205356941365,False,
458454606008606336,V0619 Per,458454296770820992,-12.029515682984282,0.00393419495373837,0.5480400894872852,1.3764554556445054,0.005818997501962117,0.0018540539767858185,12,0.7599205356941365,False,
458454606008606336,V0619 Per,458459725610800896,-12.051606669159654,0.008765731973298161,0.891423718324843,0.86327700871118,0.005792201344138174,0.0018630032829648376,12,0.7599205356941365,False,
458454606008607232,Gaia DR3 458454606008607232,458309191287717632,-13.49122646648886,0.005713912627551793,0.4657454942285764,1.0255949689487966,0.005408585714091096,0.002099958667964859,12,0.7804608808192355,False,
458454606008607232,Gaia DR3 458454606008607232,458406261854719616,-11.251353579696328,0.01315299950295969,0.5024454383441338,0.776566537195804,0.005536272407772007,0.0019409565705913725,12,0.7804608808192355,False,
458454606008607232,Gaia DR3 458454606008607232,458407601884442496,-13.469238658512081,0.007397770242342727,0.43199232653489666,0.889322654401586,0.005387810757999738,0.002078869750566196,12,0.7804608808192355,False,
458454606008607232,Gaia DR3 458454606008607232,458414164594352000,-12.464171402989992,0.0041620617231850855,0.36235553573750207,1.593508704826125,0.00517753711295261,0.001936359632198592,12,0.7804608808192355,False,
458454606008607232,Gaia DR3 458454606008607232,458454296770820992,-12.029515682984282,0.0041375517412471354,0.5319415625861106,1.3612609056586702,0.005818997501962117,0.0018540539767858185,12,0.7804608808192355,False,
458454606008607232,Gaia DR3 458454606008607232,458456049117436416,-11.437551841220287,0.007782197008997696,0.4625891958527552,0.8326613531521239,0.005768447784452287,0.0018662237362763049,12,0.7804608808192355,False,
458454606008607232,Gaia DR3 458454606008607232,458459725610800896,-12.051606669159654,0.008381380731305082,0.8828569411330629,0.9187367494886791,0.005792201344138174,0.0018630032829648376,12,0.7804608808192355,False,
458454606008607232,Gaia DR3 458454606008607232,458464261095005312,-11.431248680687203,0.007639905159046495,0.5878978759060393,1.0832503182388087,0.005760588212300176,0.0018687535829457899,12,0.7804608808192355,False,
458454640368346624,NSV 795,458310604343959552,-11.191631936946367,0.004549443687747376,0.38751851258963926,0.9354337431440604,0.005639098128525532,0.0019680894245456444,12,1.9218071616203363,False,
458454640368346624,NSV 795,458406124415716224,-11.023572078435784,0.004160773124506044,0.5352926978061847,1.399787904479175,0.00594002519039378,0.002044649115842161,12,1.9218071616203363,False,
458454640368346624,NSV 795,458409830961481344,-9.918227298032184,0.008712480899267657,0.9676948875271891,0.9651076821504024,0.007364530110416108,0.002655474895540731,12,1.9218071616203363,False,
458454640368346624,NSV 795,458452888021564288,-11.143645094103963,0.0050985300548061375,1.1043190922940125,1.044121290761626,0.005725023106404699,0.0019899498372989823,12,1.9218071616203363,False,
458454640368346624,NSV 795,458453918813701120,-11.297742045903485,0.009917539069125358,1.0773242747894354,0.7447491365217385,0.005594115373260066,0.0019223380210366364,12,1.9218071616203363,False,
458454640368346624,NSV 795,458454296770820992,-12.029515682984282,0.006246839095501886,0.4544234172028639,0.8373253594124423,0.005818997501962117,0.0018540539767858185,12,1.9218071616203363,False,
458454640368346624,NSV 795,458454709087817344,-11.281612106911517,0.0041493972424411826,0.7397710694835461,1.2702852835534653,0.005574002539602873,0.0019288119593448294,12,1.9218071616203363,False,
458454640368346624,NSV 795,458456049117436416,-11.437551841220287,0.005031056258160143,0.47759485472686597,1.0801445467831354,0.005768447784452287,0.0018662237362763049,12,1.9218071616203363,False,
458454704779782528,Gaia DR3 458454704779782528,458373375282357248,-9.834400262512716,0.007585398845655715,0.7016539869087641,0.9646932565535735,0.007432879820949741,0.0026537516775030304,12,1.1442028373158577,False,
458454704779782528,Gaia DR3 458454704779782528,458404505202051968,-9.725192897327254,0.0046770235421318,0.3354916542380065,1.0811634950721796,0.007588415233072912,0.002687030320938715,12,1.1442028373158577,False,
458454704779782528,Gaia DR3 458454704779782528,458405196702890752,-9.385514131150375,0.006352173757471237,0.48525573246148856,1.2129901609070841,0.008775831980266215,0.0031664652617578613,12,1.1442028373158577,False,
458454704779782528,Gaia DR3 458454704779782528,458406498066869760,-9.400379518449785,0.005358934971548077,0.37062807308133366,1.5709923962080048,0.008723866972174884,0.003145483714514383,12,1.1442028373158577,False,
458454704779782528,Gaia DR3 458454704779782528,458409830961481344,-9.918227298032184,0.006416510308431197,1.1369326679120273,1.1648791804337753,0.007364530110416108,0.002655474895540731,12,1.1442028373158577,False,
458454704779782528,Gaia DR3 458454704779782528,458461404928737024,-9.401749242291386,0.005725208637893219,0.5372598612550732,1.382271671762797,0.00871907882175014,0.0031435504365637844,12,1.1442028373158577,False,
458454704779782528,Gaia DR3 458454704779782528,458461752834140416,-9.847707461306944,0.0088482738501645,0.4494086388218833,0.9642610597037142,0.0074220295841500895,0.0026540252313135807,12,1.1442028373158577,False,
458454704779782528,Gaia DR3 458454704779782528,458487866236233344,-9.878483477146332,0.005164931452554337,0.33576167092492376,1.225861680274254,0.007396935868728027,0.0026546578886095756,12,1.1442028373158577,False,
458454709081938048,Gaia DR3 458454709081938048,458364239896996608,-10.436324167416322,0.00513040340975269,0.42941008076306775,1.7378673600822043,0.006846526228098624,0.002478571942239385,12,0.7531615668227489,False,
458454709081938048,Gaia DR3 458454709081938048,458412824554259712,-11.131004477172393,0.0069566608646460335,0.38739798954959354,1.0239998366472483,0.00574765732582587,0.0019957082720534515,12,0.7531615668227489,False,
458454709081938048,Gaia DR3 458454709081938048,458414164594352000,-12.464171402989992,0.007775856896824355,0.43681275753774546,1.29215922444859,0.00517753711295261,0.001936359632198592,12,0.7531615668227489,False,
458454709081938048,Gaia DR3 458454709081938048,458452888021564288,-11.143645094103963,0.00546661512414297,0.47639127940989545,1.2249601437652986,0.005725023106404699,0.0019899498372989823,12,0.7531615668227489,False,
458454709081938048,Gaia DR3 458454709081938048,458454296770820992,-12.029515682984282,0.005262419860008951,0.39128109511422443,0.9280721643457739,0.005818997501962117,0.0018540539767858185,12,0.7531615668227489,False,
458454709081938048,Gaia DR3 458454709081938048,458459725610800896,-12.051606669159654,0.004720973324087729,0.5567934521567134,1.1618153203037322,0.005792201344138174,0.0018630032829648376,12,0.7531615668227489,False,
458454709081938048,Gaia DR3 458454709081938048,458461404928737024,-9.401749242291386,0.008616851013832957,0.7031242108543947,1.5575530115609808,0.00871907882175014,0.0031435504365637844,12,0.7531615668227489,False,
458454709081938048,Gaia DR3 458454709081938048,458464261095005312,-11.431248680687203,0.0032166097499775298,0.4912958027949006,1.6405537754623158,0.005760588212300176,0.0018687535829457899,12,0.7531615668227489,False,
458454709087819264,Gaia DR3 458454709087819264,458357471028756864,-8.956942352985632,0.008884025134652,0.9786058141345021,1.472877448355769,0.011150986339380557,0.004058837143492768,12,1.0341939414827692,False,
458454709087819264,Gaia DR3 458454709087819264,458359493944675968,-9.372155238357337,0.00962667219234622,0.4513758198522326,0.9079461401784715,0.008822530728041792,0.0031853204879697477,12,1.0341939414827692,False,
458454709087819264,Gaia DR3 458454709087819264,458396434969543808,-9.309897904211597,0.016527714450564453,0.5447915170273502,0.8837595740833158,0.009040163999712842,0.003273192749305558,12,1.0341939414827692,False,
458454709087819264,Gaia DR3 458454709087819264,458408460877938816,-9.193233410691029,0.012106315737275416,0.5379605629064546,1.2958435076152608,0.00961786632004641,0.0034935415098666677,12,1.0341939414827692,False,
458454709087819264,Gaia DR3 458454709087819264,458413713611890688,-9.251267514736494,0.008567953296661046,0.7542157690634392,1.2638149594326191,0.00924511854291485,0.003355945809276232,12,1.0341939414827692,False,
458454709087819264,Gaia DR3 458454709087819264,458413992795668480,-9.476717363302752,0.009533258889406043,0.6090611798751787,1.3328652175816444,0.00845701238940754,0.003037737709248086,12,1.0341939414827692,False,
458454709087819264,Gaia DR3 458454709087819264,458456427074516992,-9.4489908969356,0.014423947968869743,0.675040632000555,0.9166482666130001,0.008553935935366562,0.003076871850341079,12,1.0341939414827692,False,
458454709087819264,Gaia DR3 458454709087819264,458466082160906240,-9.321714885829564,0.007381067114638437,0.52082713625068,1.4925623271508652,0.008998855318477399,0.003256513832497079,12,1.0341939414827692,False,
458454880886508032,V0507 Per,458374857056235520,-11.49114706315514,0.0040520271642937155,0.5373977737225629,1.7774623685095496,0.005835277038061546,0.001844712671628576,12,1.1168736885392392,False,
458454880886508032,V0507 Per,458413305600893184,-11.231381084434858,0.004960435339486215,0.36912802716724646,1.0685833360920094,0.005567923522813686,0.0019499816950260046,12,1.1168736885392392,False,
458454880886508032,V0507 Per,458413919770330368,-10.850654761257717,0.006429881855170671,0.49332274927389136,0.947170630103318,0.006249649991138563,0.0021234216230922548,12,1.1168736885392392,False,
458454880886508032,V0507 Per,458414920508540288,-11.230444236750564,0.004123793259145892,0.3974455024041973,1.6736145471513586,0.005569601037144301,0.0019504084761154154,12,1.1168736885392392,False,
458454880886508032,V0507 Per,458416191818849536,-11.174849050414458,0.0040354430953504624,0.7789477614425269,1.0209415587513135,0.005669149473198045,0.0019757348707773303,12,1.1168736885392392,False,
458454880886508032,V0507 Per,458458454299129088,-10.185831836992378,0.0056963556183360865,0.7677632047142527,1.3069714697400947,0.007146334481021963,0.002660975996297177,12,1.1168736885392392,False,
458454880886508032,V0507 Per,458460855172912640,-11.35436634065421,0.003882771806455151,0.6003059056737786,1.1692091580522528,0.005664721655270455,0.0018996112028419941,12,1.1168736885392392,False,
458454880886508032,V0507 Per,458464261095005312,-11.431248680687203,0.00206526486811104,0.46408663083742613,2.411134052886627,0.005760588212300176,0.0018687535829457899,12,1.1168736885392392,False,
458455185816111872,NSV 800,458310604343959552,-11.191631936946367,0.004356443162012793,0.35261320917285727,1.114337169922707,0.005639098128525532,0.0019680894245456444,12,0.7259430723739052,False,
458455185816111872,NSV 800,458406124415716224,-11.023572078435784,0.005908778656460437,0.4256676834298314,1.3124208321366002,0.00594002519039378,0.002044649115842161,12,0.7259430723739052,False,
458455185816111872,NSV 800,458413305600893184,-11.231381084434858,0.003902141103268175,0.45725876811001626,1.4481412041920605,0.005567923522813686,0.0019499816950260046,12,0.7259430723739052,False,
458455185816111872,NSV 800,458414164594352000,-12.464171402989992,0.008235101477601176,0.410156252356028,1.2311148881559364,0.00517753711295261,0.001936359632198592,12,0.7259430723739052,False,
458455185816111872,NSV 800,458452888021564288,-11.143645094103963,0.004092372379220797,0.4674589445385741,1.4766825252845495,0.005725023106404699,0.0019899498372989823,12,0.7259430723739052,False,
458455185816111872,NSV 800,458454709087817344,-11.281612106911517,0.004623276052212421,0.5181947177706104,1.1966071744240396,0.005574002539602873,0.0019288119593448294,12,0.7259430723739052,False,
458455185816111872,NSV 800,458459725610800896,-12.051606669159654,0.005540608216888384,0.6506953134197827,1.0567846032457286,0.005792201344138174,0.0018630032829648376,12,0.7259430723739052,False,
458455185816111872,NSV 800,458464261095005312,-11.431248680687203,0.004046073847001153,0.4939858021251787,1.301436304843738,0.005760588212300176,0.0018687535829457899,12,0.7259430723739052,False,
458455224483879552,Gaia DR3 458455224483879552,458310432535919104,-10.560041605038526,0.005763422062543503,0.7224660794808249,1.2161915013237146,0.006682196787115613,0.0023565815562395934,12,1.4157368394775451,False,
458455224483879552,Gaia DR3 458455224483879552,458404505202051968,-9.725192897327254,0.005325022555730465,0.3691007758559796,1.004611014990424,0.007588415233072912,0.002687030320938715,12,1.4157368394775451,False,
458455224483879552,Gaia DR3 458455224483879552,458405196702890752,-9.385514131150375,0.0032603115065256523,0.5563689645910819,2.7229526755356925,0.008775831980266215,0.0031664652617578613,12,1.4157368394775451,False,
458455224483879552,Gaia DR3 458455224483879552,458461031279382528,-10.540662304641037,0.0067380791769063595,1.1060276446483244,1.0988779922669694,0.0067079376176902485,0.0023756903284655006,12,1.4157368394775451,False,
458455224483879552,Gaia DR3 458455224483879552,458461404928737024,-9.401749242291386,0.006260464981559109,0.5552715651091186,1.5558739274756648,0.00871907882175014,0.0031435504365637844,12,1.4157368394775451,False,
458455224483879552,Gaia DR3 458455224483879552,458461752834140416,-9.847707461306944,0.007084687015213237,0.4042639462892096,0.937907724774364,0.0074220295841500895,0.0026540252313135807,12,1.4157368394775451,False,
458455224483879552,Gaia DR3 458455224483879552,458462817986021376,-10.308092809282318,0.009005281804531147,0.3383452397782409,0.875880654378352,0.007016851348014227,0.0026050132360189546,12,1.4157368394775451,False,
458455224483879552,Gaia DR3 458455224483879552,458470755085403520,-9.980781409717522,0.0035459971371029223,0.5150649168752574,2.5412374337441235,0.00731352561765448,0.002656760809720095,12,1.4157368394775451,False,
458455357614792064,Mis V1397,458406124415716224,-11.023572078435784,0.0034001832533289075,0.46741106935557014,1.3330145013393682,0.005948658623391071,0.0020378048431156214,12,0.6709911177817878,False,
458455357614792064,Mis V1397,458412790204894208,-9.943661705990348,0.009389942126615293,0.5267541630059266,1.1219538700570117,0.007343791760183848,0.002659150024785968,12,0.6709911177817878,False,
458455357614792064,Mis V1397,458412824554259712,-11.131004477172393,0.005327670134896829,0.42493588589248943,0.9106306400453901,0.005759681128269978,0.001986176237327135,12,0.6709911177817878,False,
458455357614792064,Mis V1397,458413305600893184,-11.231381084434858,0.005678025165738721,0.43054011575307316,1.0078064917311655,0.005583115026867734,0.0019379384212894896,12,0.6709911177817878,False,
458455357614792064,Mis V1397,458452888021564288,-11.143645094103963,0.005434703451213416,0.688904831403878,0.866224489834202,0.0057374458235331825,0.00198010155747117,12,0.6709911177817878,False,
458455357614792064,Mis V1397,458454709087817344,-11.281612106911517,0.00547925029994754,1.3513541815891295,0.9976123525463915,0.005588784002370722,0.0019170937514764073,12,0.6709911177817878,True,invNV
458455357614792064,Mis V1397,458456289635586560,-10.419922284218275,0.006653315092700373,0.3873703890353875,1.5127865120343826,0.00686831226205476,0.0024947448609556884,12,0.6709911177817878,False,
458455357614792064,Mis V1397,458464261095005312,-11.431248680687203,0.005740654826522819,0.38999406553598115,0.850601390496091,0.0057706474192697615,0.0018607790082969624,12,0.6709911177817878,False,
458455465002046976,Gaia DR3 458455465002046976,458375063214603904,-9.991270248508277,0.00519597727014226,0.4514589587539815,1.7279533329860104,0.0073049733756392465,0.0026596388046282752,12,1.2762599140912065,False,
458455465002046976,Gaia DR3 458455465002046976,458405196702890752,-9.385514131150375,0.005912622713935373,0.5394189553759445,1.606307349013089,0.008775831980266215,0.0031678597275698575,12,1.2762599140912065,False,
458455465002046976,Gaia DR3 458455465002046976,458413060776879232,-10.006731028238796,0.006126032388264303,0.5289313922639006,1.248658604365246,0.0072923671822714775,0.0026597975349123577,12,1.2762599140912065,False,
458455465002046976,Gaia DR3 458455465002046976,458413305604864000,-9.818670195426748,0.008736967226478142,0.7726230798991189,0.9984495869906641,0.007445705582058171,0.0026578667817461284,12,1.2762599140912065,False,
458455465002046976,Gaia DR3 458455465002046976,458414370752756352,-10.983330691761331,0.008751772528191848,0.366623310229373,1.2334724324147572,0.006019444685541483,0.002057143578110183,12,1.2762599140912065,False,
458455465002046976,Gaia DR3 458455465002046976,458440690313429504,-10.126561870278097,0.007367760386549696,0.6039450552534154,1.064225272353132,0.007194661193796129,0.0026610277952181308,12,1.2762599140912065,False,
458455465002046976,Gaia DR3 458455465002046976,458461031279382528,-10.540662304641037,0.004900455960403489,0.8097191921277681,1.7975594658910767,0.0067079376176902485,0.0023756903284655006,12,1.2762599140912065,False,
458455465002046976,Gaia DR3 458455465002046976,458487866236233344,-9.878483477146332,0.005133687065926115,0.3419771307531136,1.144109735330695,0.007396935868728027,0.00265848086327143,12,1.2762599140912065,False,
458455529415562240,Gaia DR3 458455529415562240,458359493944675968,-9.372155238357337,0.008546001127812342,0.4381811900985181,0.9748197057545838,0.008822530728041792,0.0031865774882707458,12,1.2547150414716182,False,
458455529415562240,Gaia DR3 458455529415562240,458452922381439232,-9.197621161107682,0.019114295154223113,1.2119800327184596,0.7090706822918146,0.009589397413652166,0.0034830443874784506,12,1.2547150414716182,False,
458455529415562240,Gaia DR3 458455529415562240,458454537288960768,-8.583203180765567,0.013164000406133684,0.4896525747633609,1.0736829730933117,0.015113223084145415,0.005841715490786202,12,1.2547150414716182,False,
458455529415562240,Gaia DR3 458455529415562240,458455327563093120,-9.23186736312896,0.012883455999251928,1.2018658280606722,1.0448018681089664,0.009367198831891013,0.003401114801742531,12,1.2547150414716182,False,
458455529415562240,Gaia DR3 458455529415562240,458459141493858304,-8.899936593886906,0.011846550465518834,0.5490602291672161,0.8807768980569196,0.011520855056971046,0.004195216010399481,12,1.2547150414716182,False,
458455529415562240,Gaia DR3 458455529415562240,458461718474405632,-8.84843468407227,0.00853306542664352,0.35253191265854933,1.1695670972844368,0.011855013318132178,0.004318427633489837,12,1.2547150414716182,False,
458455529415562240,Gaia DR3 458455529415562240,458466082160906240,-9.321714885829564,0.005324577315745892,0.7381531294172813,1.7957754431140396,0.008998855318477399,0.0032572517921153976,12,1.2547150414716182,False,
458455529415562240,Gaia DR3 458455529415562240,458487728797277056,-8.809953575866427,0.007970786813611923,0.46010909975873465,1.371689409613561,0.012104689111746413,0.004410488681661106,12,1.2547150414716182,False,
458456358355233920,NSV 15490,458406811610473088,-12.845160597415486,0.002495938355892225,0.5052238901859221,2.3260977113701884,0.004773979322828323,0.0019158820850353373,12,0.6085312738139952,False,
458456358355233920,NSV 15490,458407601884442496,-13.469238658512081,0.004784001184661746,0.4842704004078029,1.4699653577115877,0.005387810757999738,0.002078869750566196,12,0.6085312738139952,False,
458456358355233920,NSV 15490,458436773303299200,-12.631163832523002,0.004458121892983963,0.3979897137123231,1.4499915438543642,0.004885912407641002,0.001930889928400518,12,0.6085312738139952,False,
458456976830410880,FZ Per,458356474596389888,-12.805394313806568,0.0027005504091080356,0.7467883464840677,1.3822244485189947,0.004734031650484483,0.0019205270802049356,12,0.9361099997652125,False,
458456976830410880,FZ Per,458368603583940352,-12.838205044624257,0.004749965680670759,0.49349170760347183,1.3214015646865591,0.0047669920431869335,0.0019166945448929112,12,0.9361099997652125,False,
458456976830410880,FZ Per,458374719617266048,-13.460924929009382,0.007406734345970961,0.4201674232474868,0.8929266871036082,0.0053799556154791005,0.002070895897286123,12,0.9361099997652125,False,
458456976830410880,FZ Per,458374719617270272,-12.913261820951869,0.005138394887037732,0.4894654384831907,0.9940448825903846,0.0048423911812458895,0.0019079273599350193,12,0.9361099997652125,False,
458456976830410880,FZ Per,458377674554774016,-12.6841478801708,0.00444889280579144,0.4128377741772213,1.3784077919038051,0.004793384516857482,0.0019291544781919851,12,0.9361099997652125,False,
458456976830410880,FZ Per,458406811610473088,-12.845160597415486,0.005258816558129362,0.6032449682125646,1.2333462710710321,0.004773979322828323,0.0019158820850353373,12,0.9361099997652125,False,
458456976830410880,FZ Per,458407601884442496,-13.469238658512081,0.003280930799858443,0.4387572541584383,1.4642670842359513,0.005387810757999738,0.002078869750566196,12,0.9361099997652125,False,
458456976830410880,FZ Per,458459691249627776,-11.986182880339575,0.005898015092193722,0.8706836756382347,1.1690035800976217,0.005871559782767667,0.001836499372596403,12,0.9361099997652125,False,
458457320427789824,Gaia DR3 458457320427789824,458310604343959552,-11.191631936946367,0.0065062598013246545,0.4282561382368615,0.8572376536720651,0.005653035222394508,0.001957040601732682,12,0.4662421484033763,False,
458457320427789824,Gaia DR3 458457320427789824,458371661600617088,-12.578844356393166,0.004857464059574585,0.6133580471978354,0.9774606255057043,0.004977279733998783,0.001932603611099194,12,0.4662421484033763,False,
458457320427789824,Gaia DR3 458457320427789824,458374719617270272,-12.913261820951869,0.004696128896602499,0.4214135491370976,1.2793729607998905,0.0048423911812458895,0.0019079273599350193,12,0.4662421484033763,False,
458457320427789824,Gaia DR3 458457320427789824,458374719617277184,-12.15870406488311,0.0067061081765322755,0.468815833321099,0.9095784948322008,0.00566229321348448,0.0019063896387253299,12,0.4662421484033763,False,
458457320427789824,Gaia DR3 458457320427789824,458377674554774016,-12.6841478801708,0.0024097546262989134,0.4288606979315108,1.9921817545950495,0.004793384516857482,0.0019291544781919851,12,0.4662421484033763,False,
458457320427789824,Gaia DR3 458457320427789824,458377708914487168,-11.559775854391221,0.0069199651898365555,0.4245528848697936,1.2412895768733399,0.005926855159024809,0.0018124086493927825,12,0.4662421484033763,False,
458457320427789824,Gaia DR3 458457320427789824,458378224310529664,-11.461349449612413,0.004419381836792734,0.8171991847776519,1.6423295566647285,0.005807230913197079,0.00184945078132173,12,0.4662421484033763,False,
458457320427789824,Gaia DR3 458457320427789824,458407601884442496,-13.469238658512081,0.004478252217899067,0.4229944489811278,1.6175232830685793,0.005387810757999738,0.002078869750566196,12,0.4662421484033763,False,
458457492226461824,Gaia DR3 458457492226461824,458310947941339904,-9.820973847210684,0.008643705403862667,0.6393112874425253,0.8388645356285702,0.00744382726283065,0.0026578904325133255,12,1.4014421578396594,False,
458457492226461824,Gaia DR3 458457492226461824,458361250599959552,-10.39457601896727,0.005838378698625132,1.3671244196767376,1.1614538311714857,0.006901978798314783,0.002519737301318585,12,1.4014421578396594,False,
458457492226461824,Gaia DR3 458457492226461824,458375063214603904,-9.991270248508277,0.007911663610577466,0.4602588355047862,1.2663083174213343,0.0073049733756392465,0.0026596388046282752,12,1.4014421578396594,False,
458457492226461824,Gaia DR3 458457492226461824,458405196702890752,-9.385514131150375,0.00786037239047375,0.5101928732253467,1.0487964278059512,0.008775831980266215,0.0031678597275698575,12,1.4014421578396594,False,
458457492226461824,Gaia DR3 458457492226461824,458409830961481344,-9.918227298032184,0.008728995977608041,0.9749686481328403,0.7863442628326195,0.007364530110416108,0.0026588888988355926,12,1.4014421578396594,False,
458457492226461824,Gaia DR3 458457492226461824,458454601700570752,-10.366796608410205,0.0058165970946838196,0.5669143345474587,1.2268730292358108,0.006938877194332489,0.002547128921140614,12,1.4014421578396594,False,
458457492226461824,Gaia DR3 458457492226461824,458460550243079808,-10.350784934252959,0.005846741514526729,0.4419291278436659,1.2455272494197784,0.006960144927596551,0.0025629170779961578,12,1.4014421578396594,False,
458457492226461824,Gaia DR3 458457492226461824,458461404928737024,-9.401749242291386,0.005174214647524174,0.7294954077281502,1.5148357285096674,0.00871907882175014,0.0031451119647127332,12,1.4014421578396594,False,
458458278192555648,Gaia DR3 458458278192555648,458358707979273984,-10.084872678277481,0.0076441228345102965,0.4182006313441612,1.2080491108742464,0.0072319572854337,0.002663051404925615,12,1.3889662102805378,False,
458458278192555648,Gaia DR3 458458278192555648,458359047268079104,-11.126754341992626,0.006986805373081614,1.3175012624118503,1.0766358928247493,0.005759338420630126,0.0019919951075395305,12,1.3889662102805378,False,
458458278192555648,Gaia DR3 458458278192555648,458367916389221760,-10.545475671849399,0.011239888502126014,0.4769775586018568,0.8105352261101874,0.006703562208645076,0.002379247414851248,12,1.3889662102805378,False,
458458278192555648,Gaia DR3 458458278192555648,458371695960360576,-11.172632630901083,0.008438855198953285,0.6364582900454443,1.0472588906076725,0.005677684722220668,0.001969004875022003,12,1.3889662102805378,False,
458458278192555648,Gaia DR3 458458278192555648,458379255102654464,-10.74510665083409,0.012887767057788194,0.8315348441311893,0.733971724371608,0.006436429797616001,0.002185539967472485,12,1.3889662102805378,False,
458458278192555648,Gaia DR3 458458278192555648,458456083477169664,-10.148802733471964,0.018326532044361354,0.7556547393645894,0.7920925030099515,0.00718046168449381,0.0026641757866523773,12,1.3889662102805378,True,amplitude
458458278192555648,Gaia DR3 458458278192555648,458458454299129088,-10.185831836992378,0.009180965846153851,0.8246883479061693,0.9367708551209828,0.007150634775503221,0.0026648270428921866,12,1.3889662102805378,False,
458458278192555648,Gaia DR3 458458278192555648,458466391398542336,-9.495405282131006,0.012247547693445111,0.8516547964129448,0.9798845703997854,0.008391684938897128,0.003013886168603007,12,1.3889662102805378,False,
458458935335419904,Gaia DR3 458458935335419904,458405196702890752,-9.385514131150375,0.005534763175737849,0.4827516031519769,1.2354768571211232,0.008775831980266215,0.0031678597275698575,12,2.103823717129396,False,
458458935335419904,Gaia DR3 458458935335419904,458406498066869760,-9.400379518449785,0.005508077531968165,0.40281078595003345,1.1389623175508865,0.008723866972174884,0.0031470311479482437,12,2.103823717129396,False,
458458935335419904,Gaia DR3 458458935335419904,458413305604864000,-9.818670195426748,0.012152005324085682,1.1274957488632118,0.8469267012591022,0.007446383141697821,0.0026583695192862918,12,2.103823717129396,False,
458458935335419904,Gaia DR3 458458935335419904,458453162899598848,-9.713281972915679,0.008402430804849637,1.337916354093799,1.0258529158945089,0.007630052310597779,0.00270860909036084,12,2.103823717129396,False,
458458935335419904,Gaia DR3 458458935335419904,458453506490773120,-9.89779662917168,0.005712936179494057,0.7056291494563456,1.1984208676042643,0.00738264687174576,0.002659761170144969,12,2.103823717129396,False,
458458935335419904,Gaia DR3 458458935335419904,458453678295539456,-9.582020682847242,0.008788843958340202,0.8558721229404245,1.0310908489839823,0.008088903053138155,0.0028925253366287452,12,2.103823717129396,False,
458458935335419904,Gaia DR3 458458935335419904,458454743447553152,-8.957273653787976,0.010668831765047149,0.7677156351276286,0.924564399161975,0.01114883677055037,0.004058044549398007,12,2.103823717129396,False,
458458935335419904,Gaia DR3 458458935335419904,458461404928737024,-9.401749242291386,0.004933120392875577,0.5295213971305811,1.1344477015858698,0.00871907882175014,0.0031451119647127332,12,2.103823717129396,False,
458459622530169344,Gaia DR3 458459622530169344,458361761687408128,-10.001423445893185,0.004455827953565181,0.5717589892304745,1.1367392756780605,0.007297803932913333,0.002680015175732955,12,0.7036219898384596,False,
458459622530169344,Gaia DR3 458459622530169344,458364239896996608,-10.436324167416322,0.00922728572567268,0.45136401403040477,0.8712192298233088,0.00684962122561205,0.0025046553131074806,12,0.7036219898384596,False,
458459622530169344,Gaia DR3 458459622530169344,458375063214603904,-9.991270248508277,0.003787006687818993,0.3729025503714016,2.443695412756426,0.007305926299284734,0.0026793201593092375,12,0.7036219898384596,False,
458459622530169344,Gaia DR3 458459622530169344,458405196702890752,-9.385514131150375,0.009854979650455665,0.48664872605522375,0.986786033667896,0.008775084220162852,0.0031693890660515643,12,0.7036219898384596,False,
458459622530169344,Gaia DR3 458459622530169344,458409830961481344,-9.918227298032184,0.007564329397513852,1.503136084686046,0.9793435493002578,0.007364359281735846,0.0026743201530754234,12,0.7036219898384596,True,invNV
458459622530169344,Gaia DR3 458459622530169344,458413060776879232,-10.006731028238796,0.0078119524861376705,0.4540253538064252,1.0601497018595978,0.0072935579671625315,0.002680378495459795,12,0.7036219898384596,False,
458459622530169344,Gaia DR3 458459622530169344,458413614838529664,-9.747739024746826,0.011412515723988713,0.557072792159091,0.9194810300678586,0.0075068541249625025,0.0026659469369728,12,0.7036219898384596,False,
458459622530169344,Gaia DR3 458459622530169344,458414370752756352,-10.983330691761331,0.009178829678941043,0.41193712105552344,1.1377011699617312,0.006014602332153451,0.0020638666429821317,12,0.7036219898384596,False,
458459691249628928,Gaia DR3 458459691249628928,458364239896996608,-10.436324167416322,0.0076983328092084255,0.4470673316002379,1.1212198869322314,0.00684962122561205,0.0025046553131074806,12,0.7821614016431968,False,
458459691249628928,Gaia DR3 458459691249628928,458375063214603904,-9.991270248508277,0.008627053514880396,0.4563135762160977,1.0588511939097869,0.007305926299284734,0.0026793201593092375,12,0.7821614016431968,False,
458459691249628928,Gaia DR3 458459691249628928,458405196702890752,-9.385514131150375,0.00946251229834174,0.5698005434489062,1.1900533364353316,0.008775084220162852,0.0031693890660515643,12,0.7821614016431968,False,
458459691249628928,Gaia DR3 458459691249628928,458412824554259712,-11.131004477172393,0.0028085127264680827,0.5252064225643949,1.3773138225391597,0.005751774074521653,0.0019898653071843183,12,0.7821614016431968,False,
458459691249628928,Gaia DR3 458459691249628928,458413060776879232,-10.006731028238796,0.006432442680063392,0.6786830050328511,1.1151470702238704,0.0072935579671625315,0.002680378495459795,12,0.7821614016431968,False,
458459691249628928,Gaia DR3 458459691249628928,458414920508540288,-11.230444236750564,0.004911682975975706,0.41695375398810663,1.184800873273721,0.005574792231220858,0.001940034695612233,12,0.7821614016431968,False,
458459691249628928,Gaia DR3 458459691249628928,458460855172912640,-11.35436634065421,0.006784214309773803,0.46603639637325667,0.9396518619425305,0.005668996472099924,0.0018906977284377231,12,0.7821614016431968,False,
458459691249628928,Gaia DR3 458459691249628928,458464261095005312,-11.431248680687203,0.003672252476999966,0.3484047879170431,1.2482818992020046,0.005764032316389972,0.0018615722381362496,12,0.7821614016431968,False,
458459863049757568,V0504 Per,458359047268079104,-11.126754341992626,0.004706691769149979,0.7145553410560369,1.1611695854361601,0.005759338420630126,0.0019919951075395305,12,0.8586028586035912,False,
458459863049757568,V0504 Per,458374857056235520,-11.49114706315514,0.004647587395946717,0.5644833828856305,1.473562428197352,0.0058380739408645365,0.0018388808143724154,12,0.8586028586035912,False,
458459863049757568,V0504 Per,458406090055982336,-12.28097228758987,0.004971821192771038,0.5899223515487213,1.3097151404121252,0.005497464119172655,0.0019423601730620909,12,0.8586028586035912,False,
458459863049757568,V0504 Per,458440381075805056,-10.561465983908334,0.007245511372715414,0.616902783879718,1.3509428112893935,0.0066821650756192525,0.0023754491003733775,12,0.8586028586035912,False,
458459863049757568,V0504 Per,458460855172912640,-11.35436634065421,0.003592286364669644,0.9516540745696175,1.272220831280961,0.005668996472099924,0.0018906977284377231,12,0.8586028586035912,False,
458459863049757568,V0504 Per,458489000107590528,-10.79534119429917,0.004907646598099505,0.6187113339924933,1.3124290518360628,0.006349184072125267,0.0021580707286256054,12,0.8586028586035912,False,
458461031279389184,Gaia DR3 458461031279389184,458363960710661376,-9.736173983773506,0.001995104242318264,0.40464472432605525,3.768055328614081,0.00754734591134682,0.002688262734837472,12,0.992704121384532,True,spike
458461031279389184,Gaia DR3 458461031279389184,458405815178103296,-9.27154298596212,0.011727913885593104,0.49248341348933744,0.8943591841122133,0.009174122604513172,0.003380013982680992,12,0.992704121384532,False,
458461031279389184,Gaia DR3 458461031279389184,458452922381439232,-9.197621161107682,0.015914564777730716,0.8710281131588602,0.7915994808713257,0.009589397413652166,0.003524749950813862,12,0.992704121384532,False,
458461031279389184,Gaia DR3 458461031279389184,458453162899598848,-9.713281972915679,0.010915987063096714,1.8078081038631744,1.0909372362015328,0.007627495944165641,0.002722344785219693,12,0.992704121384532,True,invNV
458461031279389184,Gaia DR3 458461031279389184,458453506490773120,-9.89779662917168,0.005084000211829053,0.47941122883051307,1.001136576960875,0.007380703431406813,0.002676354757219794,12,0.992704121384532,False,
458461031279389184,Gaia DR3 458461031279389184,458461404928737024,-9.401749242291386,0.008233062085600543,0.560587036735935,1.1181244148299587,0.008718241477126833,0.0031861604931009303,12,0.992704121384532,False,
458461031279389184,Gaia DR3 458461031279389184,458461718474405632,-8.84843468407227,0.00987776601345491,0.41644376112706266,0.926963252678579,0.011855013318132178,0.004275819987286148,12,0.992704121384532,False,
458461031279389184,Gaia DR3 458461031279389184,458466357038779520,-9.178338092803237,0.006584302214863742,0.6380490762984279,2.2193097379893247,0.009714511154048514,0.0035662261698750255,12,0.992704121384532,False,
458461099998861696,Gaia DR3 458461099998861696,458364342976690304,-7.994584886106049,0.013639891062808473,0.502200457178283,1.0907782863601545,0.023451164572931928,0.00891582265804877,12,0.8130584728769081,False,
458461099998861696,Gaia DR3 458461099998861696,458375131934098816,-7.928639145087972,0.012640892180408593,0.543657513116125,1.2854398615648497,0.02425284474836006,0.009045313024752656,12,0.8130584728769081,False,
458461099998861696,Gaia DR3 458461099998861696,458378327389715456,-8.655535941826857,0.019748624847670742,0.5013053403284905,0.9905496705145952,0.013977239248792838,0.0052294175607715924,12,0.8130584728769081,False,
458461099998861696,Gaia DR3 458461099998861696,458454292462921344,-8.543930802210118,0.0188029821339878,0.7148197048915865,0.8414396570661709,0.01572999460731505,0.006105908011313058,12,0.8130584728769081,False,
458461099998861696,Gaia DR3 458461099998861696,458454537288960768,-8.583203180765567,0.018802072152956657,0.44973557326478103,0.9125976702866536,0.015113223084145415,0.005797482567000118,12,0.8130584728769081,False,
458461099998861696,Gaia DR3 458461099998861696,458454636060309504,-8.489599772097561,0.010583841649302072,0.7095747779259411,1.9116834030432075,0.016583261799944713,0.006532596506352538,12,0.8130584728769081,False,
458461099998861696,Gaia DR3 458461099998861696,458459794328866048,-8.643444238304456,0.01569971560452998,0.5047924888699772,0.8345691248653595,0.014167139088668776,0.00532437969875698,12,0.8130584728769081,False,
458461099998861696,Gaia DR3 458461099998861696,458473980596735616,-8.389660409405659,0.021194107466407833,0.7151867560418342,0.8472653830727163,0.018152806482985947,0.0073174698314831185,12,0.8130584728769081,False,
458461576727427712,Gaia DR3 458461576727427712,458406811610473088,-12.845160597415486,0.004060560545760444,0.41091739022469975,1.411666872216189,0.004773979322828323,0.0019158820850353373,12,0.8959505369590863,False,
458461576727427712,Gaia DR3 458461576727427712,458407601884442496,-13.469238658512081,0.004455136679635393,0.5476161781610256,1.4594800204730909,0.005387810757999738,0.002078869750566196,12,0.8959505369590863,False,
458461576727427712,Gaia DR3 458461576727427712,458411999930803072,-11.759034455526914,0.00621701835150303,0.4764362105982759,1.2118595428103498,0.0061470886791428845,0.0017444789989656086,12,0.8959505369590863,False,
458461576727427712,Gaia DR3 458461576727427712,458414164594352000,-12.464171402989992,0.007344061651250345,0.3771305611437157,1.0542271090922986,0.00517753711295261,0.001936359632198592,12,0.8959505369590863,False,
458461576727427712,Gaia DR3 458461576727427712,458440484157651968,-11.546609739443879,0.005767587779383755,0.504797477485496,1.6050568891517327,0.005906632497555501,0.0018178697780323637,12,0.8959505369590863,False,
458461576727427712,Gaia DR3 458461576727427712,458454296770820992,-12.029515682984282,0.003068683197710192,0.5154416792770665,1.763304287391722,0.005818997501962117,0.0018540539767858185,12,0.8959505369590863,False,
458461576727427712,Gaia DR3 458461576727427712,458459725610800896,-12.051606669159654,0.0082404979927845,0.9296704260484783,0.8086129849851282,0.005792201344138174,0.0018630032829648376,12,0.8959505369590863,False,
458461576727427712,Gaia DR3 458461576727427712,458488003675180160,-12.281628693199576,0.004889809155671523,0.408475843314611,0.9623890813245701,0.0054963178151573745,0.001942338673020044,12,0.8959505369590863,False,
458461615395187200,SAO 23255,458359047268079104,-11.126754341992626,0.0046034056314495485,0.998726893919418,1.242389404615247,0.005759338420630126,0.0019919951075395305,12,1.3611589001450985,False,
458461615395187200,SAO 23255,458406090055982336,-12.28097228758987,0.007465180284488978,0.48997082008309834,0.9707147374775331,0.005497464119172655,0.0019423601730620909,12,1.3611589001450985,False,
458461615395187200,SAO 23255,458416191818849536,-11.174849050414458,0.0029016811517090517,0.6010257436834031,1.5405841840510748,0.005673739961969144,0.0019678941971571296,12,1.3611589001450985,False,
458461615395187200,SAO 23255,458436773303299200,-12.631163832523002,0.005726091397887307,0.3866646350770197,1.0490080269356474,0.004885912407641002,0.001930889928400518,12,1.3611589001450985,False,
458461615395187200,SAO 23255,458440484157651968,-11.546609739443879,0.006013843388301625,0.6195927929898669,1.6659673136229347,0.005906632497555501,0.0018178697780323637,12,1.3611589001450985,False,
458461615395187200,SAO 23255,458460855172912640,-11.35436634065421,0.0035344133515750635,1.2238224220045382,1.149949832414505,0.005668996472099924,0.0018906977284377231,12,1.3611589001450985,False,
458461615395187200,SAO 23255,458489000107590528,-10.79534119429917,0.0045227532541164085,0.4728482901750497,1.326176210217934,0.006349184072125267,0.0021580707286256054,12,1.3611589001450985,False,
458461645446903552,Gaia DR3 458461645446903552,458412790204894208,-9.943661705990348,0.009177363426626192,0.49054510788500433,1.0200087030632794,0.007344012235180542,0.0026790472822815665,12,1.2452972791411843,False,
458461645446903552,Gaia DR3 458461645446903552,458415779501977984,-10.315055168606488,0.00641960461454391,0.4024182382585961,1.5353124633349027,0.007011895038022884,0.0026298629255387344,12,1.2452972791411843,False,
458461645446903552,Gaia DR3 458461645446903552,458440690313429504,-10.126561870278097,0.007436797581465112,0.6088849499639342,1.065051833454432,0.007197695554098096,0.002689784499142537,12,1.2452972791411843,False,
458461645446903552,Gaia DR3 458461645446903552,458458454299129088,-10.185831836992378,0.005539563299784713,1.172639442652203,1.865735607551995,0.007150280698833904,0.002693263962862168,12,1.2452972791411843,False,
458461645446903552,Gaia DR3 458461645446903552,458461718474405632,-8.84843468407227,0.009392734332662262,0.6092117442495562,1.2697349068212687,0.011855013318132178,0.004275819987286148,12,1.2452972791411843,False,
458461645446903552,Gaia DR3 458461645446903552,458461752834140416,-9.847707461306944,0.008665193414606125,0.3219077323920192,0.9195167232789933,0.007420773820783934,0.002673414255444721,12,1.2452972791411843,False,
458461645446903552,Gaia DR3 458461645446903552,458462817986021376,-10.308092809282318,0.006082362433984436,0.33770774339123094,0.9802827875112001,0.007021211587198646,0.002637051410612606,12,1.2452972791411843,False,
458461645446903552,Gaia DR3 458461645446903552,458487728797277056,-8.809953575866427,0.010897952466330739,0.469455116830829,1.0620063308775316,0.012104689111746413,0.004358589536637069,12,1.2452972791411843,False,
458462783626048128,GSC 03694-01870,458364239896996608,-10.436324167416322,0.003483389625051223,0.4826782844708678,2.306438893105899,0.00684962122561205,0.0025046553131074806,12,1.144845018176734,False,
458462783626048128,GSC 03694-01870,458406090055982336,-12.28097228758987,0.010051439677885821,0.630150027114208,0.9242474701877247,0.005497464119172655,0.0019423601730620909,12,1.144845018176734,False,
458462783626048128,GSC 03694-01870,458412790204894208,-9.943661705990348,0.008801006075358987,0.6093165183216848,1.3509482963184678,0.007344012235180542,0.0026790472822815665,12,1.144845018176734,False,
458462783626048128,GSC 03694-01870,458412824554259712,-11.131004477172393,0.00588841729634415,0.3846349621277175,0.9531093843417893,0.005751774074521653,0.0019898653071843183,12,1.144845018176734,False,
458462783626048128,GSC 03694-01870,458414920508540288,-11.230444236750564,0.004493735339958377,0.3762359741038896,1.7308081454808704,0.005574792231220858,0.001940034695612233,12,1.144845018176734,False,
458462783626048128,GSC 03694-01870,458440484157651968,-11.546609739443879,0.005006295065529388,0.4987913217858104,1.8443064623907202,0.005906632497555501,0.0018178697780323637,12,1.144845018176734,False,
458462783626048128,GSC 03694-01870,458464261095005312,-11.431248680687203,0.0020997056429624696,0.6246827174224018,2.0703136774876363,0.005764032316389972,0.0018615722381362496,12,1.144845018176734,False,
458462783626048128,GSC 03694-01870,458476802399236224,-11.722983248357753,0.0027835437750684047,0.4650332537097013,1.6335796868449302,0.006124651425216071,0.001751053849678682,12,1.144845018176734,False,
458463848778151168,Gaia DR3 458463848778151168,458406364933900160,-6.449933666311695,0.025541171632884396,0.6129234780044995,1.2336683067952012,0.042623892859260715,0.016382943842761094,7,1.1239275114416258,False,
458463848778151168,Gaia DR3 458463848778151168,458408044255076480,-8.430573239992608,0.026869935535705852,0.4972374077486839,0.8505945992039612,0.017510271710036912,0.0069961611046876785,12,1.1239275114416258,False,
458463848778151168,Gaia DR3 458463848778151168,458411961265240064,-8.193109805712442,0.0207000788380296,0.8596921083240741,1.3620382978941066,0.021037763951149785,0.0085260012041865,12,1.1239275114416258,False,
458463848778151168,Gaia DR3 458463848778151168,458414611270898816,-8.185781128558014,0.04791005426652994,0.5944716863226577,0.6737522111203578,0.021126856212395396,0.008540391717925986,12,1.1239275114416258,False,
458463848778151168,Gaia DR3 458463848778151168,458439758293552384,-7.327897915817335,0.01913020543100173,0.5842193113757284,1.4760869477077205,0.042121476821896944,0.014229857063943238,12,1.1239275114416258,False,
458463848778151168,Gaia DR3 458463848778151168,458455018326747648,-8.275230045228541,0.031459715121261285,0.39844439223266986,1.0093879252270213,0.0199499319081936,0.008216148170112096,12,1.1239275114416258,False,
458463848778151168,Gaia DR3 458463848778151168,458459897409489280,-8.577449219591822,0.023305075126940362,0.6775251914954818,1.1477406779102772,0.0152035888711929,0.005842671274607073,12,1.1239275114416258,False,
458463848778151168,Gaia DR3 458463848778151168,458462508748379648,-7.818538830868905,0.023377827893947767,0.4057132772816442,1.2650540619197823,0.025591297207232876,0.009261504849157692,12,1.1239275114416258,False,
458463951857361024,NSV 806,458406090055982336,-12.28097228758987,0.004240763864795703,0.35371107360976284,1.6347509385439536,0.005497464119172655,0.0019423601730620909,12,1.0473141310512817,False,
458463951857361024,NSV 806,458436773303299200,-12.631163832523002,0.0045949786687636985,0.4755450517282344,1.64009903102083,0.004885912407641002,0.001930889928400518,12,1.0473141310512817,False,
458463951857361024,NSV 806,458459691249627776,-11.986182880339575,0.006873548276193971,0.5719596127290832,1.0077343528796927,0.005871559782767667,0.001836499372596403,12,1.0473141310512817,False,
458464020576836352,GSC 03694-01599,458412584046332928,-9.996900751545962,0.00467170857949657,0.7082879257080333,2.024780506189355,0.007301422003072061,0.0026821726987065753,12,1.1292948154046183,False,
458464020576836352,GSC 03694-01599,458413060776879232,-10.006731028238796,0.006698578979015771,0.6344150812411972,0.9217486201357786,0.0072935579671625315,0.0026827497884706294,12,1.1292948154046183,False,
458464020576836352,GSC 03694-01599,458413305604864000,-9.818670195426748,0.007845152464573318,0.7048471516073654,1.0527335580367314,0.007444003085710207,0.002671709612794347,12,1.1292948154046183,False,
458464020576836352,GSC 03694-01599,458413889716469888,-10.887219925401881,0.007226215150092858,0.4574588735803009,1.5450410137886448,0.006185659268166815,0.0021120290509230744,12,1.1292948154046183,False,
458464020576836352,GSC 03694-01599,458440690313429504,-10.126561870278097,0.008739165641412135,0.6994838668882806,0.9577518637914743,0.007197695554098096,0.002689784499142537,12,1.1292948154046183,False,
458464020576836352,GSC 03694-01599,458455258843618176,-10.319974689227454,0.0053548848787630865,0.4582248957491922,1.3922895211511483,0.007005312074740984,0.0026247836271417603,12,1.1292948154046183,False,
458464020576836352,GSC 03694-01599,458455327563093120,-9.23186736312896,0.009280355134373506,0.6072392875095969,1.0766683056411996,0.009367198831891013,0.0034510893199110517,12,1.1292948154046183,False,
458464020576836352,GSC 03694-01599,458470755085403520,-9.980781409717522,0.010549063869166903,0.5283301694052727,0.9619978156918608,0.007314317172449056,0.0026812264072172153,12,1.1292948154046183,False,
458464020576838144,Gaia DR3 458464020576838144,458407803736908544,-8.808724268726511,0.016407919517720977,0.5778719278758769,0.9791994144590597,0.012112665187542157,0.004361233670414101,12,0.9556482250209746,False,
458464020576838144,Gaia DR3 458464020576838144,458408044255076480,-8.430573239992608,0.013132981183102644,0.7293548978362473,1.395275098347785,0.017510271710036912,0.0069961611046876785,12,0.9556482250209746,False,
458464020576838144,Gaia DR3 458464020576838144,458411514588633472,-9.157261646348969,0.011582050537264077,0.6961360508494384,1.379790529039166,0.009851260814866189,0.0036115597908717746,12,0.9556482250209746,False,
458464020576838144,Gaia DR3 458464020576838144,458411793772391552,-9.094346062538337,0.009587034264420364,0.481606502548483,1.2743705450427592,0.010259474066797355,0.003746885792693244,12,0.9556482250209746,False,
458464020576838144,Gaia DR3 458464020576838144,458413030723427968,-9.001417365756003,0.007476058754138324,0.4361456924799783,2.027781135717622,0.010862420478697793,0.003946767415470266,12,0.9556482250209746,False,
458464020576838144,Gaia DR3 458464020576838144,458439449055910784,-8.987037706913453,0.011385114860559566,0.327458271181068,1.1840929825534101,0.010955719577939184,0.003977696823112355,12,0.9556482250209746,False,
458464020576838144,Gaia DR3 458464020576838144,458455018326747648,-8.275230045228541,0.015526725576862447,0.5546974423207195,1.768414347725822,0.0199499319081936,0.008216148170112096,12,0.9556482250209746,False,
458464020576838144,Gaia DR3 458464020576838144,458459897409489280,-8.577449219591822,0.017125368373208563,0.5064167379482161,0.857240450672236,0.0152035888711929,0.005842671274607073,12,0.9556482250209746,False,
458465498045565184,Gaia DR3 458465498045565184,458411793772391552,-9.094346062538337,0.007220913707397757,0.5387555173370622,1.4228806549070263,0.010259474066797355,0.003746885792693244,12,1.0853354326036904,False,
458465498045565184,Gaia DR3 458465498045565184,458412339222351872,-9.287414902319481,0.013245141627502992,0.4748097561607032,1.050677402696878,0.009118551487373621,0.0033563835792047043,12,1.0853354326036904,False,
458465498045565184,Gaia DR3 458465498045565184,458439315915990016,-9.51047111526367,0.010943559772715227,0.4458969331812485,0.9245173017643314,0.008337581964907845,0.0030242933519701695,12,1.0853354326036904,False,
458465498045565184,Gaia DR3 458465498045565184,458439792653290368,-9.589053500292163,0.006442095909390063,0.38617443676597596,1.2508228884424644,0.008062447518304108,0.0029072984395385046,12,1.0853354326036904,False,
458465498045565184,Gaia DR3 458465498045565184,458440587234222848,-9.49096579994464,0.01463726958640183,1.0207484365631516,0.7140669042258513,0.008405874421724812,0.0030533332272154228,12,1.0853354326036904,False,
458465498045565184,Gaia DR3 458465498045565184,458454949605833344,-8.375354120457569,0.02920658436685625,0.7789477978477419,0.8074998784695305,0.018377486320316404,0.007429824205920969,12,1.0853354326036904,False,
458465498045565184,Gaia DR3 458465498045565184,458459588170440576,-9.838457356543096,0.0064638613242412775,0.5828499009480168,1.0926681033678922,0.007428173730095016,0.002672871224872699,12,1.0853354326036904,False,
458465498045565184,Gaia DR3 458465498045565184,458468281184068096,-9.31836962654085,0.008100273374480672,0.562312886973599,0.9895475012965989,0.009010172097828123,0.003310297611613975,12,1.0853354326036904,False,
458466391398541056,V0424 Per,458406090055982336,-12.28097228758987,0.0034282489802317773,0.37290812162712117,1.754870640296435,0.005497464119172655,0.0019423601730620909,12,1.4073984250033624,False,
458466391398541056,V0424 Per,458436773303299200,-12.631163832523002,0.004043905927577074,0.4512869363910357,1.6403542547417405,0.004885912407641002,0.001930889928400518,12,1.4073984250033624,False,
458466391398541056,V0424 Per,458459691249627776,-11.986182880339575,0.005531489400247796,0.6601390358845367,1.2933346231419112,0.005871559782767667,0.001836499372596403,12,1.4073984250033624,False,
458466391398541056,V0424 Per,458477970630324224,-12.343325992411975,0.005593726374445575,1.3331545097755044,1.024350638948275,0.005388573669200258,0.0019403178272081908,12,1.4073984250033624,False,
458467078593300096,Gaia DR3 458467078593300096,458363960710661376,-9.736173983773506,0.00940346912199382,0.46108164751996566,0.9214906057039661,0.00754734591134682,0.002688262734837472,12,2.141773174597736,False,
458467078593300096,Gaia DR3 458467078593300096,458413305604864000,-9.818670195426748,0.011183728517017924,1.0713731665358182,0.9006801826985403,0.007444003085710207,0.002671709612794347,12,2.141773174597736,False,
458467078593300096,Gaia DR3 458467078593300096,458453162899598848,-9.713281972915679,0.009080857373096,1.1273392577571666,0.910557678207437,0.007627495944165641,0.002722344785219693,12,2.141773174597736,False,
458467078593300096,Gaia DR3 458467078593300096,458453506490773120,-9.89779662917168,0.005028400363316335,0.7606468124186281,1.2754947180664222,0.007380703431406813,0.002676354757219794,12,2.141773174597736,False,
458467078593300096,Gaia DR3 458467078593300096,458453678295539456,-9.582020682847242,0.009799536867103593,0.9715798108519004,0.9580280117978153,0.008087070979847963,0.0029177690286001385,12,2.141773174597736,False,
458467078593300096,Gaia DR3 458467078593300096,458455258843620224,-8.77712566315044,0.010875636558549971,0.37189990677447043,1.104449092968168,0.012317685450526967,0.004429199549402269,12,2.141773174597736,False,
458467078593300096,Gaia DR3 458467078593300096,458461404928737024,-9.401749242291386,0.004424681494929336,0.5629402515640363,1.6641854428466687,0.008718241477126833,0.0031861604931009303,12,2.141773174597736,False,
458467078593300096,Gaia DR3 458467078593300096,458467761480317184,-9.699960231561567,0.010568792850940104,0.4525640227391843,0.9070194203504435,0.007674138330165158,0.0027421784408487053,12,2.141773174597736,False,
458468246824340992,WISE J022201.3+572829,458440381075819904,-8.758981145996906,0.009697251024479651,0.47624313054603845,1.7274154434629032,0.012446545766295839,0.004484733817653717,12,1.0556715942879897,False,
458468246824340992,WISE J022201.3+572829,458454949605833344,-8.375354120457569,0.01995917137189028,1.4323652645252831,0.9246790382243155,0.018390697132448463,0.007555166913381089,12,1.0556715942879897,True,invNV
458468246824340992,WISE J022201.3+572829,458457556638050432,-8.76263386992838,0.020720141401420776,0.606877978081122,0.9485776372422275,0.01242276308455337,0.004476754326538133,12,1.0556715942879897,False,
458468246824340992,WISE J022201.3+572829,458459897409489280,-8.577449219591822,0.014918262982824625,0.515850675681022,0.9392312297545156,0.015215789135380846,0.005909467627855058,12,1.0556715942879897,False,
458468246824340992,WISE J022201.3+572829,458473980596735616,-8.389660409405659,0.023732080299504354,0.9410374765639353,1.0132597969812853,0.01816594575854465,0.007438668049226249,12,1.0556715942879897,False,
458468246824340992,WISE J022201.3+572829,458476420138159872,-8.865012667205239,0.020812875400765287,0.6627579473305308,0.8800331287333323,0.011756180446913383,0.004253104601395817,12,1.0556715942879897,False,
458468246824340992,WISE J022201.3+572829,458479585538012544,-8.42001911839465,0.020988153928143616,0.49490443787910043,0.8680517209762003,0.01768901134319909,0.007191451239384231,12,1.0556715942879897,False,
458468246824340992,WISE J022201.3+572829,458480199709378560,-8.501990006239703,0.015169018805590717,0.3236263868350597,1.0489512542725103,0.016401251132976944,0.006523946524334592,12,1.0556715942879897,False,
458468384263591424,Gaia DR3 458468384263591424,458440484155007488,-9.077216221767133,0.013273347885381237,0.6080523790625874,1.174874464793134,0.010374534941409674,0.003789539215648537,12,0.8906556493327094,False,
458468384263591424,Gaia DR3 458468384263591424,458454743447553152,-8.957273653787976,0.011854502077055417,0.7733813089322042,1.0650982403837363,0.011155474310258182,0.0040515575541611466,12,0.8906556493327094,False,
458468384263591424,Gaia DR3 458468384263591424,458461404928737024,-9.401749242291386,0.006065763660563699,0.4659014357410065,1.486643384795522,0.008718241477126833,0.0031861604931009303,12,0.8906556493327094,False,
458468384263591424,Gaia DR3 458468384263591424,458461718474405632,-8.84843468407227,0.013074083298808215,0.4178062939554233,0.7505750026427858,0.011864118770252362,0.004289319730599532,12,0.8906556493327094,False,
458468384263591424,Gaia DR3 458468384263591424,458466082160906240,-9.321714885829564,0.008292829736794773,0.5571328101339894,1.3755842374532756,0.008998459599374268,0.0033053171275347192,12,0.8906556493327094,False,
458468384263591424,Gaia DR3 458468384263591424,458470132306043904,-9.419139990505919,0.01094757619804082,0.5421168201751722,0.8079224334806231,0.008657352591096007,0.0031602688245833273,12,0.8906556493327094,False,
458468384263591424,Gaia DR3 458468384263591424,458471575415052800,-9.177223019086828,0.007092725354505512,0.5439051479007841,1.3854744517492943,0.009723396263163474,0.003571071199537465,12,0.8906556493327094,False,
458468384263591424,Gaia DR3 458468384263591424,458487728797277056,-8.809953575866427,0.009154534603834242,0.4908092156919393,1.1018227139938328,0.012114667119026123,0.004373382930229968,12,0.8906556493327094,False,
458469999171224192,Gaia DR3 458469999171224192,458311046713582848,-9.818772591363247,0.010278887301862043,0.4568040510251099,0.9295220861674237,0.0074463006618647005,0.0026653231143434182,12,0.8657873460941692,False,
458469999171224192,Gaia DR3 458469999171224192,458371730320069120,-9.8802032707685,0.008900581035383399,0.6545846016879282,1.2965616705856482,0.007396818305835195,0.0026698400710553033,12,0.8657873460941692,False,
458469999171224192,Gaia DR3 458469999171224192,458405196702890752,-9.385514131150375,0.006405004042566047,0.5601561186032715,1.281697905879582,0.008775831980266215,0.003208322767945479,12,0.8657873460941692,False,
458469999171224192,Gaia DR3 458469999171224192,458453506490773120,-9.89779662917168,0.005213218310977771,0.6417676992399881,1.3003522056434507,0.00738264687174576,0.002671133698915083,12,0.8657873460941692,False,
458469999171224192,Gaia DR3 458469999171224192,458453678295539456,-9.582020682847242,0.006200870665343075,1.101151563841098,1.4140181754666978,0.008088903053138155,0.002912847158206228,12,0.8657873460941692,True,invNV
458469999171224192,Gaia DR3 458469999171224192,458461404928737024,-9.401749242291386,0.007975846981072655,0.5894762956953884,1.079743801945435,0.00871907882175014,0.003183910964256741,12,0.8657873460941692,False,
458469999171224192,Gaia DR3 458469999171224192,458470132306043904,-9.419139990505919,0.008755757012892516,0.6539614751886818,0.9820267283780666,0.008658285896986025,0.003157761495508047,12,0.8657873460941692,False,
458469999171224192,Gaia DR3 458469999171224192,458570089087001856,-9.51343469269466,0.008436229415647152,0.5963305463898467,1.0177088969001689,0.008328659438992442,0.003015975970375129,12,0.8657873460941692,False,
458470067890694528,ZTF J022016.29+571438.2,458368397425511552,-6.480270065676942,0.030149670261647835,0.3525828040643731,0.9449987627825533,0.04437868429305007,0.017760627370865728,6,0.5533562535196286,False,
458470067890694528,ZTF J022016.29+571438.2,458372589313293056,-8.595635129537373,0.01949344921082827,0.3684547142622985,1.2343226324228076,0.014930089030987297,0.005761376263283411,12,0.5533562535196286,False,
458470067890694528,ZTF J022016.29+571438.2,458372898550928640,-8.680517057645025,0.017001796357485038,0.4120281381542623,1.0427286943234688,0.013596596464814386,0.00507016638714466,12,0.5533562535196286,False,
458470067890694528,ZTF J022016.29+571438.2,458374994495145088,-8.383560010012008,0.020873736101668247,0.41757238772315625,1.264217072009866,0.01826178285159232,0.0074883447755128415,12,0.5533562535196286,False,
458470067890694528,ZTF J022016.29+571438.2,458376953000154240,-8.203867166667361,0.015163271345199568,0.3977890263569505,1.104851675741532,0.020919551224807674,0.008651620159074884,12,0.5533562535196286,False,
458470067890694528,ZTF J022016.29+571438.2,458377945127545216,-8.4557496824851,0.014745080980282248,0.45439003948393053,0.9959440915937713,0.017127685243969206,0.006900490379635558,12,0.5533562535196286,False,
458470067890694528,ZTF J022016.29+571438.2,458454292462921344,-8.543930802210118,0.018117688281788513,0.48693162532824597,1.4695206616567145,0.015742362475605818,0.006182414551225963,12,0.5533562535196286,False,
458470067890694528,ZTF J022016.29+571438.2,458459794328866048,-8.643444238304456,0.01884481678668823,0.39129847311512295,1.281624423394267,0.014179009354104813,0.005372057489712567,12,0.5533562535196286,False,
458470308408863360,Gaia DR3 458470308408863360,458357367949572736,-8.171033625663405,0.01599617077537844,0.4260953361554473,1.5094414853910474,0.0210578008305482,0.00873267697149736,12,0.6559266748419881,False,
458470308408863360,Gaia DR3 458470308408863360,458378293029981056,-8.178735293298363,0.03488528746487081,0.543238435116494,0.7110038106318483,0.02095963161983508,0.008720541685668987,12,0.6559266748419881,False,
458470308408863360,Gaia DR3 458470308408863360,458380217175281280,-6.577431688580387,0.039739574324740026,2.035863327037119,1.1917803050698585,0.05041595826104942,0.022744693039304792,6,0.6559266748419881,True,invNV
458470308408863360,Gaia DR3 458470308408863360,458408044255076480,-8.430573239992608,0.019581344740109332,0.507441053466742,1.002643786085677,0.017325960564854866,0.007126143492952104,12,0.6559266748419881,False,
458470308408863360,Gaia DR3 458470308408863360,458453953173445248,-7.660605968498032,0.023567752725149257,0.8192675443341998,1.0632640468070136,0.029748852868691847,0.010419797147118123,12,0.6559266748419881,False,
458470308408863360,Gaia DR3 458470308408863360,458455018326747648,-8.275230045228541,0.014236456963898997,0.5203822577913261,1.5699812250264449,0.019670473200603538,0.008401168937338763,12,0.6559266748419881,False,
458470308408863360,Gaia DR3 458470308408863360,458459897409489280,-8.577449219591822,0.019776216403215967,0.5189706711982601,0.9310017457078982,0.015109239127000313,0.005920615233779644,12,0.6559266748419881,False,
458470308408863360,Gaia DR3 458470308408863360,458568817776680192,-8.483467541368748,0.026475456682714196,0.6348064071503631,1.3139599893076261,0.016527654864216958,0.006691997792394931,12,0.6559266748419881,False,
458470652006209664,Gaia DR3 458470652006209664,458371730320069120,-9.8802032707685,0.00739570751182129,1.1423558373004747,1.444698755284839,0.007399013388777929,0.002666993124186179,12,0.6734685299986364,True,invNV
458470652006209664,Gaia DR3 458470652006209664,458373375282357248,-9.834400262512716,0.004560622897717269,0.4668642156093754,1.6168999435496416,0.007436179552888007,0.002663272636940276,12,0.6734685299986364,False,
458470652006209664,Gaia DR3 458470652006209664,458381385406372352,-9.868669180301849,0.009975514145884105,0.4830632695784195,0.9063942507849339,0.007408372553502442,0.0026660562329620346,12,0.6734685299986364,False,
458470652006209664,Gaia DR3 458470652006209664,458405196702890752,-9.385514131150375,0.005987532941163468,0.49667587676148933,1.250891533604803,0.008776636380993083,0.0032180927325679036,12,0.6734685299986364,False,
458470652006209664,Gaia DR3 458470652006209664,458406498066869760,-9.400379518449785,0.003370898474879237,0.45545697629784243,2.334641748461056,0.00872475961261703,0.0031951850468703866,12,0.6734685299986364,False,
458470652006209664,Gaia DR3 458470652006209664,458453162899598848,-9.713281972915679,0.006770110721875725,0.985620144304837,1.267035776689824,0.007632802314251237,0.0027129997572095943,12,0.6734685299986364,False,
458470652006209664,Gaia DR3 458470652006209664,458461404928737024,-9.401749242291386,0.006873684329705233,0.5986497888133058,1.0223537553747024,0.008719979592760253,0.003193074291016954,12,0.6734685299986364,False,
458470652006209664,Gaia DR3 458470652006209664,458566820606044800,-9.885630202308977,0.00578648599150736,0.5079236248491087,1.5312357571160617,0.007394609786570819,0.002667433943039561,12,0.6734685299986364,False,
458470686365924992,V0503 Per,458374719617270272,-12.913261820951869,0.005980786862788033,0.4764766633577582,1.077179923772173,0.0048423911812458895,0.0019079273599350193,12,1.4660233709110866,False,
458470686365924992,V0503 Per,458407601884442496,-13.469238658512081,0.004040742465743921,0.4789618884601563,1.5408542092970285,0.005387810757999738,0.002078869750566196,12,1.4660233709110866,False,
458470686365924992,V0503 Per,458459725610800896,-12.051606669159654,0.008897059400398455,1.3873858762108968,0.8212081795601021,0.005792201344138174,0.0018630032829648376,12,1.4660233709110866,False,
458470686365924992,V0503 Per,458461031279391872,-11.076730217770095,0.01080579513120265,0.6700888796493771,0.8906570715519492,0.005848370833338765,0.002017062874335639,12,1.4660233709110866,False,
458470686365924992,V0503 Per,458477764471907712,-10.64867236174955,0.0102929755646069,0.6591395581477116,1.0391969704998487,0.006565471513886918,0.0022854104056909976,12,1.4660233709110866,False,
458470686365924992,V0503 Per,458477970630324224,-12.343325992411975,0.0042912213928346914,0.7802804263902108,1.1875759996072344,0.005388573669200258,0.0019403178272081908,12,1.4660233709110866,False,
458470686365924992,V0503 Per,458488965747851264,-10.700004048779926,0.012657534958583868,0.5815107220171645,1.051996089742454,0.006496782989749261,0.0022324115515879777,12,1.4660233709110866,False,
458470686365924992,V0503 Per,458566756192517504,-11.498036426971659,0.006753316911006973,0.4537604658488828,0.9997172659362853,0.0058465900253989464,0.0018362709029293553,12,1.4660233709110866,False,
458470858164631040,Gaia DR3 458470858164631936,458368397425511552,-6.480270065676942,0.03648748112395264,0.38766639018401294,0.8822018313356982,0.04467195570149905,0.01860025795666368,6,0.9584110716030564,False,
458470858164631040,Gaia DR3 458470858164631936,458374066782258560,-8.901500821740793,0.019138292244858125,0.33009484778483245,0.9106061428053455,0.01151465701684454,0.004191141724925186,12,0.9584110716030564,False,
458470858164631040,Gaia DR3 458470858164631936,458375849183500160,-9.104841113607257,0.019384318575588914,0.29142456827972674,0.8236039081416839,0.010193025080366406,0.0037452387015724053,12,0.9584110716030564,False,
458470858164631040,Gaia DR3 458470858164631936,458378151285973760,-8.333530999649971,0.01574769926990347,0.737171757696428,1.581049015663027,0.018789620718186305,0.007925822881974683,12,0.9584110716030564,False,
458470858164631040,Gaia DR3 458470858164631936,458454292462921344,-8.543930802210118,0.009958642690911209,0.5442091637258437,2.165165550557813,0.015611782438318463,0.006206904645690799,12,0.9584110716030564,False,
458470858164631040,Gaia DR3 458470858164631936,458454743447553152,-8.957273653787976,0.02793211079442307,0.3895311081632056,0.8829239239221368,0.011152155540404276,0.0040688380034024614,12,0.9584110716030564,True,amplitude
458470858164631040,Gaia DR3 458470858164631936,458454949605833344,-8.375354120457569,0.01751086464261429,0.506702343983384,1.082603249714855,0.018157932319866982,0.007584137556324569,12,0.9584110716030564,False,
458470858164631040,Gaia DR3 458470858164631936,458459141493858304,-8.899936593886906,0.026376733424366434,0.3179699464208715,0.735984181640338,0.011524823882784634,0.004194571905549294,12,0.9584110716030564,False,
458471476639919360,Gaia DR3 458471476639919360,458368603583940352,-12.838205044624257,0.006613436277952951,0.47987525184989654,1.0992359782882217,0.004781606015191385,0.0019152424335475411,12,0.7728009077713178,False,
458471476639919360,Gaia DR3 458471476639919360,458371661600617088,-12.578844356393166,0.0037920595073589196,0.5315841013219019,0.9744823840494076,0.004988949916344185,0.0019314440082081297,12,0.7728009077713178,False,
458471476639919360,Gaia DR3 458471476639919360,458374719617277184,-12.15870406488311,0.0077980345125836835,0.6037912465615534,0.9221564518888754,0.00566229321348448,0.0019063896387253299,12,0.7728009077713178,False,
458471476639919360,Gaia DR3 458471476639919360,458377674554774016,-12.6841478801708,0.0014828864800114814,0.43399914792186994,2.910862456542247,0.004808791759913237,0.0019276235437933615,12,0.7728009077713178,False,
458471476639919360,Gaia DR3 458471476639919360,458379014584350592,-13.827338781979803,0.00732176411903109,0.487016684374536,0.8514976244083345,0.005599865843779864,0.002215296504454444,12,0.7728009077713178,False,
458471476639919360,Gaia DR3 458471476639919360,458561361713638784,-12.656078595934797,0.006916751405076949,0.4255479698878642,0.9651904972836997,0.004856813994297083,0.0019286419114388556,12,0.7728009077713178,False,
458471476639919360,Gaia DR3 458471476639919360,458574074816543744,-12.509088417102237,0.003058224479818784,1.232704397591713,1.5870464282167103,0.005108291615196546,0.0019339747885108143,12,0.7728009077713178,True,invNV
458472163828293376,Gaia DR3 458472163828293376,458361422399500544,-10.44332351883314,0.007775405908225446,0.6170891578284643,0.9528656321523397,0.006840255176168603,0.0024974286344998558,12,0.9632657306853512,False,
458472163828293376,Gaia DR3 458472163828293376,458361761687408128,-10.001423445893185,0.006787587201047388,0.3732511196065114,0.8961074673527568,0.007300651095694979,0.0026768395978714657,12,0.9632657306853512,False,
458472163828293376,Gaia DR3 458472163828293376,458364239896996608,-10.436324167416322,0.008330324554863355,0.5710114680805888,0.9365894673290871,0.00684962122561205,0.0025046553131074806,12,0.9632657306853512,False,
458472163828293376,Gaia DR3 458472163828293376,458375063214603904,-9.991270248508277,0.0031822978227227234,0.41101534407161694,2.4609284751970497,0.0073088897554385085,0.0026760148738453767,12,0.9632657306853512,False,
458472163828293376,Gaia DR3 458472163828293376,458405196702890752,-9.385514131150375,0.008773664639711208,0.48152889045982955,1.0808089123368891,0.008776636380993083,0.0032180927325679036,12,0.9632657306853512,False,
458472163828293376,Gaia DR3 458472163828293376,458413060776879232,-10.006731028238796,0.007325620887536837,0.44577867189134646,1.0841904150815658,0.007296344337602079,0.0026772707222271664,12,0.9632657306853512,False,
458472163828293376,Gaia DR3 458472163828293376,458454777808585216,-10.609034595552043,0.0029506056178758787,0.8807903200771626,1.6628375635321422,0.006618512039490708,0.002326335540032057,12,0.9632657306853512,False,
458472163828293376,Gaia DR3 458472163828293376,458461404928737024,-9.401749242291386,0.005106684114569752,0.49617455603187,1.696602116576275,0.008719979592760253,0.003193074291016954,12,0.9632657306853512,False,
458472296969558272,Gaia DR3 458472296969558272,458361761687408128,-10.001423445893185,0.007855182050720009,0.46360421174616434,0.8272313430751588,0.007300651095694979,0.0026768395978714657,12,0.7895467672179681,False,
458472296969558272,Gaia DR3 458472296969558272,458375063214603904,-9.991270248508277,0.008813879408273106,0.4244368486740002,1.0289390232307094,0.0073088897554385085,0.0026760148738453767,12,0.7895467672179681,False,
458472296969558272,Gaia DR3 458472296969558272,458379770498587264,-10.900086158448058,0.005364589533825349,0.4242535214653792,0.8408027491303174,0.006162760081256976,0.002105581607123535,12,0.7895467672179681,False,
458472296969558272,Gaia DR3 458472296969558272,458413060776879232,-10.006731028238796,0.005494502802807303,0.5048273453481156,1.2035487224518993,0.007296344337602079,0.0026772707222271664,12,0.7895467672179681,False,
458472296969558272,Gaia DR3 458472296969558272,458461031279391872,-11.076730217770095,0.0034034753416904823,0.5108877551714167,1.477160446869425,0.005848370833338765,0.002017062874335639,12,0.7895467672179681,False,
458472296969558272,Gaia DR3 458472296969558272,458477764471907712,-10.64867236174955,0.003100458917925541,0.3512950245112444,1.531783124439836,0.006565471513886918,0.0022854104056909976,12,0.7895467672179681,False,
458472296969558272,Gaia DR3 458472296969558272,458566893631456384,-10.687167981937495,0.004940689761063252,0.49974243850295846,0.7870516107950961,0.006513959329319342,0.002245664512345648,12,0.7895467672179681,False,
458472296969558272,Gaia DR3 458472296969558272,458567512106671488,-10.909093609536885,0.004586923243082782,0.3774043960949168,1.2465828389561466,0.006146728714086491,0.002101067851274105,12,0.7895467672179681,False,
458472747950160256,Gaia DR3 458472747950160256,458379358181844096,-9.283069893731392,0.009913010882790443,0.38231528984502355,1.2707321199421828,0.009140201218629095,0.0033621076863533522,12,1.417520786355643,False,
458472747950160256,Gaia DR3 458472747950160256,458452922381439232,-9.197621161107682,0.015017888990175853,1.2340337911277124,0.9298084399113417,0.009595798844725863,0.003531979235838988,12,1.417520786355643,False,
458472747950160256,Gaia DR3 458472747950160256,458454636060309504,-8.489599772097561,0.011839824147828375,0.7675765567289438,1.7855850391697465,0.016432387900754578,0.006666680235223958,12,1.417520786355643,False,
458472747950160256,Gaia DR3 458472747950160256,458454743447553152,-8.957273653787976,0.008740224389503722,0.8194369381334309,1.41612786807674,0.011154844779054852,0.004082118591590141,12,1.417520786355643,False,
458472747950160256,Gaia DR3 458472747950160256,458455327563093120,-9.23186736312896,0.017604173689616424,0.613995971624322,0.7768993059966836,0.009373656320249994,0.003453591971801968,12,1.417520786355643,False,
458472747950160256,Gaia DR3 458472747950160256,458461718474405632,-8.84843468407227,0.012282991295553571,0.36528368564676794,1.0227331940871285,0.011860843169153049,0.004331243707751094,12,1.417520786355643,False,
458472747950160256,Gaia DR3 458472747950160256,458466357038779520,-9.178338092803237,0.006937714778389141,0.530034325807464,2.254892153404461,0.009720881020849465,0.00357611688840803,12,1.417520786355643,False,
458472747950160256,Gaia DR3 458472747950160256,458663886868078720,-9.208352205008254,0.012500286800328813,0.7198841783247794,0.961791180969675,0.009526190507402695,0.003507416594670652,12,1.417520786355643,False,
458473984900692992,Gaia DR3 458473984900692992,458363960710661376,-9.736173983773506,0.008796391309238642,0.40715431487371806,1.0401709175388247,0.007553093866900949,0.002677312799695072,12,1.8996716180970656,False,
458473984900692992,Gaia DR3 458473984900692992,458453678295539456,-9.582020682847242,0.006449306071946516,1.04530493840044,1.123780029507019,0.008093053321185494,0.0029102910370488537,12,1.8996716180970656,False,
458473984900692992,Gaia DR3 458473984900692992,458455327563093120,-9.23186736312896,0.00980491613099666,0.7006114510728613,1.1335956409492185,0.009373656320249994,0.003453591971801968,12,1.8996716180970656,False,
458473984900692992,Gaia DR3 458473984900692992,458455877318750720,-9.224849844514827,0.016520103086544384,0.872026676717846,0.9371587751495829,0.009419176384037832,0.0034696546021674877,12,1.8996716180970656,False,
458473984900692992,Gaia DR3 458473984900692992,458461404928737024,-9.401749242291386,0.0050388618786797405,0.4306141293610816,1.4064707177018085,0.008724497916148717,0.0031827426953238837,12,1.8996716180970656,False,
458473984900692992,Gaia DR3 458473984900692992,458470132306043904,-9.419139990505919,0.009802383722720994,0.4688372082837284,0.7525227133893593,0.008663582587971537,0.003156459340760991,12,1.8996716180970656,False,
458473984900692992,Gaia DR3 458473984900692992,458570089087001856,-9.51343469269466,0.010296462660190443,0.7600861014743764,1.0543301003729981,0.008333292444135368,0.0030139478708428686,12,1.8996716180970656,False,
458473984900692992,Gaia DR3 458473984900692992,458663886868078720,-9.208352205008254,0.013391289073880786,0.7076897187958876,0.8720652679865708,0.009526190507402695,0.003507416594670652,12,1.8996716180970656,False,
458475324930537216,Gaia DR3 458475324930537216,458374066782258560,-8.901500821740793,0.01167152837369133,0.627428331305503,0.9277226629573316,0.011516622639864995,0.004209778870795951,12,1.105230469789715,False,
458475324930537216,Gaia DR3 458475324930537216,458376983054861056,-9.508293641995166,0.005230277576568066,0.3805873251303296,1.7562868403870457,0.008351300225437924,0.0030217177526612746,12,1.105230469789715,False,
458475324930537216,Gaia DR3 458475324930537216,458378082567513856,-8.88692132122503,0.016636400204505384,0.6614564340678055,0.8775376105546947,0.011611194500655767,0.004243150371546514,12,1.105230469789715,False,
458475324930537216,Gaia DR3 458475324930537216,458378597962563968,-9.180585139525695,0.010799237411612336,0.6460849320897155,1.0463723054863578,0.009706305254718325,0.003570973548874281,12,1.105230469789715,False,
458475324930537216,Gaia DR3 458475324930537216,458459794328866048,-8.643444238304456,0.016171618509996207,0.4592327186217375,1.0387071548133766,0.014108750578336725,0.00542001762705725,12,1.105230469789715,False,
458475324930537216,Gaia DR3 458475324930537216,458466082160906240,-9.321714885829564,0.008622450575830139,0.48225704752443915,1.0020788547448163,0.009004837728397115,0.003303701916982967,12,1.105230469789715,False,
458475324930537216,Gaia DR3 458475324930537216,458468281184068096,-9.31836962654085,0.01055849249950891,0.4095858039119866,0.8857469926432845,0.009016555313224175,0.003308757745225976,12,1.105230469789715,False,
458475324930537216,Gaia DR3 458475324930537216,458471575415052800,-9.177223019086828,0.005007299462581534,0.6201107061811404,1.6943799989011685,0.009728114094174968,0.00357866921750352,12,1.105230469789715,False,
458477901910850048,Gaia DR3 458477901910850048,458381759058490240,-7.7470371443217365,0.9126398595662296,0.7560355702441116,0.7053764810153755,0.026007257907851248,0.00900918066557002,10,2.7756525085479447,True,amplitude
458477901910850048,Gaia DR3 458477901910850048,458457526586200832,-6.647713634884967,0.047562389038353796,1.1623522073900474,1.83850583013476,0.05155823433067132,0.02188149117428177,5,2.7756525085479447,False,
458477901910850048,Gaia DR3 458477901910850048,458457595305680640,-6.793289316420415,0.8326870970954992,0.709746436687746,0.737413820020856,0.055719682597345825,0.02444975959901744,10,2.7756525085479447,True,amplitude
458477901910850048,Gaia DR3 458477901910850048,458467250391969152,-7.668255819040185,0.8427025999897585,0.7723795213022442,0.7364866810652022,0.028859380974089303,0.009830454813194747,10,2.7756525085479447,True,amplitude
458477901910850048,Gaia DR3 458477901910850048,458469277616474112,-6.6325775594659255,0.0584759657550755,0.3862556453569725,0.9538070184032605,0.050778074278359495,0.02135755080576283,5,2.7756525085479447,False,
458477901910850048,Gaia DR3 458477901910850048,458473332065728384,-6.926671135999646,0.872333101941763,0.7261473263862792,0.7168900547566643,0.052297404316370255,0.021453601399229128,10,2.7756525085479447,True,amplitude
458477901910850048,Gaia DR3 458477901910850048,458480135293831680,-7.448308929174758,0.8433108342541025,0.836009566501476,0.7453585063728639,0.03682212589733836,0.012123342040610293,10,2.7756525085479447,True,amplitude
458477901910850048,Gaia DR3 458477901910850048,458569298813030272,-6.730758840653084,0.06923396289725532,0.7310300991428984,0.9869042993300551,0.055838640597331034,0.024756129051623478,5,2.7756525085479447,False,
458479104501700096,Gaia DR3 458479104501700096,458379907937649920,-11.380288982012665,0.004734885868218558,0.5633749404630761,0.9158398184964854,0.005697045260081195,0.001875723678858296,12,1.3107162920647228,False,
458479104501700096,Gaia DR3 458479104501700096,458459725610800896,-12.051606669159654,0.00657939412398282,0.43735450504924844,0.8231330926067123,0.005794484924922308,0.0018545767619436617,12,1.3107162920647228,False,
458479104501700096,Gaia DR3 458479104501700096,458461031279391872,-11.076730217770095,0.0031713367270497362,0.8744891053251016,1.4757857951606583,0.005844757351628675,0.0020083939336033294,12,1.3107162920647228,False,
458479104501700096,Gaia DR3 458479104501700096,458464261095005312,-11.431248680687203,0.0052272552548785515,0.4074548905255281,0.92003908213626,0.005760588212300176,0.0018571288861017072,12,1.3107162920647228,False,
458479104501700096,Gaia DR3 458479104501700096,458477764471907712,-10.64867236174955,0.003598358726263515,0.6361803992645264,1.1621893696349903,0.006565280159839083,0.002275943762705611,12,1.3107162920647228,False,
458479104501700096,Gaia DR3 458479104501700096,458477970630324224,-12.343325992411975,0.013182659346140466,1.141689333007954,0.7624760987699896,0.005394964751928733,0.0019286267582317327,12,1.3107162920647228,True,amplitude
458479104501700096,Gaia DR3 458479104501700096,458488965747851264,-10.700004048779926,0.005225841191161595,0.5556106157584306,1.4214770038586353,0.006496566997610006,0.0022217260160944134,12,1.3107162920647228,False,
458479104501700096,Gaia DR3 458479104501700096,458570054727255424,-10.802511861531485,0.007547390352052277,0.7472429629910131,1.118184771926068,0.006335639619061776,0.0021431196073857816,12,1.3107162920647228,False,
458488725229687296,Gaia DR3 458488725229687296,458413713611890688,-9.251267514736494,0.007658743746332951,0.5788177356655262,1.4548963378471893,0.009251596791113459,0.003410171932512002,12,1.361216963721768,False,
458488725229687296,Gaia DR3 458488725229687296,458454743447553152,-8.957273653787976,0.010336185334729122,0.9727807148583631,1.317419316485346,0.011154844779054852,0.004082118591590141,12,1.361216963721768,False,
458488725229687296,Gaia DR3 458488725229687296,458455258843620224,-8.77712566315044,0.010821036452123914,0.36539138578112296,1.1855575909816356,0.012323398576483648,0.0044944652833216634,12,1.361216963721768,False,
458488725229687296,Gaia DR3 458488725229687296,458455327563093120,-9.23186736312896,0.007934267001915992,0.7906529830622965,1.1365203938586088,0.009373656320249994,0.003453591971801968,12,1.361216963721768,False,
458488725229687296,Gaia DR3 458488725229687296,458456427074516992,-9.4489908969356,0.014797999916820547,0.6352133263249194,0.7868837271441437,0.008559022523095731,0.003111344435523079,12,1.361216963721768,False,
458488725229687296,Gaia DR3 458488725229687296,458461718474405632,-8.84843468407227,0.008552002842981665,0.5629413447685824,1.3564913371090634,0.011860843169153049,0.004331243707751094,12,1.361216963721768,False,
458488725229687296,Gaia DR3 458488725229687296,458466357038779520,-9.178338092803237,0.009699388754205035,0.6777325121151764,1.6259949360242558,0.009720881020849465,0.00357611688840803,12,1.361216963721768,False,
458488725229687296,Gaia DR3 458488725229687296,458487728797277056,-8.809953575866427,0.00656460231316996,0.3871580825677373,1.8757609956464774,0.012110455973403983,0.004419324388566282,12,1.361216963721768,False,
458525180908445312,Gaia DR3 458525180908445312,458337714178233728,-9.50807907589435,0.007966674755809184,0.42471840429360197,1.6133477797610274,0.008352051795427072,0.0030220420352531072,12,1.0729096292533957,False,
458525180908445312,Gaia DR3 458525180908445312,458342249663654400,-10.205289330573287,0.006389729319071923,0.5191143288142055,1.1058346747906211,0.0071352271810875825,0.002693399218139012,12,1.0729096292533957,False,
458525180908445312,Gaia DR3 458525180908445312,458345307680360960,-8.918988854795462,0.008227470437926541,0.5950405779105616,1.2885944252496928,0.011403184197597213,0.0041697499337566635,12,1.0729096292533957,False,
458525180908445312,Gaia DR3 458525180908445312,458345612613764096,-9.645664928685026,0.010718439611672695,0.45738884342163716,1.121921271692355,0.00787012386041865,0.0028141028651193396,12,1.0729096292533957,False,
458525180908445312,Gaia DR3 458525180908445312,458346677766129408,-9.773890503145836,0.005979337858589303,0.6986027876460891,1.8921536007053352,0.007485279289619966,0.0026583575495573697,12,1.0729096292533957,False,
458525180908445312,Gaia DR3 458525180908445312,458368981541177344,-9.606886618714762,0.01074592804183225,0.3773927510954808,0.9345038748044702,0.008005954328944496,0.0028727101232847163,12,1.0729096292533957,False,
458525180908445312,Gaia DR3 458525180908445312,458534939073962240,-9.99396788355867,0.00426874750716683,0.6383371763241256,2.227353620175849,0.007306700799935148,0.002676233997374186,12,1.0729096292533957,False,
458525180908445312,Gaia DR3 458525180908445312,458538615565901696,-8.925126265905561,0.01367311870429742,0.5536236374613724,1.244436724839039,0.011363373067682815,0.004155701810554791,12,1.0729096292533957,False,
458525455786340096,Gaia DR3 458525455786340096,458345307680360960,-8.918988854795462,0.009794283787136038,0.6882464178708262,1.2439635614882634,0.011403184197597213,0.0041697499337566635,12,1.3437142289799733,False,
458525455786340096,Gaia DR3 458525455786340096,458346677766129408,-9.773890503145836,0.009293927981192626,1.0223351751192589,1.2707332421836115,0.007485279289619966,0.0026583575495573697,12,1.3437142289799733,False,
458525455786340096,Gaia DR3 458525455786340096,458366404560797056,-8.996851326975206,0.01690381538407271,0.6374687233290323,1.117935793900893,0.010898118960839165,0.0039915279469349835,12,1.3437142289799733,False,
458525455786340096,Gaia DR3 458525455786340096,458368981541177344,-9.606886618714762,0.008662360907022234,0.3648466272189858,1.2878025658172143,0.008005954328944496,0.0028727101232847163,12,1.3437142289799733,False,
458525455786340096,Gaia DR3 458525455786340096,458369118979758720,-9.39444769628117,0.008159285358702039,1.0478984179565751,1.5213251167353996,0.008750073358097871,0.003193777822753503,12,1.3437142289799733,False,
458525455786340096,Gaia DR3 458525455786340096,458526830175830912,-9.24334541371602,0.008588928391101876,0.7141080453828252,1.722074690876115,0.009299202425132307,0.0034273194823317738,12,1.3437142289799733,False,
458525455786340096,Gaia DR3 458525455786340096,458538168889337728,-9.64036890434142,0.012682065432021923,0.4844891373441554,1.0818985423915013,0.007888674474627157,0.002822106964993569,12,1.3437142289799733,False,
458525455786340096,Gaia DR3 458525455786340096,458538615565901696,-8.925126265905561,0.015631322243919932,0.6255267746961976,1.025500133321117,0.011363373067682815,0.004155701810554791,12,1.3437142289799733,False,
458525765023987840,Gaia DR3 458525765023987840,458342077865151488,-7.529385343459801,0.008847122838702096,0.3700158909615469,2.6420371919758554,0.033886913643878185,0.01127814220681148,12,0.9024569343315083,False,
458525765023987840,Gaia DR3 458525765023987840,458342180944366720,-7.622421204536383,0.033101937260315815,0.4095702825825558,1.1303350028886139,0.030518733121203255,0.010308268353698026,12,0.9024569343315083,False,
458525765023987840,Gaia DR3 458525765023987840,458342284023580160,-7.670274702544338,0.018542722924767024,0.6527626171644036,1.1753440798255559,0.028786291264190876,0.009809408495135216,12,0.9024569343315083,False,
458525765023987840,Gaia DR3 458525765023987840,458343830211657216,-6.818753313486506,0.05363240041733007,0.3582701130546891,0.8910004733819338,0.05506633355486748,0.023877761377298516,11,0.9024569343315083,False,
458525765023987840,Gaia DR3 458525765023987840,458365923524490624,-7.708799989711083,0.030153993426174145,0.5886047757132399,1.2301819034410038,0.027391558949533455,0.009407792728114409,12,0.9024569343315083,False,
458525765023987840,Gaia DR3 458525765023987840,458369909253740800,-7.224884805855081,0.03807143566997184,0.3818604971550303,1.0247122205062387,0.044645910517171955,0.014754822397375926,12,0.9024569343315083,False,
458525765023987840,Gaia DR3 458525765023987840,458370527729016960,-8.7325412665655,0.011758150404598837,0.6162021937790472,2.443499723930419,0.012763046145227894,0.00469802913848568,12,0.9024569343315083,False,
458525765023987840,Gaia DR3 458525765023987840,458558338056727040,-8.691732984242929,0.017382523001042705,0.47406613210952864,1.8768900448523305,0.013379406617634933,0.00502871480388129,12,0.9024569343315083,False,
458525868103185408,Gaia DR3 458525868103185408,458340634756388352,-6.647753479406004,0.08466753190939712,1.1908614870575047,0.8735166948042716,0.0464318619113646,0.021064155806051966,7,0.979746445258072,True,invNV
458525868103185408,Gaia DR3 458525868103185408,458346407194577920,-7.959464484693152,0.14051325163399403,0.5360762759648742,1.0925917675219565,0.023251932507864146,0.008565248657760465,12,0.979746445258072,True,amplitude
458525868103185408,Gaia DR3 458525868103185408,458365992243953792,-6.902443713099354,0.06214036601530459,0.5195127664517541,1.4732690703901419,0.047358723277874694,0.019874232418257965,11,0.979746445258072,False,
458525868103185408,Gaia DR3 458525868103185408,458526967614779392,-7.0152811834529585,0.1536739283962202,0.8453331014554376,0.9233247837330717,0.04511969973329433,0.016529484929949205,11,0.979746445258072,True,amplitude
458525868103185408,Gaia DR3 458525868103185408,458538649925633280,-7.256706904411785,0.11652519584748794,0.5847681797434844,1.124102611348732,0.04026291869839262,0.009558793750943022,12,0.979746445258072,True,amplitude
458525868103185408,Gaia DR3 458525868103185408,458558509855408256,-8.176621001208735,0.1612246129554696,0.55906187054126,0.915842132458583,0.020811339128797655,0.008535333354609768,12,0.979746445258072,True,amplitude
458525868103185408,Gaia DR3 458525868103185408,458558544215147264,-6.640624097419509,0.07151804081592474,0.7251469180100917,0.9704744720490381,0.04615631409214464,0.020832044578532542,8,0.979746445258072,False,
458525868103185408,Gaia DR3 458525868103185408,458559849885190144,-6.853173879032189,0.07596637945638612,0.48677613739897035,1.6746930517503558,0.04833638006305647,0.021334697219791622,12,0.979746445258072,False,
458526555298054016,Gaia DR3 458526555298054016,458337714178233728,-9.50807907589435,0.009374951732724436,0.3928219461841171,1.3038115900672607,0.008352051795427072,0.0030220420352531072,12,1.3431447224924522,False,
458526555298054016,Gaia DR3 458526555298054016,458345307680360960,-8.918988854795462,0.01069668006592456,0.7772848836722753,1.0958312632966971,0.011403184197597213,0.0041697499337566635,12,1.3431447224924522,False,
458526555298054016,Gaia DR3 458526555298054016,458345612613764096,-9.645664928685026,0.01052121617664134,0.3773110193497357,1.111339419449357,0.00787012386041865,0.0028141028651193396,12,1.3431447224924522,False,
458526555298054016,Gaia DR3 458526555298054016,458369118979758720,-9.39444769628117,0.006771441115469549,0.7133938068152477,1.9519030941047568,0.008750073358097871,0.003193777822753503,12,1.3431447224924522,False,
458526555298054016,Gaia DR3 458526555298054016,458526830175830912,-9.24334541371602,0.009935551616653021,0.7844468436047694,1.5748399060219265,0.009299202425132307,0.0034273194823317738,12,1.3431447224924522,False,
458526555298054016,Gaia DR3 458526555298054016,458538615565901696,-8.925126265905561,0.012098622685746928,0.5340437024286281,1.3062846609598642,0.011363373067682815,0.004155701810554791,12,1.3431447224924522,False,
458526555298054016,Gaia DR3 458526555298054016,458540020010123008,-9.85437237371094,0.006578999799870375,0.4663896532192965,1.3511123501769522,0.007419973482791637,0.0026648949318029145,12,1.3431447224924522,False,
458526555298054016,Gaia DR3 458526555298054016,458551942839335680,-9.776099636143254,0.007447555688414666,0.5125782021125483,1.5632658968977475,0.007483486721781092,0.00265853699303618,12,1.3431447224924522,False,
458526589657690240,Gaia DR3 458526589657690240,458341115792482304,-7.459138828055068,0.052078762535510935,0.336492821466977,0.8996601822993561,0.034248212925138286,0.009162915640340242,12,1.1332971652469013,False,
458526589657690240,Gaia DR3 458526589657690240,458345307680360960,-8.918988854795462,0.00728125882030144,0.7080402558368385,1.5679020981962033,0.011403184197597213,0.0041697499337566635,12,1.1332971652469013,False,
458526589657690240,Gaia DR3 458526589657690240,458366404560797056,-8.996851326975206,0.014952125631297065,0.5595038209521197,1.274490810241008,0.010898118960839165,0.0039915279469349835,12,1.1332971652469013,False,
458526589657690240,Gaia DR3 458526589657690240,458366541999723520,-9.307679779487858,0.01045251857977958,0.3123521702915057,1.1401656958982103,0.009053999104219477,0.0033249137516755487,12,1.1332971652469013,False,
458526589657690240,Gaia DR3 458526589657690240,458369118979758720,-9.39444769628117,0.015880698281166675,1.1171663850055984,0.9833253217193285,0.008750073358097871,0.003193777822753503,12,1.1332971652469013,False,
458526589657690240,Gaia DR3 458526589657690240,458526830175830912,-9.24334541371602,0.009931669228082435,0.6164332467679117,1.4837632464043673,0.009299202425132307,0.0034273194823317738,12,1.1332971652469013,False,
458526589657690240,Gaia DR3 458526589657690240,458538615565901696,-8.925126265905561,0.01851979750254256,0.65180889281842,0.8198508764462702,0.011363373067682815,0.004155701810554791,12,1.1332971652469013,False,
458526589657690240,Gaia DR3 458526589657690240,458558338056727040,-8.691732984242929,0.019987502011639277,0.5438073625853085,1.0481270256296558,0.013371876810865258,0.005019039296870636,12,1.1332971652469013,False,
458526658377155456,ZTF J021609.15+565135.3,458345307680360960,-8.918988854795462,0.010227134461695667,0.7474805377492493,1.183097095154187,0.011403184197597213,0.0041697499337566635,12,1.2557177819004646,False,
458526658377155456,ZTF J021609.15+565135.3,458369359498288256,-8.702174766265218,0.015741014528532864,0.598305850317358,0.8741209676002142,0.01321551552148699,0.004936159309940666,12,1.2557177819004646,False,
458526658377155456,ZTF J021609.15+565135.3,458370527729016960,-8.7325412665655,0.014577671648221524,0.5157151767283573,1.0909523433092567,0.012760789964994586,0.004695130035184304,12,1.2557177819004646,False,
458526658377155456,ZTF J021609.15+565135.3,458526830175830912,-9.24334541371602,0.008714338575176154,0.7655460678441324,1.964168999126857,0.009299202425132307,0.0034273194823317738,12,1.2557177819004646,False,
458526658377155456,ZTF J021609.15+565135.3,458538615565901696,-8.925126265905561,0.015164225618349647,0.6236798689243811,1.1098805308803033,0.011363373067682815,0.004155701810554791,12,1.2557177819004646,False,
458526658377155456,ZTF J021609.15+565135.3,458539264095885184,-8.580518909686822,0.02373058371871474,0.46641270618178376,0.8898924722457148,0.015037260751794537,0.005901783355879296,12,1.2557177819004646,False,
458526658377155456,ZTF J021609.15+565135.3,458558338056727040,-8.691732984242929,0.01305943335166895,0.4119692946035834,1.2658320294347856,0.013371876810865258,0.005019039296870636,12,1.2557177819004646,False,
458526658377155456,ZTF J021609.15+565135.3,458558441135935872,-8.728161974401406,0.016296339671081093,0.37843566958176106,0.9371663854767974,0.012826368021295723,0.004729889971423909,12,1.2557177819004646,False,
458526864535581696,Gaia DR3 458526864535581696,458345307680360960,-8.918988854795462,0.01479010011763921,0.7132440949393952,0.8220702303170137,0.011471058374979925,0.0041878748865580885,12,1.214277121745833,False,
458526864535581696,Gaia DR3 458526864535581696,458366404560797056,-8.996851326975206,0.019988008482783357,0.6226259757302287,1.0131567358419746,0.010947143636693609,0.004004297971085008,12,1.214277121745833,False,
458526864535581696,Gaia DR3 458526864535581696,458369118979758720,-9.39444769628117,0.014614434215586248,1.7854693013926435,1.0374123366829762,0.008741355672888676,0.0031904782465853737,12,1.214277121745833,True,invNV
458526864535581696,Gaia DR3 458526864535581696,458369359498288256,-8.702174766265218,0.01795973835303506,0.752298291658768,0.8665338533686541,0.013313894463980586,0.004963061017943514,12,1.214277121745833,False,
458526864535581696,Gaia DR3 458526864535581696,458526830175830912,-9.24334541371602,0.008702702186037345,0.6116212482754523,1.657082152278206,0.009288554057803577,0.0034231370747064226,12,1.214277121745833,False,
458526864535581696,Gaia DR3 458526864535581696,458538615565901696,-8.925126265905561,0.01791300558795127,0.5978523593894469,0.8332971897620749,0.011429761456894914,0.004173404667862985,12,1.214277121745833,False,
458526864535581696,Gaia DR3 458526864535581696,458558338056727040,-8.691732984242929,0.017791829819737523,0.5019526556498978,1.144154099970545,0.013467983951503157,0.005045319780975227,12,1.214277121745833,False,
458526864535581696,Gaia DR3 458526864535581696,458558441135935872,-8.728161974401406,0.01481857284853029,0.39818466136509056,1.0862953220545646,0.012930400959203342,0.004758337763678348,12,1.214277121745833,False,
458527001965227776,WISE J021609.8+565324,458342043505412480,-7.973963764498256,0.03134275031728048,0.8155514224161495,0.8367577621257882,0.02308897701907028,0.00856325124889705,12,1.8542644044192254,False,
458527001965227776,WISE J021609.8+565324,458369874893982592,-8.922648708279848,0.010261342448586374,0.6194437348546632,1.1628640937902823,0.011350825475293657,0.004146531983407719,12,1.8542644044192254,False,
458527001965227776,WISE J021609.8+565324,458370665167963648,-8.939113147360334,0.029067863248023462,0.43962171052596477,0.7724679672728838,0.011240756941113428,0.004108782454680679,12,1.8542644044192254,True,amplitude
458527001965227776,WISE J021609.8+565324,458532327733904128,-9.230177251047571,0.009636639646909117,0.9993425105742427,1.2020392171152314,0.009294926956336958,0.0034414331031577413,12,1.8542644044192254,False,
458527001965227776,WISE J021609.8+565324,458533495964990208,-8.27689542162214,0.015293020291912856,0.6895336878607164,1.125421580090838,0.019584199573455016,0.008310984121126255,12,1.8542644044192254,False,
458527001965227776,WISE J021609.8+565324,458536790194727424,-9.18255660245504,0.009120143587834658,0.5719254492280319,1.2406730694643926,0.009613281864248995,0.003550617329432088,12,1.8542644044192254,False,
458527001965227776,WISE J021609.8+565324,458539298455623040,-8.745069398343286,0.01888860482892016,0.7976203401859921,0.8918967933577561,0.012578799290236314,0.004581655149575588,12,1.8542644044192254,False,
458527001965227776,WISE J021609.8+565324,458560399640992640,-9.182537861517327,0.017639863889290744,1.0428139292064083,1.2255484223802182,0.009613407151696276,0.0035506602984979115,12,1.8542644044192254,False,
458527036334240768,Gaia DR3 458527036334240768,458341802987071104,-10.578540282810105,0.005274241522092591,0.5348336025940472,0.9667112969526908,0.006659159733966015,0.002350018929629413,12,0.9413587163345818,False,
458527036334240768,Gaia DR3 458527036334240768,458341906066460416,-10.524418249708361,0.006357476947844692,0.6658586795895864,1.267686168661082,0.006731608084211876,0.0024071839060124563,12,0.9413587163345818,False,
458527036334240768,Gaia DR3 458527036334240768,458345651277736320,-11.053354342622992,0.005523337650116446,0.39962600652852925,1.2804220670562547,0.005886602845682538,0.0020198786882078225,12,0.9413587163345818,False,
458527036334240768,Gaia DR3 458527036334240768,458365884859401984,-10.046966646810574,0.008186798927338184,0.33740376546655765,1.0585023188597638,0.0072636957483531335,0.002680538981484099,12,0.9413587163345818,False,
458527036334240768,Gaia DR3 458527036334240768,458366434615213184,-10.08552479491593,0.013290905203665257,0.467820975588993,1.039925495823082,0.007232408317355993,0.0026836709831519917,12,0.9413587163345818,False,
458527036334240768,Gaia DR3 458527036334240768,458370867021453312,-9.413343473703613,0.008776922694674,0.4482838810512943,1.3548411717919575,0.00862084452557317,0.0031543768825575986,12,0.9413587163345818,False,
458527036334240768,Gaia DR3 458527036334240768,458526211703033728,-11.261159624429471,0.0058207772712715305,0.5822999786001767,0.9492776723818365,0.005548499815863936,0.0019191930433385036,12,0.9413587163345818,False,
458527036334240768,Gaia DR3 458527036334240768,458532224657219328,-11.4694629410963,0.004347294207459118,0.37183855696117796,1.0589792653278605,0.005808238551419475,0.0018431848034023228,12,0.9413587163345818,False,
458527105053714432,Gaia DR3 458527105053714432,458345307680360960,-8.918988854795462,0.014255782955576906,0.7262825497171189,0.8890253359968833,0.01137529243140261,0.004154923264979488,12,1.1824699677127979,False,
458527105053714432,Gaia DR3 458527105053714432,458366404560797056,-8.996851326975206,0.01996205034875972,0.6165802658953309,0.9708047840046566,0.010854764028425884,0.003976400837586792,12,1.1824699677127979,False,
458527105053714432,Gaia DR3 458527105053714432,458369359498288256,-8.702174766265218,0.01784165853701208,0.7524367051755726,0.8921451668194332,0.013220642029580289,0.004923340510332039,12,1.1824699677127979,False,
458527105053714432,Gaia DR3 458527105053714432,458526830175830912,-9.24334541371602,0.00873873147066221,0.6232391204158928,1.4350043273512645,0.009206894782530279,0.0034112412495206465,12,1.1824699677127979,False,
458527105053714432,Gaia DR3 458527105053714432,458538615565901696,-8.925126265905561,0.01795114844819261,0.5584948952968353,0.8604608331302468,0.011334262436924952,0.00414085145992875,12,1.1824699677127979,False,
458527105053714432,Gaia DR3 458527105053714432,458558338056727040,-8.691732984242929,0.016443814668353075,0.5256416021620068,1.2356306727653448,0.013376884935793377,0.005006516513584207,12,1.1824699677127979,False,
458527105053714432,Gaia DR3 458527105053714432,458558441135935872,-8.728161974401406,0.014489986505420795,0.38552696456140517,1.1172024282516873,0.012831789158021073,0.004716334454867902,12,1.1824699677127979,False,
458527105053714432,Gaia DR3 458527105053714432,458560120457071360,-9.06264355308619,0.011441489625795777,0.434505567489952,1.062888412862929,0.010414927976126179,0.003825552969800267,12,1.1824699677127979,False,
458530025631628544,Gaia DR3 458530025631628544,458340634756388352,-6.647753479406004,0.08558672512419938,1.0911049064974054,0.7961055404167592,0.043199626927982626,0.018521882032282683,7,2.137128970629984,False,
458530025631628544,Gaia DR3 458530025631628544,458342043505412480,-7.973963764498256,0.04389202647496746,0.44138933892324816,1.0881961114059013,0.02287988140363776,0.008354150846958768,12,2.137128970629984,False,
458530025631628544,Gaia DR3 458530025631628544,458343039937675264,-8.242431701091778,0.0382069953945236,0.5911059659038038,1.0894199082962006,0.01967178327034046,0.00811980531267586,12,2.137128970629984,False,
458530025631628544,Gaia DR3 458530025631628544,458344036370069632,-6.506655766905032,0.07709566409734228,0.8723604336982086,1.4012286218687635,0.03889284765943773,0.014830002556282517,3,2.137128970629984,False,
458530025631628544,Gaia DR3 458530025631628544,458532362093674240,-8.334116803437295,0.07908298487063763,1.5456223514774927,0.7659997783707648,0.018390869359167387,0.0075124671134131574,12,2.137128970629984,True,amplitude
458530025631628544,Gaia DR3 458530025631628544,458533495964990208,-8.27689542162214,0.06651726759181006,0.7547545277893868,0.884535237692302,0.019200703346323143,0.007921121559131784,12,2.137128970629984,True,amplitude
458530025631628544,Gaia DR3 458530025631628544,458538100169821824,-7.109511013367145,0.052515236060269796,0.8012277453865504,0.9081377750564013,0.0412562897942001,0.013466784355429993,12,2.137128970629984,False,
458530025631628544,Gaia DR3 458530025631628544,458558509855408256,-8.176621001208735,0.03462686419223425,0.5065070727414637,1.1035004716261174,0.0204581981626538,0.008177251441332089,12,2.137128970629984,False,
458532048550838656,Gaia DR3 458532048550838656,458366198403185152,-9.221806167325338,0.007363942793971421,0.4515431016065947,1.3787985395217603,0.009350889562187173,0.0034606262541605846,12,0.858750424639934,False,
458532048550838656,Gaia DR3 458532048550838656,458371661600616064,-9.07585494201525,0.012044433471819712,0.3828631818629474,1.2249301066562512,0.010326606824898504,0.003795262007353042,12,0.858750424639934,False,
458532048550838656,Gaia DR3 458532048550838656,458372692392506240,-9.030111287032865,0.012022496065682117,0.5944407919723268,1.0472863145554228,0.010632413601998158,0.003900142678318865,12,0.858750424639934,False,
458532048550838656,Gaia DR3 458532048550838656,458526830175830912,-9.24334541371602,0.009054915485299854,0.5597538532529253,1.3248290038149233,0.009206894782530279,0.0034112412495206465,12,0.858750424639934,False,
458532048550838656,Gaia DR3 458532048550838656,458533358526031744,-8.812636729058541,0.016848283472811566,0.3565554945775386,0.828713346363692,0.012086280672762625,0.004398766532646342,12,0.858750424639934,False,
458532048550838656,Gaia DR3 458532048550838656,458538615565901696,-8.925126265905561,0.013155269020735608,0.5602890427181596,1.089526616943641,0.011334262436924952,0.00414085145992875,12,0.858750424639934,False,
458532048550838656,Gaia DR3 458532048550838656,458560120457071360,-9.06264355308619,0.011858192553025703,0.41396982715348185,1.0740767680658387,0.010414927976126179,0.003825552969800267,12,0.858750424639934,False,
458532048550838656,Gaia DR3 458532048550838656,458563114060288768,-9.199572603393374,0.007086830964592028,0.3652909710848881,1.725931917796199,0.009499526013124279,0.0035116031842734913,12,0.858750424639934,False,
458532327733908096,Gaia DR3 458532327733908096,458345307680360960,-8.918988854795462,0.011778333961416643,0.8327471846339827,0.9792747682128301,0.01137529243140261,0.004154923264979488,12,1.8360204121808217,False,
458532327733908096,Gaia DR3 458532327733908096,458365884859401984,-10.046966646810574,0.009133823304390954,0.4425508571808966,1.1343852004264017,0.0072636957483531335,0.002680538981484099,12,1.8360204121808217,False,
458532327733908096,Gaia DR3 458532327733908096,458366198403185152,-9.221806167325338,0.01640872428372393,0.7650914764735843,0.8323677811002957,0.009350889562187173,0.0034606262541605846,12,1.8360204121808217,False,
458532327733908096,Gaia DR3 458532327733908096,458366541999723520,-9.307679779487858,0.008471453895423605,0.36310010440628926,1.3367603203062397,0.008971170913262974,0.0033106675814230306,12,1.8360204121808217,False,
458532327733908096,Gaia DR3 458532327733908096,458366640773645184,-8.995541854476276,0.013144568101560051,0.3629854179411515,1.0436027239088426,0.010863518151041416,0.003979403185220621,12,1.8360204121808217,False,
458532327733908096,Gaia DR3 458532327733908096,458369118979758720,-9.39444769628117,0.0056717853628645044,0.6758714389870398,2.1784583528538892,0.008683493191192208,0.0031823262579876222,12,1.8360204121808217,False,
458532327733908096,Gaia DR3 458532327733908096,458370867021453312,-9.413343473703613,0.0078074832555047845,0.9193643053708335,1.437897790276223,0.00862084452557317,0.0031543768825575986,12,1.8360204121808217,False,
458532327733908096,Gaia DR3 458532327733908096,458371730320069120,-9.8802032707685,0.007583389436019091,0.6821807866906235,1.3603706727356937,0.007399013388777929,0.002666993124186179,12,1.8360204121808217,False,
458532533892327552,Gaia DR3 458532533892327552,458345307680360960,-8.918988854795462,0.01194267835764699,0.9303634662735386,1.0451516129333256,0.01137529243140261,0.004154923264979488,12,1.2799755088791294,False,
458532533892327552,Gaia DR3 458532533892327552,458346677766129408,-9.773890503145836,0.0021220656325604227,0.6109088672150967,2.525623362199926,0.007485279289619966,0.0026583575495573697,12,1.2799755088791294,False,
458532533892327552,Gaia DR3 458532533892327552,458369118979758720,-9.39444769628117,0.005495843812060044,0.6642090759808712,2.09412200941848,0.008683493191192208,0.0031823262579876222,12,1.2799755088791294,False,
458532533892327552,Gaia DR3 458532533892327552,458370867021453312,-9.413343473703613,0.008684070786969205,0.7553919778761635,1.202718422482834,0.00862084452557317,0.0031543768825575986,12,1.2799755088791294,False,
458532533892327552,Gaia DR3 458532533892327552,458371730320069120,-9.8802032707685,0.005829695819514585,0.45895832158778804,1.6530993929324995,0.007399013388777929,0.002666993124186179,12,1.2799755088791294,False,
458532533892327552,Gaia DR3 458532533892327552,458372722447315200,-9.73463175626811,0.00990085629808693,0.488764427378999,1.0952044080568732,0.007555618060860954,0.0026791486540541855,12,1.2799755088791294,False,
458532533892327552,Gaia DR3 458532533892327552,458374376019938944,-9.128492739000414,0.00929776411945644,0.378175241721638,1.026396373682267,0.009974711134537557,0.0036745745050515135,12,1.2799755088791294,False,
458532533892327552,Gaia DR3 458532533892327552,458551942839335680,-9.776099636143254,0.007703517883314764,0.4179697449123142,1.0242186306413668,0.007483486721781092,0.00265853699303618,12,1.2799755088791294,False,
458533495964983296,Gaia DR3 458533495964983296,458345307680360960,-8.918988854795462,0.013145126293352485,1.0121180958592177,1.0422345921955727,0.01137529243140261,0.004154923264979488,12,1.5588433060100846,False,
458533495964983296,Gaia DR3 458533495964983296,458346677766129408,-9.773890503145836,0.00814498679156916,0.8919311792245987,0.7584719959747427,0.007485279289619966,0.0026583575495573697,12,1.5588433060100846,False,
458533495964983296,Gaia DR3 458533495964983296,458365884859401984,-10.046966646810574,0.0074001338205124155,0.6173992535269937,1.0793512432538368,0.0072636957483531335,0.002680538981484099,12,1.5588433060100846,False,
458533495964983296,Gaia DR3 458533495964983296,458366434615213184,-10.08552479491593,0.006422916719117548,1.0560625537252593,1.5641362936037198,0.007232408317355993,0.0026836709831519917,12,1.5588433060100846,False,
458533495964983296,Gaia DR3 458533495964983296,458369118979758720,-9.39444769628117,0.006545693714255348,0.8070854918067574,1.5453841514796849,0.008683493191192208,0.0031823262579876222,12,1.5588433060100846,False,
458533495964983296,Gaia DR3 458533495964983296,458370867021453312,-9.413343473703613,0.013265974028279344,0.6825392925033742,0.8015994157922568,0.00862084452557317,0.0031543768825575986,12,1.5588433060100846,False,
458533495964983296,Gaia DR3 458533495964983296,458551942839335680,-9.776099636143254,0.003510143182967661,0.5186305955218241,2.1301927806512735,0.007483486721781092,0.00265853699303618,12,1.5588433060100846,False,
458533495964983296,Gaia DR3 458533495964983296,458563114060288768,-9.199572603393374,0.012218100838450685,0.6620256105812926,1.2095836411417418,0.009499526013124279,0.0035116031842734913,12,1.5588433060100846,False,
458533839562362368,Gaia DR3 458533839562362368,458345651277736320,-11.053354342622992,0.004819669766836084,0.5818670629581932,1.3354500694832605,0.005884060178024417,0.002028177945020957,12,1.2098964449744944,False,
458533839562362368,Gaia DR3 458533839562362368,458352110910474368,-10.80517240773289,0.003742295463708863,0.45293691460402213,1.6425094918936713,0.006330414490303282,0.00215274415469567,12,1.2098964449744944,False,
458533839562362368,Gaia DR3 458533839562362368,458366713798434432,-11.511256388511033,0.006359069626006027,1.1421453459183009,0.8344480701347923,0.00585835075957203,0.0018309015504619037,12,1.2098964449744944,False,
458533839562362368,Gaia DR3 458533839562362368,458371283643256320,-11.472451862338344,0.0030078533919618814,0.6448027232025737,1.4723487498877432,0.0058096391496267625,0.0018455432370948412,12,1.2098964449744944,False,
458533839562362368,Gaia DR3 458533839562362368,458371661600617088,-12.578844356393166,0.006106454853877155,1.447236173380652,0.8512755242755431,0.0049785756195968225,0.00191664478695922,12,1.2098964449744944,True,invNV
458533839562362368,Gaia DR3 458533839562362368,458377674554774016,-12.6841478801708,0.0036996700993146363,0.7040982892651657,1.2890375690930302,0.00479388310873496,0.00192183013533392,12,1.2098964449744944,False,
458533839562362368,Gaia DR3 458533839562362368,458531709258674304,-12.197883105095173,0.005550883028291533,0.6015089475042449,1.006808642469899,0.005618160503598159,0.0018838127237854787,12,1.2098964449744944,False,
458533839562362368,Gaia DR3 458533839562362368,458560846317541632,-11.824394778825882,0.007399646478208518,0.3018510426392761,0.8938374981794533,0.00606837049524567,0.0017645707360571335,12,1.2098964449744944,False,
458534080080531200,ASASSN-V J021656.45+565817.5,458341906066461824,-12.462148837644637,0.003840879144024271,0.43610948959260043,0.9681676693812856,0.005183248621893551,0.0019108984748058369,12,1.8501051796122465,False,
458534080080531200,ASASSN-V J021656.45+565817.5,458345651277736320,-11.053354342622992,0.006973813687069806,0.8411587893627129,0.8545086554278908,0.005884060178024417,0.002028177945020957,12,1.8501051796122465,False,
458534080080531200,ASASSN-V J021656.45+565817.5,458365884859401984,-10.046966646810574,0.016907276720430516,0.3778523144086508,0.7570294856887664,0.0072636957483531335,0.002680538981484099,12,1.8501051796122465,False,
458534080080531200,ASASSN-V J021656.45+565817.5,458366713798434432,-11.511256388511033,0.006099076425428583,0.6408511269555812,0.96037280146191,0.00585835075957203,0.0018309015504619037,12,1.8501051796122465,False,
458534080080531200,ASASSN-V J021656.45+565817.5,458374719617277184,-12.15870406488311,0.003879617259046917,0.4115829221427747,0.9797295020478946,0.0056653876700877275,0.001871304202625418,12,1.8501051796122465,False,
458534080080531200,ASASSN-V J021656.45+565817.5,458531709258674304,-12.197883105095173,0.004858729362195851,0.8723696198786691,1.1500617712913281,0.005618160503598159,0.0018838127237854787,12,1.8501051796122465,False,
458534080080531200,ASASSN-V J021656.45+565817.5,458538168889345664,-10.804485628625855,0.0035282718384725235,0.7012014890861675,1.2302319815273337,0.006331649660043351,0.002153088859358743,12,1.8501051796122465,False,
458534080080531200,ASASSN-V J021656.45+565817.5,458566756192517504,-11.498036426971659,0.005304299618912314,0.6572877732912243,1.150859801850005,0.005841755643653551,0.0018358896936825578,12,1.8501051796122465,False,
458534286238942336,ZTF J021717.61+565859.9,458342249663654400,-10.205289330573287,0.008386634320347341,1.0237530091550473,1.0062976419280807,0.0071352271810875825,0.002693399218139012,12,1.3681935649629482,False,
458534286238942336,ZTF J021717.61+565859.9,458346677766129408,-9.773890503145836,0.0030238761050017703,0.5553058682521907,2.1837635976806467,0.007485279289619966,0.0026583575495573697,12,1.3681935649629482,False,
458534286238942336,ZTF J021717.61+565859.9,458369118979758720,-9.39444769628117,0.00729311123227647,0.729207884968789,1.5516272385155374,0.008683493191192208,0.0031823262579876222,12,1.3681935649629482,False,
458534286238942336,ZTF J021717.61+565859.9,458370867021453312,-9.413343473703613,0.007749572427705044,0.5934199479190697,1.349751845592637,0.00862084452557317,0.0031543768825575986,12,1.3681935649629482,False,
458534286238942336,ZTF J021717.61+565859.9,458371730320069120,-9.8802032707685,0.008482305242024559,0.5841181584649379,1.2095280959400998,0.007399013388777929,0.002666993124186179,12,1.3681935649629482,False,
458534286238942336,ZTF J021717.61+565859.9,458374582178365696,-8.937961503634053,0.010509365217435522,0.45098225749726945,1.21091236439066,0.011248455942350577,0.004111422933819752,12,1.3681935649629482,False,
458534286238942336,ZTF J021717.61+565859.9,458551942839335680,-9.776099636143254,0.005255934150591769,0.351965288563661,1.349553346116554,0.007483486721781092,0.00265853699303618,12,1.3681935649629482,False,
458534286238942336,ZTF J021717.61+565859.9,458563423297975424,-10.096879973397414,0.005932554537899358,0.7138431740920205,1.5051337801785927,0.00722319432807858,0.002684593341711486,12,1.3681935649629482,False,
458534354958403200,Gaia DR3 458534354958403200,458341906066460416,-10.524418249708361,0.010082970442685035,0.5558306680239087,0.8637230003082697,0.006689775558137331,0.002372808030524055,12,1.8447605926079986,False,
458534354958403200,Gaia DR3 458534354958403200,458342249663654400,-10.205289330573287,0.009951474053905895,2.4224549425893662,0.7693465750150776,0.007130734902117898,0.0026684358476875805,12,1.8447605926079986,True,invNV
458534354958403200,Gaia DR3 458534354958403200,458342829474964608,-10.03888045745314,0.009886573632053119,0.6774656342373134,0.7258704353871123,0.007267406820571882,0.002664042932004491,12,1.8447605926079986,False,
458534354958403200,Gaia DR3 458534354958403200,458365884859401984,-10.046966646810574,0.006898603655329715,0.40296732762338844,1.313999865935008,0.00726076561814234,0.002664256393867303,12,1.8447605926079986,False,
458534354958403200,Gaia DR3 458534354958403200,458372864185390336,-11.022871863102374,0.0046373024381562555,1.4130328585845355,1.5842245397927195,0.00590610144034456,0.002020031118108052,12,1.8447605926079986,False,
458534354958403200,Gaia DR3 458534354958403200,458372864191190912,-11.186228815784649,0.006325145513967286,0.6427906955547343,1.0042850241039223,0.005635881834034423,0.001954903168538138,12,1.8447605926079986,False,
458534354958403200,Gaia DR3 458534354958403200,458377640195025664,-10.846502702664292,0.006103901494933552,0.8857751412530728,1.2411275898065792,0.006197845405424039,0.002090346838364174,12,1.8447605926079986,False,
458534354958403200,Gaia DR3 458534354958403200,458560399640994176,-10.246757322100574,0.005604397625080384,0.44010852166412767,1.0872349723791044,0.007096677163187258,0.002669530533246775,12,1.8447605926079986,False,
458534453732518784,ASASSN-V J021726.20+570051.2,458366434615213184,-10.08552479491593,0.006984560504765667,0.7726001930290779,1.728651147487471,0.00722909773905162,0.002665274264431216,12,1.5074307298978722,False,
458534453732518784,ASASSN-V J021726.20+570051.2,458372658033770624,-9.401377078374853,0.011305272191892575,0.5547201251532352,1.4832287694196633,0.008660518929163797,0.0031720767775188044,12,1.5074307298978722,False,
458534453732518784,ASASSN-V J021726.20+570051.2,458373375282357248,-9.834400262512716,0.004982593768097669,0.7839943118810424,1.3220993312627074,0.0074353467867789395,0.0026586449971564706,12,1.5074307298978722,False,
458534453732518784,ASASSN-V J021726.20+570051.2,458374066782258560,-8.901500821740793,0.013805497142373517,0.7741731162580199,0.9784738506152314,0.011492203924992702,0.004195019681441016,12,1.5074307298978722,False,
458534453732518784,ASASSN-V J021726.20+570051.2,458375063214603904,-9.991270248508277,0.0053221718143732985,0.4150692077086545,1.2137289079212021,0.007306509174145247,0.0026627861021875014,12,1.5074307298978722,False,
458534453732518784,ASASSN-V J021726.20+570051.2,458379736138948608,-10.235537537679775,0.002706483951409958,0.6942857935104728,2.480578562802885,0.007105891993097942,0.002669234349719906,12,1.5074307298978722,False,
458534453732518784,ASASSN-V J021726.20+570051.2,458560399640994176,-10.246757322100574,0.007267615470669112,0.4101736956532914,1.2555746115164017,0.007096677163187258,0.002669530533246775,12,1.5074307298978722,False,
458534453732518784,ASASSN-V J021726.20+570051.2,458566820606044800,-9.885630202308977,0.004432589648100934,0.5360598240553205,1.4395306796765952,0.0073932715414933,0.0026599973818085335,12,1.5074307298978722,False,
458535076512888576,Gaia DR3 458535076512888576,458345307680360960,-8.918988854795462,0.006474037288044689,0.6227715429991468,1.6816207005239885,0.01137529243140261,0.004154923264979488,12,1.5991359805237684,False,
458535076512888576,Gaia DR3 458535076512888576,458366198403185152,-9.221806167325338,0.010115764050798396,0.7309464352893684,0.9629385704557252,0.009350889562187173,0.0034606262541605846,12,1.5991359805237684,False,
458535076512888576,Gaia DR3 458535076512888576,458366541999723520,-9.307679779487858,0.009089265952208296,0.321747012798587,1.2213513228599124,0.008971170913262974,0.0033106675814230306,12,1.5991359805237684,False,
458535076512888576,Gaia DR3 458535076512888576,458366640773645184,-8.995541854476276,0.016652495900347515,0.31060372887741194,0.8062467238236061,0.010863518151041416,0.003979403185220621,12,1.5991359805237684,False,
458535076512888576,Gaia DR3 458535076512888576,458369118979758720,-9.39444769628117,0.007159972334597663,0.8165062839544284,1.9852415145603983,0.008683493191192208,0.0031823262579876222,12,1.5991359805237684,False,
458535076512888576,Gaia DR3 458535076512888576,458372692392506240,-9.030111287032865,0.014224045528895292,0.36947497562117854,1.0426902167816072,0.010632413601998158,0.003900142678318865,12,1.5991359805237684,False,
458535076512888576,Gaia DR3 458535076512888576,458374376019938944,-9.128492739000414,0.008396207008988285,0.546886846013951,1.1276038475554868,0.009974711134537557,0.0036745745050515135,12,1.5991359805237684,False,
458535076512888576,Gaia DR3 458535076512888576,458563114060288768,-9.199572603393374,0.00810332548440664,0.5077441384987309,1.3005207565992454,0.009499526013124279,0.0035116031842734913,12,1.5991359805237684,False,
458535248311586304,NSV 15466,458344517406391040,-12.955247050613835,0.006467361992076288,0.4056799648886561,0.9337945223523669,0.004884567921076841,0.0019018885393700651,12,0.6421843582695924,False,
458535248311586304,NSV 15466,458377674554774016,-12.6841478801708,0.0030143333478748094,0.3597127372081578,1.751088045486873,0.00479388310873496,0.00192183013533392,12,0.6421843582695924,False,
458535248311586304,NSV 15466,458379014584350592,-13.827338781979803,0.007656937885698706,0.5365886263130372,0.8235164097921782,0.005599865843779864,0.002215296504454444,12,0.6421843582695924,False,
458535248311586304,NSV 15466,458561361713638784,-12.656078595934797,0.0072399797619498935,0.43459760655062846,0.9541902403104641,0.004843114002418916,0.001920447949703556,12,0.6421843582695924,False,
458535660628422400,V0551 Per,458368603583940352,-12.838205044624257,0.005612563167480272,0.4389128934002257,1.2957376099538909,0.0047669920431869335,0.0019151093616507832,12,0.5768174358326303,False,
458535660628422400,V0551 Per,458374719617266048,-13.460924929009382,0.005047239404510685,0.41565873993256147,1.2777687190403468,0.0053799556154791005,0.0021239773055480716,12,0.5768174358326303,False,
458535660628422400,V0551 Per,458374719617270272,-12.913261820951869,0.00575892029485084,0.44299500074401155,0.9129461323857186,0.0048423911812458895,0.0019066311038458091,12,0.5768174358326303,False,
458535660628422400,V0551 Per,458379014584350592,-13.827338781979803,0.0028833891862706205,0.5082631216314817,1.577167231698777,0.005599865843779864,0.002215296504454444,12,0.5768174358326303,False,
458535660628422400,V0551 Per,458571497836305920,-14.118722068826825,0.004768375573210435,0.3132955520333461,0.8136758579002484,0.005399355253191584,0.001240662494974499,12,0.5768174358326303,False,
458535866786818304,Gaia DR3 458535866786818304,458343654108684544,-8.936564687445703,0.017146228811152596,0.5174324873035927,1.068308798471846,0.011257793977470957,0.004114625542336858,12,0.850718725567644,False,
458535866786818304,Gaia DR3 458535866786818304,458370665167963648,-8.939113147360334,0.02050878555055024,0.5220822691483545,1.1369450424978156,0.011240756941113428,0.004108782454680679,12,0.850718725567644,False,
458535866786818304,Gaia DR3 458535866786818304,458375131934098816,-7.928639145087972,0.01591728451622279,0.4517668061370624,1.0543486865220812,0.023421494784988013,0.008393714685704825,12,0.850718725567644,False,
458535866786818304,Gaia DR3 458535866786818304,458532362093674240,-8.334116803437295,0.022197135584095442,0.6981122736518955,1.027071384855917,0.018390869359167387,0.0075124671134131574,12,0.850718725567644,False,
458535866786818304,Gaia DR3 458535866786818304,458535385750525440,-8.333954676574303,0.019201081134531586,0.4692415367430156,0.845079550315801,0.018393163883342046,0.0075136249649230425,12,0.850718725567644,False,
458535866786818304,Gaia DR3 458535866786818304,458539298455623040,-8.745069398343286,0.018222744562051082,0.5161867088267024,1.1870989761013957,0.012574802568963138,0.004577592079628872,12,0.850718725567644,False,
458535866786818304,Gaia DR3 458535866786818304,458559197050171904,-8.1274132692534,0.020685410771388885,0.38020766109023263,1.0951427719728508,0.021046213383513184,0.008220204847173557,12,0.850718725567644,False,
458535866786818304,Gaia DR3 458535866786818304,458567164203425152,-8.969139565308165,0.011381876837909623,0.7637930895942852,1.33230048852597,0.011040023481926373,0.00403993813381735,12,0.850718725567644,False,
458535866787122688,Gaia DR3 458535866787122688,458366198403185152,-9.221806167325338,0.0075942685140541945,0.4569771552785484,0.9925256775308656,0.009350889562187173,0.0034606262541605846,12,0.6539742474361787,False,
458535866787122688,Gaia DR3 458535866787122688,458369325138179968,-8.817508806907743,0.011036439464004861,0.47269587680816266,0.8826406294286346,0.01205370972001701,0.0043875958731522825,12,0.6539742474361787,False,
458535866787122688,Gaia DR3 458535866787122688,458370527729016960,-8.7325412665655,0.018719767698591055,0.6393644710248183,1.0119103830652594,0.012752108788900148,0.004667063472753902,12,0.6539742474361787,False,
458535866787122688,Gaia DR3 458535866787122688,458371348057793280,-8.747351788798383,0.016703852627290128,0.602326291924764,1.1813028666673966,0.012542500703753588,0.00456129207119227,12,0.6539742474361787,False,
458535866787122688,Gaia DR3 458535866787122688,458374376019938944,-9.128492739000414,0.013601671199252444,0.7377492598580665,1.0067837958165446,0.009974711134537557,0.0036745745050515135,12,0.6539742474361787,False,
458535866787122688,Gaia DR3 458535866787122688,458378082567513856,-8.88692132122503,0.01623659221329447,0.4692553757672779,0.7950157027044409,0.01158967121452532,0.004228447438733883,12,0.6539742474361787,False,
458535866787122688,Gaia DR3 458535866787122688,458563114060288768,-9.199572603393374,0.005985459243443874,0.44464183812825553,1.526888687186463,0.009499526013124279,0.0035116031842734913,12,0.6539742474361787,False,
458535866787122688,Gaia DR3 458535866787122688,458565313083438976,-8.795564761343693,0.008514382417735677,0.487553825495532,1.511394157763887,0.01220041067456588,0.004437908997963765,12,0.6539742474361787,False,
458535969866174848,Gaia DR3 458535969866174848,458341115792482304,-7.459138828055068,0.046035120407267545,0.32438955558357135,0.9999441740019586,0.033538054345276985,0.009652744262373144,12,1.2770319340141976,False,
458535969866174848,Gaia DR3 458535969866174848,458345307680360960,-8.918988854795462,0.012211400754191599,0.7011430700185385,0.910175385697577,0.01137529243140261,0.004154923264979488,12,1.2770319340141976,False,
458535969866174848,Gaia DR3 458535969866174848,458366404560797056,-8.996851326975206,0.021611678968404602,0.6560959717009948,0.9589526954226681,0.010854764028425884,0.003976400837586792,12,1.2770319340141976,False,
458535969866174848,Gaia DR3 458535969866174848,458369359498288256,-8.702174766265218,0.019557145273442565,0.68563459737574,0.7799891809673203,0.013181875132075568,0.004883930052255823,12,1.2770319340141976,False,
458535969866174848,Gaia DR3 458535969866174848,458538615565901696,-8.925126265905561,0.016523586787425073,0.6472913473582628,0.9015724081506363,0.011334262436924952,0.00414085145992875,12,1.2770319340141976,False,
458535969866174848,Gaia DR3 458535969866174848,458558338056727040,-8.691732984242929,0.019352552937060473,0.46258862829229697,1.036103346685708,0.013329653981517505,0.004958501488828558,12,1.2770319340141976,False,
458535969866174848,Gaia DR3 458535969866174848,458558441135935872,-8.728161974401406,0.01632695561917756,0.40441172075889137,1.0116906847593599,0.012814087362672179,0.004698338795984278,12,1.2770319340141976,False,
458535969866174848,Gaia DR3 458535969866174848,458560120457071360,-9.06264355308619,0.011677911603044377,0.4421090885235274,1.271444298752776,0.010414927976126179,0.003825552969800267,12,1.2770319340141976,False,
458536004225917440,Gaia DR3 458536004225917440,458345307680360960,-8.918988854795462,0.009193368620491927,0.8169563875855168,1.311141591383782,0.01137529243140261,0.004154923264979488,12,1.4895829619731131,False,
458536004225917440,Gaia DR3 458536004225917440,458346677766129408,-9.773890503145836,0.010748680838034588,1.0192865157866455,0.8927253414746206,0.007485043565218689,0.0026570476408020963,12,1.4895829619731131,False,
458536004225917440,Gaia DR3 458536004225917440,458366541999723520,-9.307679779487858,0.009552901691356886,0.34618343864938983,1.1127352227278537,0.008971170913262974,0.0033106675814230306,12,1.4895829619731131,False,
458536004225917440,Gaia DR3 458536004225917440,458369118979758720,-9.39444769628117,0.008459070552436712,0.7731647260820602,1.4383545152089197,0.008683493191192208,0.0031823262579876222,12,1.4895829619731131,False,
458536004225917440,Gaia DR3 458536004225917440,458370867021453312,-9.413343473703613,0.008926253599607453,1.0351950808169452,1.5042515990459886,0.00862084452557317,0.0031543768825575986,12,1.4895829619731131,False,
458536004225917440,Gaia DR3 458536004225917440,458526830175830912,-9.24334541371602,0.009243777213018492,0.7636975854702972,1.836087362827239,0.009206894782530279,0.0034112412495206465,12,1.4895829619731131,False,
458536004225917440,Gaia DR3 458536004225917440,458538615565901696,-8.925126265905561,0.014265953837917351,0.6288735385364121,1.1719145717135027,0.011334262436924952,0.00414085145992875,12,1.4895829619731131,False,
458536004225917440,Gaia DR3 458536004225917440,458563114060288768,-9.199572603393374,0.007528025956103088,0.6647803263760291,1.5581503954602076,0.009499526013124279,0.0035116031842734913,12,1.4895829619731131,False,
458536004225920768,Gaia DR3 458536004225920768,458341115792482304,-7.459138828055068,0.046296972720823865,0.31132248459089545,0.9683394915629306,0.033538054345276985,0.009652744262373144,12,1.0811132090899829,False,
458536004225920768,Gaia DR3 458536004225920768,458345307680360960,-8.918988854795462,0.009317162686299566,0.7718805121643101,1.338525502816717,0.01137529243140261,0.004154923264979488,12,1.0811132090899829,False,
458536004225920768,Gaia DR3 458536004225920768,458369325138179968,-8.817508806907743,0.016750897125288006,0.5930662459175262,0.8228113219147398,0.01205370972001701,0.0043875958731522825,12,1.0811132090899829,False,
458536004225920768,Gaia DR3 458536004225920768,458369359498288256,-8.702174766265218,0.015116124870606,0.569485014980373,0.9885335985422489,0.013181875132075568,0.004883930052255823,12,1.0811132090899829,False,
458536004225920768,Gaia DR3 458536004225920768,458369909253740800,-7.224884805855081,0.022659767009901223,0.4658842031359097,1.6586580283657824,0.039631078544423076,0.010985948397844905,12,1.0811132090899829,False,
458536004225920768,Gaia DR3 458536004225920768,458370527729016960,-8.7325412665655,0.012321993776438752,0.43609395049244504,1.3294826659780776,0.012752108788900148,0.004667063472753902,12,1.0811132090899829,False,
458536004225920768,Gaia DR3 458536004225920768,458558338056727040,-8.691732984242929,0.014636033036542864,0.3569756513703576,1.1030227399385952,0.013329653981517505,0.004958501488828558,12,1.0811132090899829,False,
458536004225920768,Gaia DR3 458536004225920768,458558441135935872,-8.728161974401406,0.01820883018130324,0.40020209656360173,0.8707674423431194,0.012814087362672179,0.004698338795984278,12,1.0811132090899829,False,
458536244744069888,Gaia DR3 458536244744069888,458345307680360960,-8.918988854795462,0.015167317306432691,0.7442460650456484,0.7706750417929766,0.01137529243140261,0.004154923264979488,12,1.1309223904743977,False,
458536244744069888,Gaia DR3 458536244744069888,458365923524490624,-7.708799989711083,0.025126178674404216,0.4656134433896484,1.3245952831842325,0.026686791074425266,0.008705900395108403,12,1.1309223904743977,False,
458536244744069888,Gaia DR3 458536244744069888,458369359498288256,-8.702174766265218,0.017616628426160394,0.66708248458439,0.9192420966326064,0.013181875132075568,0.004883930052255823,12,1.1309223904743977,False,
458536244744069888,Gaia DR3 458536244744069888,458371348057793280,-8.747351788798383,0.019871484584340807,0.6663252203010603,0.8960795849911435,0.012542500703753588,0.00456129207119227,12,1.1309223904743977,False,
458536244744069888,Gaia DR3 458536244744069888,458538615565901696,-8.925126265905561,0.014995218355357127,0.5524291488190062,1.0648599709630646,0.011334262436924952,0.00414085145992875,12,1.1309223904743977,False,
458536244744069888,Gaia DR3 458536244744069888,458558338056727040,-8.691732984242929,0.014270648460819784,0.5191308172363158,1.3408152067781225,0.013329653981517505,0.004958501488828558,12,1.1309223904743977,False,
458536244744069888,Gaia DR3 458536244744069888,458558441135935872,-8.728161974401406,0.0185815609267909,0.382811914287073,0.9080647292610285,0.012814087362672179,0.004698338795984278,12,1.1309223904743977,False,
458536244744069888,Gaia DR3 458536244744069888,458560120457071360,-9.06264355308619,0.011044086268887266,0.4687028649779299,1.1976622963798889,0.010414927976126179,0.003825552969800267,12,1.1309223904743977,False,
458536313463539840,Gaia DR3 458536313463539840,458345307680360960,-8.918988854795462,0.011217535970555009,0.9506402740717519,1.075737245444784,0.01137529243140261,0.004154923264979488,12,1.4386720211012953,False,
458536313463539840,Gaia DR3 458536313463539840,458346677766129408,-9.773890503145836,0.006303763580771037,0.7926660194972107,1.0938396879415542,0.007485043565218689,0.0026570476408020963,12,1.4386720211012953,False,
458536313463539840,Gaia DR3 458536313463539840,458365884859401984,-10.046966646810574,0.006667989798834263,0.4937418456487657,1.2067607748820997,0.00726076561814234,0.002664256393867303,12,1.4386720211012953,False,
458536313463539840,Gaia DR3 458536313463539840,458369118979758720,-9.39444769628117,0.003909027816630998,0.8828861235905593,2.733948255776446,0.008683493191192208,0.0031823262579876222,12,1.4386720211012953,False,
458536313463539840,Gaia DR3 458536313463539840,458370867021453312,-9.413343473703613,0.009727526499476112,0.8083574734340511,1.1617468838094098,0.00862084452557317,0.0031543768825575986,12,1.4386720211012953,False,
458536313463539840,Gaia DR3 458536313463539840,458534939073962240,-9.99396788355867,0.007355758605054372,0.6430743871943406,1.4053413991612833,0.007304293601437416,0.0026628573152370095,12,1.4386720211012953,False,
458536313463539840,Gaia DR3 458536313463539840,458538615565901696,-8.925126265905561,0.016773854517999016,0.6625179847737642,1.137872967968477,0.011334262436924952,0.00414085145992875,12,1.4386720211012953,False,
458536313463539840,Gaia DR3 458536313463539840,458551942839335680,-9.776099636143254,0.00643485035799226,0.4497520739777975,1.2309612916941834,0.007483229200159807,0.002657105958215155,12,1.4386720211012953,False,
458537790932206720,Gaia DR3 458537790932206720,458337679818500992,-10.47523115652095,0.008969877111715902,0.43720079075663776,1.1941604733118467,0.0067622317860430905,0.0024260083110640763,12,1.2443516613043086,False,
458537790932206720,Gaia DR3 458537790932206720,458536450902467200,-11.397507285599993,0.009562408943372106,0.760030868337518,1.2131594351627193,0.0057155606657574975,0.001873821252977777,12,1.2443516613043086,False,
458537790932206720,Gaia DR3 458537790932206720,458561602231793024,-10.166105557380249,0.010950831761677958,0.5608108500687644,0.940662133282367,0.007162916608262208,0.002667401461668645,12,1.2443516613043086,False,
458537790932206720,Gaia DR3 458537790932206720,458562083268100736,-10.435516058357265,0.007335354757520332,0.6264321019983895,1.0736469052942448,0.0068207350643905915,0.002468963774114762,12,1.2443516613043086,False,
458537790932206720,Gaia DR3 458537790932206720,458566481314534144,-11.666334447023253,0.007014885365078984,0.8210637245038223,1.3904356019220119,0.006053021398344921,0.0017723876460200455,12,1.2443516613043086,False,
458537790932206720,Gaia DR3 458537790932206720,458576445638701824,-10.956210191277254,0.007077087123494903,0.9177957557619886,0.9221163974283808,0.0060163709478297705,0.00204660811975742,12,1.2443516613043086,False,
458537790932206720,Gaia DR3 458537790932206720,458577338991874048,-9.77662070335489,0.006374465858051497,0.6619145381489976,1.4048229210843932,0.0074828012466851964,0.0026571197135172794,12,1.2443516613043086,False,
458537790932206720,Gaia DR3 458537790932206720,458578885180082304,-9.714790147196304,0.013761656824049883,0.6453505738220893,1.474739383858082,0.007621402617076505,0.0027084970406638298,12,1.2443516613043086,False,
458538753004850688,ASASSN-V J021638.34+570512.5,458369595712180224,-12.067038216636583,0.006338490047330957,0.41232160994674905,1.0160090766206946,0.005775883441630734,0.0018420384473583047,12,1.2390160464138211,False,
458538753004850688,ASASSN-V J021638.34+570512.5,458371283643256320,-11.472451862338344,0.005829890734020996,0.7835248086274633,1.109139937282273,0.0058096391496267625,0.0018455432370948412,12,1.2390160464138211,False,
458538753004850688,ASASSN-V J021638.34+570512.5,458371661600617088,-12.578844356393166,0.004870531270352308,1.0067258667621137,0.9133730423735396,0.0049785756195968225,0.00191664478695922,12,1.2390160464138211,False,
458538753004850688,ASASSN-V J021638.34+570512.5,458372864185390336,-11.022871863102374,0.007592330130664147,0.4883286937622768,1.2458877654925875,0.00590610144034456,0.002020031118108052,12,1.2390160464138211,False,
458538753004850688,ASASSN-V J021638.34+570512.5,458377674554774016,-12.6841478801708,0.0023027559751491993,0.4149374779490513,1.0669922651255084,0.00479388310873496,0.00192183013533392,12,1.2390160464138211,False,
458538753004850688,ASASSN-V J021638.34+570512.5,458531709258674304,-12.197883105095173,0.003786482237166908,0.8132738992786609,1.4880332190570378,0.005618160503598159,0.0018838127237854787,12,1.2390160464138211,False,
458538753004850688,ASASSN-V J021638.34+570512.5,458538168889345664,-10.804485628625855,0.0038101494006279593,0.573962891507969,1.1928117025552845,0.006267348643691793,0.002107098411126266,12,1.2390160464138211,False,
458538753004850688,ASASSN-V J021638.34+570512.5,458566756192517504,-11.498036426971659,0.00451140741412103,0.49149202307015616,1.2957502718463139,0.005841755643653551,0.0018358896936825578,12,1.2390160464138211,False,
458539062242468992,Gaia DR3 458539062242468992,458345307680360960,-8.918988854795462,0.010526543361622596,0.5388840112385018,1.136989464349139,0.011370986495310825,0.004111601277505182,12,1.1475393846676154,False,
458539062242468992,Gaia DR3 458539062242468992,458366541999723520,-9.307679779487858,0.015552334876550479,0.3443947369516804,0.6975556952122075,0.00895990033211172,0.003292753417971894,12,1.1475393846676154,False,
458539062242468992,Gaia DR3 458539062242468992,458369118979758720,-9.39444769628117,0.013870384693658491,1.1407220354127556,1.105034891187448,0.008674433507942959,0.003167926233324783,12,1.1475393846676154,False,
458539062242468992,Gaia DR3 458539062242468992,458378082567513856,-8.88692132122503,0.011447114394526949,0.4747279021573171,1.0747379555515397,0.01158618237817862,0.0041828903160009215,12,1.1475393846676154,False,
458539062242468992,Gaia DR3 458539062242468992,458558441135935872,-8.728161974401406,0.013592194092094759,0.35196377062339074,1.1239867038568816,0.012814087362672179,0.004645644716095077,12,1.1475393846676154,False,
458539062242468992,Gaia DR3 458539062242468992,458563114060288768,-9.199572603393374,0.005722579357976789,0.6275170822895355,1.6979712768996378,0.009488070636962505,0.003487838130547131,12,1.1475393846676154,False,
458539062242468992,Gaia DR3 458539062242468992,458565313083438976,-8.795564761343693,0.010709628581095938,0.47267441334965815,1.0641819854681243,0.012199249657464363,0.004385984242757549,12,1.1475393846676154,False,
458539062242468992,Gaia DR3 458539062242468992,458567202869080576,-9.236865844631323,0.006988760724684182,0.5881807383956161,1.710940477866206,0.009237806551151993,0.003404931869471461,12,1.1475393846676154,False,
458558166258030592,NSV 770,458341906066461824,-12.462148837644637,0.00574711549444308,0.5130549284986633,0.8726989088627439,0.005202917371426752,0.001886291717035562,12,0.9778829525850318,False,
458558166258030592,NSV 770,458345651277736320,-11.053354342622992,0.0035261026300381984,0.6561893934453,1.6959278944041447,0.005855678342458797,0.002011401872828307,12,0.9778829525850318,False,
458558166258030592,NSV 770,458354516091370240,-10.650154311596438,0.005755454920847437,0.5397414244950649,1.1258437000135142,0.006504557035029587,0.0022368131315989213,12,0.9778829525850318,False,
458558166258030592,NSV 770,458364686573954944,-11.799715109471865,0.004308615979719152,0.4765587886125494,1.312435474215065,0.00610021654041711,0.001806349848132258,12,0.9778829525850318,False,
458558166258030592,NSV 770,458371283643256320,-11.472451862338344,0.0044560744530686355,0.5488966105399083,1.098774577479524,0.0058096391496267625,0.0018746592521259166,12,0.9778829525850318,False,
458558166258030592,NSV 770,458371661600617088,-12.578844356393166,0.006307755273244672,1.272406896476649,0.8493287101296644,0.004997464166091484,0.0018937276801781072,12,0.9778829525850318,True,invNV
458558166258030592,NSV 770,458377674554774016,-12.6841478801708,0.005016158116957932,0.628993556575063,0.9635929734174676,0.004812067616804657,0.0019004377332288846,12,0.9778829525850318,False,
458558166258030592,NSV 770,458531709258674304,-12.197883105095173,0.004775549940684974,0.6982959889903064,1.0075009828048915,0.005637049646139697,0.0018650853724548817,12,0.9778829525850318,False,
458558338056726912,Gaia DR3 458558338056726912,458346677766129408,-9.773890503145836,0.007593568083163903,0.7157096940055204,1.1707848638619067,0.007485043565218689,0.0026570476408020963,12,1.4289991126276025,False,
458558338056726912,Gaia DR3 458558338056726912,458366198403185152,-9.221806167325338,0.00867228558405203,0.8933829392313606,1.3328355348610874,0.009338867661650171,0.0034384108993707127,12,1.4289991126276025,False,
458558338056726912,Gaia DR3 458558338056726912,458369118979758720,-9.39444769628117,0.009867488050286444,0.8819262870793612,1.2156406643961377,0.008674433507942959,0.003167926233324783,12,1.4289991126276025,False,
458558338056726912,Gaia DR3 458558338056726912,458370867021453312,-9.413343473703613,0.014089361595405473,0.718750865179805,0.8427110123500138,0.00861226631792232,0.0031407421451902172,12,1.4289991126276025,False,
458558338056726912,Gaia DR3 458558338056726912,458372658033770624,-9.401377078374853,0.014882605881003898,0.6279020464143028,1.1174809096580143,0.008651635810673726,0.003157957395878113,12,1.4289991126276025,False,
458558338056726912,Gaia DR3 458558338056726912,458374376019938944,-9.128492739000414,0.00864916732199698,0.3774155519131348,1.0889967424800135,0.009965066915412497,0.0036458551223389145,12,1.4289991126276025,False,
458558338056726912,Gaia DR3 458558338056726912,458551942839335680,-9.776099636143254,0.0035442738093165427,0.44529423366699505,1.5435376644909526,0.007483229200159807,0.002657105958215155,12,1.4289991126276025,False,
458558338056726912,Gaia DR3 458558338056726912,458563114060288768,-9.199572603393374,0.010137499956340027,0.6299492463348882,1.2990211867786092,0.009488070636962505,0.003487838130547131,12,1.4289991126276025,False,
458558372416459392,ZTF J021728.66+570527.7,458342043505412480,-7.973963764498256,0.04056924348411046,0.3978752357995204,0.9339325530363803,0.023069696796698742,0.008666368638540364,12,0.8408786528968031,False,
458558372416459392,ZTF J021728.66+570527.7,458343654108684544,-8.936564687445703,0.03898680940746163,0.36649887860986374,0.8782388627294605,0.011249486642063388,0.0040660257804286245,12,0.8408786528968031,True,amplitude
458558372416459392,ZTF J021728.66+570527.7,458368397425511552,-6.480270065676942,0.02770664510097824,0.31792573182104233,1.1017564563153777,0.03791682917041046,0.014139609869560628,6,0.8408786528968031,False,
458558372416459392,ZTF J021728.66+570527.7,458532362093674240,-8.334116803437295,0.024398942455923753,0.595606440577268,1.2533672924179866,0.018389915689246427,0.0076417884680838365,12,0.8408786528968031,False,
458558372416459392,ZTF J021728.66+570527.7,458533495964990208,-8.27689542162214,0.035460344591593466,0.3701916033331853,1.0372785323731673,0.019200398420867536,0.008077244830801305,12,0.8408786528968031,False,
458558372416459392,ZTF J021728.66+570527.7,458535385750525440,-8.333954676574303,0.012183968224069792,0.42216736188770604,2.1768451891931107,0.018392212051526035,0.007643022258177994,12,0.8408786528968031,False,
458558372416459392,ZTF J021728.66+570527.7,458560777598073216,-8.18599189437028,0.03964971838194175,0.28802135956559227,0.8994420971192415,0.020390234219803797,0.008371066915370182,12,0.8408786528968031,False,
458558372416459392,ZTF J021728.66+570527.7,458568989575410304,-7.710681388645081,0.034806720107808595,0.4725766870075497,0.8489762556924897,0.02695194727447767,0.00909370269003731,12,0.8408786528968031,False,
458558475495676416,Gaia DR3 458558475495676416,458342249663654400,-10.205289330573287,0.010035516614117224,1.0841617146313847,0.9096328596173062,0.007130734902117898,0.0026684358476875805,12,1.3791835820091067,False,
458558475495676416,Gaia DR3 458558475495676416,458365884859401984,-10.046966646810574,0.010456625268984897,0.33269090691040504,0.8914725600610868,0.00726076561814234,0.002664256393867303,12,1.3791835820091067,False,
458558475495676416,Gaia DR3 458558475495676416,458371283643256320,-11.472451862338344,0.004909284202778168,0.37634198079229675,1.0173549531512067,0.0058096391496267625,0.0018746592521259166,12,1.3791835820091067,False,
458558475495676416,Gaia DR3 458558475495676416,458374788336736512,-10.960227639274535,0.01271284198993755,0.4842266502151344,0.800238273383396,0.00600972541974926,0.002047448355298218,12,1.3791835820091067,False,
458558475495676416,Gaia DR3 458558475495676416,458375063214603904,-9.991270248508277,0.008952309460504715,0.461852460359483,1.1040367905242134,0.007306509174145247,0.0026627861021875014,12,1.3791835820091067,False,
458558475495676416,Gaia DR3 458558475495676416,458379152023300096,-11.186154607723678,0.00649486455140415,0.7592461949646307,1.3080648356071443,0.005636004586526382,0.0019599989748857083,12,1.3791835820091067,False,
458558475495676416,Gaia DR3 458558475495676416,458379736138948608,-10.235537537679775,0.00650435935472677,0.7644050861325106,0.9362472252460123,0.007105891993097942,0.002669234349719906,12,1.3791835820091067,False,
458558475495676416,Gaia DR3 458558475495676416,458566820606044800,-9.885630202308977,0.007790546714611544,0.5205118679025449,1.1252272582917267,0.0073932715414933,0.0026599973818085335,12,1.3791835820091067,False,
458558509855411200,Gaia DR3 458558509855411200,458372864185390336,-11.022871863102374,0.005452701926829337,1.588023743312713,1.3032030355101305,0.00590610144034456,0.002023200703068952,12,2.0061226759542397,False,
458558509855411200,Gaia DR3 458558509855411200,458373375282357248,-9.834400262512716,0.007016384253905565,0.7391836591174126,0.999377918414811,0.007436179552888007,0.002663272636940276,12,2.0061226759542397,False,
458558509855411200,Gaia DR3 458558509855411200,458374066782258560,-8.901500821740793,0.012733829184294705,0.9528212508315226,1.2164545232973876,0.011512236921562906,0.004168308891791499,12,2.0061226759542397,False,
458558509855411200,Gaia DR3 458558509855411200,458374788336736512,-10.960227639274535,0.012452501741192784,0.4781012878289079,0.8706622367306215,0.00600972541974926,0.002047448355298218,12,2.0061226759542397,False,
458558509855411200,Gaia DR3 458558509855411200,458379736138948608,-10.235537537679775,0.008263648235198113,0.6597910222115906,0.8969335224375878,0.007110682727084097,0.002695856219830313,12,2.0061226759542397,False,
458558509855411200,Gaia DR3 458558509855411200,458379903632621312,-10.126826729831462,0.0056218184342344026,2.164722363793616,1.223593325041759,0.007198894481702184,0.0026870258571643326,12,2.0061226759542397,True,invNV
458558509855411200,Gaia DR3 458558509855411200,458381385406372352,-9.868669180301849,0.007255141924009665,0.7649644631908947,1.6277152315016015,0.007408372553502442,0.0026660562329620346,12,2.0061226759542397,False,
458558509855411200,Gaia DR3 458558509855411200,458560399640994176,-10.246757322100574,0.005995062814203525,0.415047928159376,1.1958454101527816,0.00710157860128663,0.0026967675805995937,12,2.0061226759542397,False,
458558819093050880,Gaia DR3 458558819093050880,458342249663654400,-10.205289330573287,0.009099697240267969,1.5159812510550432,1.0529126157544946,0.0071352271810875825,0.002693399218139012,12,1.869063473062743,False,
458558819093050880,Gaia DR3 458558819093050880,458342829474964608,-10.03888045745314,0.00923931485358471,0.7141804785696482,0.8592674495386273,0.007270257165433105,0.0026798821564082372,12,1.869063473062743,False,
458558819093050880,Gaia DR3 458558819093050880,458365884859401984,-10.046966646810574,0.011789612419040531,0.39560748293616205,0.8213502227697915,0.0072636957483531335,0.002680538981484099,12,1.869063473062743,False,
458558819093050880,Gaia DR3 458558819093050880,458371799039531520,-11.19693090660627,0.006774967263042145,0.8267134464216183,1.180709797597049,0.0056181787934167495,0.001955827801046252,12,1.869063473062743,False,
458558819093050880,Gaia DR3 458558819093050880,458372864185390336,-11.022871863102374,0.006069493809511515,0.6888577411804322,1.1292155685485457,0.00590610144034456,0.002023200703068952,12,1.869063473062743,False,
458558819093050880,Gaia DR3 458558819093050880,458374788336736512,-10.960227639274535,0.011096383882010806,0.40852733631395116,0.8385491035066933,0.00600972541974926,0.002047448355298218,12,1.869063473062743,False,
458558819093050880,Gaia DR3 458558819093050880,458526211703033728,-11.261159624429471,0.005095613142480423,0.7488716637914884,1.341256799201724,0.005544402433897357,0.0019322449380058165,12,1.869063473062743,False,
458558819093050880,Gaia DR3 458558819093050880,458532224657219328,-11.4694629410963,0.0045574300138240716,0.4329591099365655,1.0196258307782557,0.005805887134589865,0.0018754738541267642,12,1.869063473062743,False,
458559368848865920,Gaia DR3 458559368848865920,458345307680360960,-8.918988854795462,0.012247653055291036,0.7182719631573317,1.0321000253045198,0.011370986495310825,0.004107290026786664,12,2.28426286705726,False,
458559368848865920,Gaia DR3 458559368848865920,458366541999723520,-9.307679779487858,0.007359174787304228,0.3944816003252213,1.446886209192465,0.00895990033211172,0.003281468926040125,12,2.28426286705726,False,
458559368848865920,Gaia DR3 458559368848865920,458369118979758720,-9.39444769628117,0.008423480648722712,0.6671647673828232,1.588466484158261,0.008674433507942959,0.003158855368108647,12,2.28426286705726,False,
458559368848865920,Gaia DR3 458559368848865920,458370867021453312,-9.413343473703613,0.007492887311498239,0.9626006156965388,1.6337629680423307,0.00861226631792232,0.0031321533498365473,12,2.28426286705726,False,
458559368848865920,Gaia DR3 458559368848865920,458374376019938944,-9.128492739000414,0.007738871599443996,0.36615869733850076,1.1528920349944025,0.009965066915412497,0.003636198999780154,12,2.28426286705726,False,
458559368848865920,Gaia DR3 458559368848865920,458378082567513856,-8.88692132122503,0.018157383268881576,0.7257729029534855,0.905457212781552,0.01158618237817862,0.004179397173537614,12,2.28426286705726,False,
458559368848865920,Gaia DR3 458559368848865920,458379358181844096,-9.283069893731392,0.00653922362244273,0.3482204819104768,1.2392317783175235,0.009040866963439163,0.0033162456703069647,12,2.28426286705726,False,
458559368848865920,Gaia DR3 458559368848865920,458565313083438976,-8.795564761343693,0.004472207217109536,0.7693798665845119,3.0541461414774966,0.012199249657464363,0.004384821792663904,12,2.28426286705726,True,spike
458559506287810688,Gaia DR3 458559506287810688,458345307680360960,-8.918988854795462,0.008288422611116128,0.5446515791785118,1.3706309835037331,0.011370986495310825,0.004107290026786664,12,0.7174517709483612,False,
458559506287810688,Gaia DR3 458559506287810688,458366541999723520,-9.307679779487858,0.008885685933270637,0.33211290915481456,1.0915136943892572,0.00895990033211172,0.003281468926040125,12,0.7174517709483612,False,
458559506287810688,Gaia DR3 458559506287810688,458369118979758720,-9.39444769628117,0.014885155928702145,0.942921576886802,1.0459277294598022,0.008674433507942959,0.003158855368108647,12,0.7174517709483612,False,
458559506287810688,Gaia DR3 458559506287810688,458369359498288256,-8.702174766265218,0.018083083747129622,0.8095833864980567,0.8903711079576327,0.013181875132075568,0.004850238021821306,12,0.7174517709483612,False,
458559506287810688,Gaia DR3 458559506287810688,458374376019938944,-9.128492739000414,0.010377455890569397,0.5516011723024677,1.0032567720601342,0.009965066915412497,0.003636198999780154,12,0.7174517709483612,False,
458559506287810688,Gaia DR3 458559506287810688,458378082567513856,-8.88692132122503,0.01613124273508003,0.596169362745093,0.8230779694553862,0.01158618237817862,0.004179397173537614,12,0.7174517709483612,False,
458559506287810688,Gaia DR3 458559506287810688,458563114060288768,-9.199572603393374,0.007018715872524688,0.5550332817413606,1.2855124712258823,0.009488070636962505,0.0034763686155205222,12,0.7174517709483612,False,
458559506287810688,Gaia DR3 458559506287810688,458565313083438976,-8.795564761343693,0.012161319013043218,0.5408149878058988,1.1770340704867688,0.012199249657464363,0.004384821792663904,12,0.7174517709483612,False,
458559575007290752,Gaia DR3 458559575007290752,458342249663654400,-10.205289330573287,0.007605886635753222,0.7122110209546978,0.905363142343131,0.0071352271810875825,0.002693399218139012,12,1.018569665906732,False,
458559575007290752,Gaia DR3 458559575007290752,458365884859401984,-10.046966646810574,0.0047199128259534815,0.41910025383131605,1.355552548978085,0.0072636957483531335,0.002680538981484099,12,1.018569665906732,False,
458559575007290752,Gaia DR3 458559575007290752,458366434615213184,-10.08552479491593,0.008149172965305124,0.7023317547079352,1.4487256197141234,0.007232408317355993,0.0026836709831519917,12,1.018569665906732,False,
458559575007290752,Gaia DR3 458559575007290752,458375063214603904,-9.991270248508277,0.0036167513212374556,0.5835327297758311,1.6307101091640217,0.0073088897554385085,0.0026760148738453767,12,1.018569665906732,False,
458559575007290752,Gaia DR3 458559575007290752,458376918640421888,-10.06479252270902,0.006421437598314772,0.4442972538879117,1.3256298695233488,0.0072492312087022075,0.0026819869419227858,12,1.018569665906732,False,
458559575007290752,Gaia DR3 458559575007290752,458379736138948608,-10.235537537679775,0.004812423252367129,0.6131518092026449,1.3891415845434658,0.007110682727084097,0.002695856219830313,12,1.018569665906732,False,
458559575007290752,Gaia DR3 458559575007290752,458558063178823040,-10.703995827043897,0.009505280438787718,0.6907198120754281,1.0768138777189709,0.006425698415752379,0.0021811010676104,12,1.018569665906732,False,
458559575007290752,Gaia DR3 458559575007290752,458566820606044800,-9.885630202308977,0.007163109506318319,0.6492615986533984,0.9722521241199739,0.007394609786570819,0.002667433943039561,12,1.018569665906732,False,
458560846317538816,Gaia DR3 458560846317538816,458342249663654400,-10.205289330573287,0.009049614672338066,1.1833563199070722,0.8620306192407938,0.007132579463012453,0.0026691855857761903,12,0.6812810948160377,True,invNV
458560846317538816,Gaia DR3 458560846317538816,458346677766129408,-9.773890503145836,0.006361794917998434,0.4521234206775908,1.1885495377406798,0.007504685699203348,0.0026650313598722275,12,0.6812810948160377,False,
458560846317538816,Gaia DR3 458560846317538816,458361422399500544,-10.44332351883314,0.003584289487400049,0.5919599803637371,1.3210368837247952,0.006809234097389965,0.0024605193009673244,12,0.6812810948160377,False,
458560846317538816,Gaia DR3 458560846317538816,458361761687408128,-10.001423445893185,0.004103548463146665,0.5299325183791224,2.027405579030165,0.007308425483476654,0.0026672224257367374,12,0.6812810948160377,False,
458560846317538816,Gaia DR3 458560846317538816,458374788336736512,-10.960227639274535,0.014189028234731216,0.47351704151640817,0.8522001766947424,0.00600972541974926,0.002047448355298218,12,0.6812810948160377,False,
458560846317538816,Gaia DR3 458560846317538816,458375063214603904,-9.991270248508277,0.009112188204722486,0.4992349947565996,1.1059653010540746,0.00731718319866733,0.0026671246538539626,12,0.6812810948160377,False,
458560846317538816,Gaia DR3 458560846317538816,458379736138948608,-10.235537537679775,0.005574910555798905,0.9003907271227353,0.9348705789046745,0.007106488649170797,0.0026694768658574544,12,0.6812810948160377,False,
458560846317538816,Gaia DR3 458560846317538816,458584790749192448,-10.06546867565511,0.0047857331781205395,0.485144684579364,1.8642394247861553,0.0072531827988017656,0.0026678391598017994,12,0.6812810948160377,False,
458560880677278336,Gaia DR3 458560880677278336,458355237645794688,-8.702054291493967,0.007872186556036893,0.6007712447410715,1.8128736622818864,0.013183580168921214,0.004851152338814824,12,1.398773704720853,False,
458560880677278336,Gaia DR3 458560880677278336,458355512523680640,-9.155516982491585,0.012607670835125769,0.6107898497766837,1.1297170304815656,0.009783715084154758,0.003575432209376041,12,1.398773704720853,False,
458560880677278336,Gaia DR3 458560880677278336,458369325138179968,-8.817508806907743,0.013459448232122114,0.45657781568533146,0.9088957849771029,0.012051989555639724,0.004335478349697792,12,1.398773704720853,False,
458560880677278336,Gaia DR3 458560880677278336,458369359498288256,-8.702174766265218,0.017369368745919773,0.8045151764471273,0.8475365157908019,0.013181875132075568,0.004850238021821306,12,1.398773704720853,False,
458560880677278336,Gaia DR3 458560880677278336,458370527729016960,-8.7325412665655,0.017791789760511347,0.6647464703129768,1.0014731773137544,0.012752108788900148,0.004619778092576223,12,1.398773704720853,False,
458560880677278336,Gaia DR3 458560880677278336,458375849183500160,-9.104841113607257,0.008458409664404823,0.7430284199348498,1.5204951812451084,0.010123786088390358,0.0036893821115831574,12,1.398773704720853,False,
458560880677278336,Gaia DR3 458560880677278336,458378082567513856,-8.88692132122503,0.015878727252305425,0.47559147758079856,0.7175100100130207,0.01158618237817862,0.004179397173537614,12,1.398773704720853,False,
458560880677278336,Gaia DR3 458560880677278336,458563114060288768,-9.199572603393374,0.00734652617418975,0.39207633078995807,1.3868862405791709,0.009488070636962505,0.0034763686155205222,12,1.398773704720853,False,
458560880679521408,Gaia DR3 458560880679521408,458354619170560768,-9.916355995188194,0.009356885570507279,0.6896472067612559,0.9769968591598323,0.007381801039671256,0.0026664032547403533,12,1.0447263631384076,False,
458560880679521408,Gaia DR3 458560880679521408,458367297913925376,-9.819117126329717,0.010383297424095958,0.4650810866904146,0.9906778600434424,0.007465675142246264,0.0026654668770726324,12,1.0447263631384076,False,
458560880679521408,Gaia DR3 458560880679521408,458370287210849920,-9.862466664730485,0.0077295126114194325,0.583715497712736,1.2786100769369642,0.007428283678595066,0.002665884318576642,12,1.0447263631384076,False,
458560880679521408,Gaia DR3 458560880679521408,458474908309673728,-8.603539964337969,0.007967614743863302,0.3926349257111471,1.3043278723677059,0.014577818613047324,0.005598805332788168,12,1.0447263631384076,False,
458560880679521408,Gaia DR3 458560880679521408,458534801634958464,-9.099858348473454,0.004910782435531579,0.5946503315667708,1.4087408812293831,0.010157223974710385,0.003700586371366329,12,1.0447263631384076,False,
458560880679521408,Gaia DR3 458560880679521408,458538821724310400,-10.209312614755364,0.010347232562542653,0.346956292488471,1.0828672194207367,0.007129109149606534,0.0026692243286524004,12,1.0447263631384076,False,
458560880679521408,Gaia DR3 458560880679521408,458572047592069632,-8.524251632703852,0.028159425286827466,0.4110375176823652,0.8455908402346292,0.01569995833958533,0.006200546828109238,12,1.0447263631384076,False,
458560880679521408,Gaia DR3 458560880679521408,458586577455582720,-8.487751681994762,0.014072956777964586,0.5354891258167603,1.1482441711444455,0.01621652923801654,0.006477555241152726,12,1.0447263631384076,False,
458561808390210560,Gaia DR3 458561808390210560,458361972155290752,-7.64932387433017,0.023275414083158807,0.4241630715834395,2.2074539055269864,0.02827909205531744,0.008848784085750063,12,0.5984753009315028,False,
458561808390210560,Gaia DR3 458561808390210560,458372554953553792,-7.731920059193281,0.03621855184848205,0.38462486639102883,0.8537617844909382,0.026004223065846557,0.008518435137599567,12,0.5984753009315028,False,
458561808390210560,Gaia DR3 458561808390210560,458378293029981056,-8.178735293298363,0.017269491187953928,0.520682894065663,2.6513363431962773,0.020360551685420922,0.00824872843832275,12,0.5984753009315028,False,
458561808390210560,Gaia DR3 458561808390210560,458380217175281280,-6.577431688580387,0.02705997351733155,1.5705701374270966,1.5283880410842998,0.04175724099289292,0.016094436579328054,6,0.5984753009315028,True,invNV
458561808390210560,Gaia DR3 458561808390210560,458471888956756864,-6.873756563604171,0.025051009470693327,0.6938743431677942,1.257678757777106,0.04551171918872034,0.017861096460062075,11,0.5984753009315028,False,
458561808390210560,Gaia DR3 458561808390210560,458562117627835904,-7.94654556692472,0.02626740907968077,0.39384909740555074,1.5727891746764175,0.02314730989245632,0.008355631318704947,12,0.5984753009315028,False,
458561808390210560,Gaia DR3 458561808390210560,458563698175871872,-7.7523391540024535,0.047687074691657304,0.8361568720252861,0.9187429389959393,0.025478189572288125,0.008445046234921677,12,0.5984753009315028,False,
458561808390210560,Gaia DR3 458561808390210560,458565038205568384,-7.564293177793262,0.027758251741849135,0.41469435405415067,1.1255521986297732,0.030621012508731886,0.009188870025651835,12,0.5984753009315028,False,
458562358146100736,V0356 Per,458371661600617088,-12.578844356393166,0.005373737869278173,0.8575885600852147,0.7900962934892162,0.004997464166091484,0.0018937276801781072,12,1.2381009721382656,False,
458562358146100736,V0356 Per,458374719617277184,-12.15870406488311,0.006382963796623417,0.5397227795858651,0.9712953852085016,0.005682624465249363,0.0018593058987286968,12,1.2381009721382656,False,
458562358146100736,V0356 Per,458374822697357696,-11.512931306761221,0.009535145115773958,0.6927370329226309,1.0932154409070114,0.005860453296892813,0.0018636269653074392,12,1.2381009721382656,False,
458562358146100736,V0356 Per,458377674554774016,-12.6841478801708,0.001994375554283716,0.3755883535523828,1.7388695056320276,0.004812067616804657,0.0019004377332288846,12,1.2381009721382656,False,
458562358146100736,V0356 Per,458379014584350592,-13.827338781979803,0.00757110480364177,0.5550193025607819,0.9552221294152423,0.005599865843779864,0.002215296504454444,12,1.2381009721382656,False,
458562358146100736,V0356 Per,458379358181849856,-12.318035800875036,0.007547548540157837,0.6837176149931686,1.1436737693717929,0.005456641641668168,0.0018771086803493953,12,1.2381009721382656,False,
458562358146100736,V0356 Per,458561361713638784,-12.656078595934797,0.0074358240577032195,0.3950165991508903,0.8329343998158526,0.004861486176142661,0.0018986491284456424,12,1.2381009721382656,False,
458562358146100736,V0356 Per,458568611620603904,-11.990170189326372,0.005685882771190121,0.5983772935145986,1.0874176818222652,0.005878670638171809,0.0018344447203925208,12,1.2381009721382656,False,
458562564304511488,Gaia DR3 458562564304511488,458380217175281280,-6.577431688580387,0.04388768547649285,2.1987745434191974,1.0242430920463323,0.04268101118567788,0.015961857325524166,6,0.9821913667571551,True,invNV
458562564304511488,Gaia DR3 458562564304511488,458558509855408256,-8.176621001208735,0.025546741380106434,0.6363604671706128,0.7301394180521626,0.020395093465234108,0.008249350677992458,12,0.9821913667571551,False,
458562564304511488,Gaia DR3 458562564304511488,458562117627835904,-7.94654556692472,0.014194852528929453,0.5432597106767728,1.8154255104219563,0.022946553616165388,0.008508384051513086,12,0.9821913667571551,False,
458562564304511488,Gaia DR3 458562564304511488,458572562988171392,-8.355227318957642,0.02616175053781759,0.6065946988094539,1.019230769520474,0.018092099696281897,0.007392377170724031,12,0.9821913667571551,False,
458562564304511488,Gaia DR3 458562564304511488,458572940945232000,-8.3221757828933,0.02259081511683063,0.6257494004058803,0.9574779449953023,0.018559866401376024,0.007635600592018102,12,0.9821913667571551,False,
458562564304511488,Gaia DR3 458562564304511488,458577476430838272,-7.993510624396777,0.013980955701281604,0.760761050285862,0.9368488678018485,0.022425726727371052,0.008455507840228577,12,0.9821913667571551,False,
458562564304511488,Gaia DR3 458562564304511488,458579125698219008,-7.671149896665951,0.027045671894659982,0.5168804175295351,0.7582362272575225,0.027357812442845606,0.009000318663204743,12,0.9821913667571551,False,
458562564304511488,Gaia DR3 458562564304511488,458579812892903936,-8.029872535712395,0.0273725667741037,0.43686094843361695,1.0042922095352422,0.022022485207813733,0.008414569316804493,12,0.9821913667571551,False,
458563079700557568,Gaia DR3 458563079700557568,458371348057793280,-8.747351788798383,0.00981630540698467,0.5963968683609074,1.2248839899651451,0.012542500703753588,0.004506766803262629,12,1.0564422982813395,False,
458563079700557568,Gaia DR3 458563079700557568,458372589313293056,-8.595635129537373,0.01562820308370014,0.7082974846489465,0.9120643669215283,0.014689692945356426,0.005623236696248366,12,1.0564422982813395,False,
458563079700557568,Gaia DR3 458563079700557568,458374994495145088,-8.383560010012008,0.013878327984860125,0.5280141958338496,1.0767755058990853,0.017691117136344265,0.007183879325440961,12,1.0564422982813395,False,
458563079700557568,Gaia DR3 458563079700557568,458375131934098816,-7.928639145087972,0.015878915199005056,0.4938337135764249,0.959567518527033,0.023145129887049785,0.00852854422580762,12,1.0564422982813395,False,
458563079700557568,Gaia DR3 458563079700557568,458376987359893760,-8.65199332206032,0.011514507305783789,0.3975905455379365,1.227709457288134,0.013892075371086967,0.005208501587517062,12,1.0564422982813395,False,
458563079700557568,Gaia DR3 458563079700557568,458378155591060608,-8.675046849481413,0.029029671796352255,0.40979396610751156,0.683732491527641,0.013565806947689978,0.00503885265497307,12,1.0564422982813395,False,
458563079700557568,Gaia DR3 458563079700557568,458378877145977600,-8.327263856710488,0.012328623361015641,0.5124361920839805,1.2758279646812776,0.0184878566914458,0.007598157892858703,12,1.0564422982813395,False,
458563079700557568,Gaia DR3 458563079700557568,458565313083438976,-8.795564761343693,0.01389673653974977,0.38859086732466064,0.9431424671280039,0.012199249657464363,0.004384821792663904,12,1.0564422982813395,False,
458564488449771648,Gaia DR3 458564488449771648,458538649925633280,-7.256706904411785,0.05624392672913208,1.1891457346186987,0.7498947964510767,0.037917738074572174,0.012116964783800062,12,0.9583108105998412,True,invNV
458564488449771648,Gaia DR3 458564488449771648,458558509855408256,-8.176621001208735,0.012034312209206094,0.5322589924557282,1.3927997628139017,0.02038713696541215,0.00833583400264113,12,0.9583108105998412,False,
458564488449771648,Gaia DR3 458564488449771648,458565038205568384,-7.564293177793262,0.025876603086223617,0.5057601619845163,1.2882296249929293,0.029907928200509623,0.009954741629122741,12,0.9583108105998412,False,
458564488449771648,Gaia DR3 458564488449771648,458567202869086848,-7.475465775644149,0.020477004607398566,0.4294488088617572,1.560660689725834,0.03222106979489697,0.010579166976798914,12,0.9583108105998412,False,
458564488449771648,Gaia DR3 458564488449771648,458568336740391040,-7.645403436416796,0.01938692471346011,0.6922499505030026,1.5416339267017007,0.027795747629939103,0.00938456508206935,12,0.9583108105998412,False,
458564488449771648,Gaia DR3 458564488449771648,458573112743932544,-7.959888731457982,0.02507196357231083,0.4621912778000382,1.1408328895525186,0.022767125529090677,0.008495075142588142,12,0.9583108105998412,False,
458564488449771648,Gaia DR3 458564488449771648,458578541582659456,-7.059480969236352,0.03886636148558146,0.40131695355965663,1.0445522133138565,0.04223832494705454,0.01518711025251184,12,0.9583108105998412,False,
458564488449771648,Gaia DR3 458564488449771648,458579125698219008,-7.671149896665951,0.029019854894070152,0.6235605405141899,0.9362302104403178,0.02712528776429329,0.009203576535702526,12,0.9583108105998412,False,
458565278723729536,Gaia DR3 458565278723729536,458372967270410112,-10.667071347206608,0.007729628379765829,0.4308652130984555,0.9274366313130696,0.006509734909448217,0.0022388956318287446,12,0.7041895811107237,False,
458565278723729536,Gaia DR3 458565278723729536,458374719618168064,-10.922251039145863,0.0051764272785866485,0.5012323427439699,1.0750534604991806,0.006096197018198893,0.002078163075355674,12,0.7041895811107237,False,
458565278723729536,Gaia DR3 458565278723729536,458375338092496768,-11.083746525299428,0.00882472866207255,0.46926201222553127,0.7636169641740719,0.005817402278997416,0.0020077618141643824,12,0.7041895811107237,False,
458565278723729536,Gaia DR3 458565278723729536,458376918640421888,-10.06479252270902,0.013313982217539915,0.47030414479687777,0.8782668291835896,0.007253766019505816,0.0026678326486758875,12,0.7041895811107237,False,
458565278723729536,Gaia DR3 458565278723729536,458379770498587264,-10.900086158448058,0.0035829124256365258,0.5794187008062704,0.8772025312007973,0.006134460949165361,0.0020878254850765013,12,0.7041895811107237,False,
458565278723729536,Gaia DR3 458565278723729536,458566893631456384,-10.687167981937495,0.0034095543214112053,0.6678148325331217,0.8572147540501378,0.006481581351423917,0.0022181413108436983,12,0.7041895811107237,False,
458565278723729536,Gaia DR3 458565278723729536,458567512106671488,-10.909093609536885,0.005391124789755136,0.4006525323872407,0.893651243708042,0.006118911102931321,0.002083898837144253,12,0.7041895811107237,False,
458565278723729536,Gaia DR3 458565278723729536,458576445638701824,-10.956210191277254,0.00495895792710286,1.0013423821313137,1.5313233642702895,0.006037572265349939,0.002063359149896336,12,0.7041895811107237,True,invNV
458566034637967232,Gaia DR3 458566034637967232,458370867021453312,-9.413343473703613,0.005110229061779428,0.691902214864594,1.757216482966261,0.008619005134134149,0.0031348924012829173,12,1.2072352899094723,False,
458566034637967232,Gaia DR3 458566034637967232,458371730320069120,-9.8802032707685,0.007192225851475308,0.6091069865578904,1.499448024108335,0.007412984838412854,0.002666055116139285,12,1.2072352899094723,False,
458566034637967232,Gaia DR3 458566034637967232,458377807688592768,-9.278556349557137,0.01415629602411132,0.3534788495063961,0.8874322976746932,0.009056894649828676,0.003323102705742518,12,1.2072352899094723,False,
458566034637967232,Gaia DR3 458566034637967232,458381385406372352,-9.868669180301849,0.013407794608486947,0.47176595082343037,0.8044668955077093,0.007422933653102558,0.002665944046719646,12,1.2072352899094723,False,
458566034637967232,Gaia DR3 458566034637967232,458551942839335680,-9.776099636143254,0.005831698695974442,0.3692421439744944,1.1645290114632312,0.007502780195264415,0.0026650526330814707,12,1.2072352899094723,False,
458566034637967232,Gaia DR3 458566034637967232,458566820606044800,-9.885630202308977,0.0073786039095908775,0.7360926485821322,1.046487879840566,0.007408303798638975,0.0026661073756684053,12,1.2072352899094723,False,
458566034637967232,Gaia DR3 458566034637967232,458570089087001856,-9.51343469269466,0.007542952418393464,0.5175232668621461,1.2190953118204602,0.008293833900703613,0.0029951298021524127,12,1.2072352899094723,False,
458566034637967232,Gaia DR3 458566034637967232,458573765571034880,-10.315747749473363,0.005409509548321004,0.4744723384073781,1.0019874843504883,0.007001907326698091,0.0026017167118064116,12,1.2072352899094723,False,
458566206436636160,Gaia DR3 458566206436636160,458375131934098816,-7.928639145087972,0.015922876923016433,0.41800287007319986,1.0131133339343,0.023110284663934038,0.008518035358720958,12,1.3035495140268147,False,
458566206436636160,Gaia DR3 458566206436636160,458376918640421888,-10.06479252270902,0.008768125847867124,0.525372141663862,1.0323140823324717,0.007253766019505816,0.0026678326486758875,12,1.3035495140268147,False,
458566206436636160,Gaia DR3 458566206436636160,458378082567513856,-8.88692132122503,0.018667669043643535,0.6395115820011005,0.8224739956737644,0.01158618237817862,0.004179397173537614,12,1.3035495140268147,False,
458566206436636160,Gaia DR3 458566206436636160,458381385406372352,-9.868669180301849,0.007496178971968832,0.377698307477815,1.2859514973411996,0.007422933653102558,0.002665944046719646,12,1.3035495140268147,False,
458566206436636160,Gaia DR3 458566206436636160,458538198943998464,-9.312404379979402,0.010238162654537426,0.5969152750857424,1.4091759087599576,0.008946930899636099,0.0032758389322072264,12,1.3035495140268147,False,
458566206436636160,Gaia DR3 458566206436636160,458566820606044800,-9.885630202308977,0.0069933050270293605,0.7116065456747692,1.006393590816071,0.007408303798638975,0.0026661073756684053,12,1.3035495140268147,False,
458566206436636160,Gaia DR3 458566206436636160,458568508539077376,-8.863128687653498,0.017002945277972654,0.45390818872026334,0.9515935553540662,0.01174584781599379,0.004232897356729622,12,1.3035495140268147,False,
458566206436636160,Gaia DR3 458566206436636160,458584790749192448,-10.06546867565511,0.008889260316208361,0.7945409643585989,0.8818342531042103,0.0072531827988017656,0.0026678391598017994,12,1.3035495140268147,False,
458566717526831104,Gaia DR3 458566717526831104,458342249663654400,-10.205289330573287,0.009195423328982585,0.9653466958654325,0.8324721007990313,0.007132579463012453,0.0026691855857761903,12,0.8102250596585359,False,
458566717526831104,Gaia DR3 458566717526831104,458361422399500544,-10.44332351883314,0.005864173747105017,0.49635751220971897,0.8797642281080884,0.006823185273316444,0.0024699658737848767,12,0.8102250596585359,False,
458566717526831104,Gaia DR3 458566717526831104,458361761687408128,-10.001423445893185,0.0038195398602343077,0.47113997883442643,1.838446852686793,0.007308425483476654,0.0026672224257367374,12,0.8102250596585359,False,
458566717526831104,Gaia DR3 458566717526831104,458374719618168064,-10.922251039145863,0.004690611267248016,0.397213052856396,1.60973252252371,0.006096197018198893,0.002078163075355674,12,0.8102250596585359,False,
458566717526831104,Gaia DR3 458566717526831104,458374788336736512,-10.960227639274535,0.012912383566985606,0.5875017732439337,0.9409673144496133,0.006030636818463253,0.002061607810508992,12,0.8102250596585359,False,
458566717526831104,Gaia DR3 458566717526831104,458375063214603904,-9.991270248508277,0.008690613393140065,0.40896036717182943,1.115279709372066,0.00731718319866733,0.0026671246538539626,12,0.8102250596585359,False,
458566717526831104,Gaia DR3 458566717526831104,458379736138948608,-10.235537537679775,0.00518073875930855,0.5113409920072324,0.8996794400638694,0.007106488649170797,0.0026694768658574544,12,0.8102250596585359,False,
458566717526831104,Gaia DR3 458566717526831104,458584790749192448,-10.06546867565511,0.006623457061292545,0.4484329869297938,1.307703871564437,0.0072531827988017656,0.0026678391598017994,12,0.8102250596585359,False,
458566751890018304,Gaia DR3 458566751890018304,458361422399500544,-10.44332351883314,0.007136708826530871,0.4797410220858179,1.0194575215415516,0.006823185273316444,0.0024699658737848767,12,1.3469007988367063,False,
458566751890018304,Gaia DR3 458566751890018304,458375063214603904,-9.991270248508277,0.004888180099465883,0.7394906827010804,1.5841420986623553,0.00731718319866733,0.0026671246538539626,12,1.3469007988367063,False,
458566751890018304,Gaia DR3 458566751890018304,458379736138948608,-10.235537537679775,0.003871628970745093,0.7640998864028001,1.1049871186628877,0.007106488649170797,0.0026694768658574544,12,1.3469007988367063,False,
458566751890018304,Gaia DR3 458566751890018304,458470132306043904,-9.419139990505919,0.009453693425779622,0.8281949965996261,0.9278254426990299,0.008600173706790105,0.0031267984219872274,12,1.3469007988367063,False,
458566751890018304,Gaia DR3 458566751890018304,458551942839335680,-9.776099636143254,0.007353618812242278,0.39546123727716326,1.1897298502281655,0.007502780195264415,0.0026650526330814707,12,1.3469007988367063,False,
458566751890018304,Gaia DR3 458566751890018304,458570089087001856,-9.51343469269466,0.004596771817622154,0.6308546811608514,1.292312024063421,0.008293833900703613,0.0029951298021524127,12,1.3469007988367063,False,
458566751890018304,Gaia DR3 458566751890018304,458584790749192448,-10.06546867565511,0.005708840015121371,0.5074708453463108,1.2146634273557524,0.0072531827988017656,0.0026678391598017994,12,1.3469007988367063,False,
458566751890018304,Gaia DR3 458566751890018304,458584829414696576,-10.645982153328495,0.005576546675990379,0.5225486326562973,1.1292601469667658,0.006539278952591949,0.0022606749946386556,12,1.3469007988367063,False,
458566889325519744,Gaia DR3 458566889325519744,458366434615213184,-10.08552479491593,0.008697348129472144,0.6090546759709272,1.4378254269677775,0.007235883245404175,0.002668032293498205,12,1.1600989040424814,False,
458566889325519744,Gaia DR3 458566889325519744,458368427480032128,-9.422432361783178,0.013213343074401085,0.37419285081267517,1.0991715446175314,0.008589477619361761,0.003122201111936946,12,1.1600989040424814,False,
458566889325519744,Gaia DR3 458566889325519744,458374066782258560,-8.901500821740793,0.010553168834210841,0.77494894494664,1.199845391841008,0.011488343594339189,0.0041466136674118085,12,1.1600989040424814,False,
458566889325519744,Gaia DR3 458566889325519744,458374376019938944,-9.128492739000414,0.00935872719714695,0.4104943877107766,1.0492399052421788,0.009965066915412497,0.003636198999780154,12,1.1600989040424814,False,
458566889325519744,Gaia DR3 458566889325519744,458375063214603904,-9.991270248508277,0.004975310216913861,0.669873523156489,1.4790526065561254,0.00731718319866733,0.0026671246538539626,12,1.1600989040424814,False,
458566889325519744,Gaia DR3 458566889325519744,458379736138948608,-10.235537537679775,0.005484529935117906,0.8128041599842333,1.168744170820205,0.007106488649170797,0.0026694768658574544,12,1.1600989040424814,False,
458566889325519744,Gaia DR3 458566889325519744,458470132306043904,-9.419139990505919,0.00893468904558529,0.6968707117004599,1.0293116180805892,0.008600173706790105,0.0031267984219872274,12,1.1600989040424814,False,
458566889325519744,Gaia DR3 458566889325519744,458584790749192448,-10.06546867565511,0.009062813428179075,0.6665183903356627,0.8183800007758658,0.0072531827988017656,0.0026678391598017994,12,1.1600989040424814,False,
458566893631448576,Gaia DR3 458566893631448576,458369359498288256,-8.702174766265218,0.01996236466280128,0.8431277277037111,0.8549481004427758,0.013181875132075568,0.004850238021821306,12,1.200175747452735,False,
458566893631448576,Gaia DR3 458566893631448576,458370867021453312,-9.413343473703613,0.014632430729370103,1.0360071933211643,0.9246687124170356,0.008619005134134149,0.0031348924012829173,12,1.200175747452735,False,
458566893631448576,Gaia DR3 458566893631448576,458374066782258560,-8.901500821740793,0.00755974966821005,0.5636013357008843,1.445992744377907,0.011488343594339189,0.0041466136674118085,12,1.200175747452735,False,
458566893631448576,Gaia DR3 458566893631448576,458374376019938944,-9.128492739000414,0.012248493864804805,0.4802972549140542,0.8475866969643557,0.009965066915412497,0.003636198999780154,12,1.200175747452735,False,
458566893631448576,Gaia DR3 458566893631448576,458378082567513856,-8.88692132122503,0.014409016190401263,0.6005543507773363,0.9419850149315127,0.01158618237817862,0.004179397173537614,12,1.200175747452735,False,
458566893631448576,Gaia DR3 458566893631448576,458379358181844096,-9.283069893731392,0.009660817577644126,0.3718224797913454,1.025123231721894,0.00904223127834534,0.003316800208166375,12,1.200175747452735,False,
458566893631448576,Gaia DR3 458566893631448576,458470132306043904,-9.419139990505919,0.006227522962272602,0.4449572136909572,1.5980109792829653,0.008600173706790105,0.0031267984219872274,12,1.200175747452735,False,
458566893631448576,Gaia DR3 458566893631448576,458565897199040128,-9.477392486795802,0.011410278729786614,0.36881154514031367,0.8419459454110501,0.008410925975970845,0.003045457417557633,12,1.200175747452735,False,
458567993143040640,Gaia DR3 458567993143040640,458374715313500288,-9.245186585974636,0.0065284704097779735,0.5919823326565904,1.9094657077464183,0.00918196847818152,0.0033738008851817267,12,1.1621820239484664,False,
458567993143040640,Gaia DR3 458567993143040640,458375849183500160,-9.104841113607257,0.0065441955554008165,0.5989769410738295,1.753083915700887,0.010123786088390358,0.0036893821115831574,12,1.1621820239484664,False,
458567993143040640,Gaia DR3 458567993143040640,458377807688592768,-9.278556349557137,0.01146052341554379,0.6876400485971083,1.1715633514563513,0.009056894649828676,0.003323102705742518,12,1.1621820239484664,False,
458567993143040640,Gaia DR3 458567993143040640,458378082567513856,-8.88692132122503,0.013571484482510002,0.6346940234933418,1.1001927520977302,0.01158618237817862,0.004179397173537614,12,1.1621820239484664,False,
458567993143040640,Gaia DR3 458567993143040640,458379358181844096,-9.283069893731392,0.006556385277563865,0.3758240085206054,1.574302767398373,0.00904223127834534,0.003316800208166375,12,1.1621820239484664,False,
458567993143040640,Gaia DR3 458567993143040640,458470132306043904,-9.419139990505919,0.007179806252885989,0.4414235623693837,1.3872706351732915,0.008600173706790105,0.0031267984219872274,12,1.1621820239484664,False,
458567993143040640,Gaia DR3 458567993143040640,458471575415052800,-9.177223019086828,0.006467548823621827,0.41968095910931213,1.650523811243199,0.009638052191234897,0.003526623954050855,12,1.1621820239484664,False,
458567993143040640,Gaia DR3 458567993143040640,458565313083438976,-8.795564761343693,0.007043734390985965,0.69443960517714,1.7822077349576766,0.012199249657464363,0.004384821792663904,12,1.1621820239484664,False,
458568164941730048,ZTF J021743.29+571852.9,458471888956756864,-6.873756563604171,0.024503654352029846,0.641721841819468,1.3065316231077901,0.046279921223710836,0.018134031402497326,11,0.8782733859409249,False,
458568164941730048,ZTF J021743.29+571852.9,458474809534500224,-7.1696583668808325,0.03949233934041542,0.5109964874932914,2.0118240589871927,0.03984072642694678,0.013438906497255779,12,0.8782733859409249,False,
458568164941730048,ZTF J021743.29+571852.9,458534801634958464,-9.099858348473454,0.02673959859520712,0.4725355081089668,2.5435472729120345,0.010148309376812627,0.003695342555187179,12,0.8782733859409249,True,amplitude
458568164941730048,ZTF J021743.29+571852.9,458538409407498752,-6.968775931389983,0.041657274060088546,0.36618280938570313,0.9613158249211072,0.044212180466936375,0.016626342719186553,10,0.8782733859409249,False,
458568164941730048,ZTF J021743.29+571852.9,458558028819083776,-7.5088388475181915,0.049910773379569284,0.8346112002440801,1.2421792475352924,0.03128785207490287,0.0101923381298783,12,0.8782733859409249,False,
458568164941730048,ZTF J021743.29+571852.9,458559471928073728,-8.351223628247194,0.0448484981956294,0.42001228410991287,2.348890510031893,0.018148762515468167,0.007513705119982895,12,0.8782733859409249,False,
458568164941730048,ZTF J021743.29+571852.9,458563698175871872,-7.7523391540024535,0.04476327401032576,0.520729357833133,1.47687495048759,0.024922929313818204,0.008354885886089632,12,0.8782733859409249,False,
458568164941730048,ZTF J021743.29+571852.9,458564724662004096,-8.322736108045136,0.030019878752273795,0.3815230125361464,2.489182496531382,0.018551936317595785,0.007729904939692547,12,0.8782733859409249,False,
458569092654850304,Gaia DR3 458569092654850304,458369874893982592,-8.922648708279848,0.06324955084360173,0.45622442379840894,0.8685572644683964,0.011334604435866048,0.004084836392781626,12,0.7557275450902755,True,amplitude
458569092654850304,Gaia DR3 458569092654850304,458380217175281280,-6.577431688580387,0.02088713862507875,1.1750419085177461,2.0797389431643345,0.04360478137846285,0.015855160810231698,6,0.7557275450902755,True,invNV
458569092654850304,Gaia DR3 458569092654850304,458471888956756864,-6.873756563604171,0.03708463861849526,0.5684507803619261,1.057091305858128,0.047341402087949555,0.018011429146927174,11,0.7557275450902755,False,
458569092654850304,Gaia DR3 458569092654850304,458471992035957248,-6.651447821504264,0.033718370159672925,0.4243232529264479,1.2498700633375786,0.046512300296794554,0.017604942082903616,6,0.7557275450902755,False,
458569092654850304,Gaia DR3 458569092654850304,458472747950168704,-8.360350502704105,0.0452031396447882,0.6295335503825665,1.176444632048764,0.017880932523124865,0.00737460478856119,12,0.7557275450902755,False,
458569092654850304,Gaia DR3 458569092654850304,458558509855408256,-8.176621001208735,0.050420282646577996,0.42879145108393,0.8030257905320307,0.020219872023953527,0.008220513249973837,12,0.7557275450902755,False,
458569092654850304,Gaia DR3 458569092654850304,458572940945232000,-8.3221757828933,0.04841462935043916,0.4417307489417308,0.985059314104893,0.018408731742984075,0.007659223035705962,12,0.7557275450902755,False,
458569092654850304,Gaia DR3 458569092654850304,458576308199930624,-8.744581148067198,0.07698418360903699,0.4918845235474662,0.7593328515320429,0.012568604472684439,0.004509906545207053,12,0.7557275450902755,True,amplitude
458569917288566528,BU Per,458374719617266048,-13.460924929009382,0.0064396818052141315,0.42475185748950683,0.9294503997541523,0.0053799556154791005,0.0021239773055480716,12,0.5976148996361665,False,
458569917288566528,BU Per,458374719617270272,-12.913261820951869,0.0060321791824451566,0.4183166354864206,0.878627847268647,0.004854341503262217,0.001892865974501636,12,0.5976148996361665,False,
458569917288566528,BU Per,458377674554774016,-12.6841478801708,0.0024886627562863686,0.3626933752176738,2.4815986208960017,0.004812067616804657,0.0019004377332288846,12,0.5976148996361665,False,
458569917288566528,BU Per,458379014584350592,-13.827338781979803,0.0023143551343769004,0.5514935542399839,1.93678795170899,0.005599865843779864,0.002215296504454444,12,0.5976148996361665,False,
458569917288566528,BU Per,458561361713638784,-12.656078595934797,0.0072458899381908975,0.40888658248519755,0.9274440911611533,0.004861486176142661,0.0018986491284456424,12,0.5976148996361665,False,
458569917288566528,BU Per,458571497836305920,-14.118722068826825,0.00584966145807009,0.31505518196481874,0.7457777779527799,0.005399355253191584,0.001240662494974499,12,0.5976148996361665,False,
458571154238944896,Gaia DR3 458571154238944896,458372554953553792,-7.731920059193281,0.030616433934291545,0.3600686159067159,0.9969260936637292,0.02542333468011151,0.008132866160225313,12,0.7938418919686983,False,
458571154238944896,Gaia DR3 458571154238944896,458380217175281280,-6.577431688580387,0.03280270628797441,1.5702576247575373,1.2434733353973868,0.0436047813784629,0.01505664271436909,6,0.7938418919686983,True,invNV
458571154238944896,Gaia DR3 458571154238944896,458471888956756864,-6.873756563604171,0.014065768435457565,0.7946815599362694,2.455895467035941,0.04734140208794962,0.01709387228578714,11,0.7938418919686983,False,
458571154238944896,Gaia DR3 458571154238944896,458558509855408256,-8.176621001208735,0.018859059604274295,0.5040460732800014,2.024883879516225,0.020090116829523413,0.00810941318285882,12,0.7938418919686983,False,
458571154238944896,Gaia DR3 458571154238944896,458562117627835904,-7.94654556692472,0.02200211543965368,0.3880303263757098,1.910523531908852,0.022709978346549788,0.008040499034454954,12,0.7938418919686983,False,
458571154238944896,Gaia DR3 458571154238944896,458565038205568384,-7.564293177793262,0.040703581945462926,0.44703915189713034,0.8429492971081012,0.029830029239565584,0.009535059633119061,12,0.7938418919686983,False,
458571154238944896,Gaia DR3 458571154238944896,458576308199930624,-8.744581148067198,0.015851296491465317,0.6669014869508878,2.532619681379793,0.012555272636886336,0.004492158989091044,12,0.7938418919686983,False,
458571154238944896,Gaia DR3 458571154238944896,458579125698219008,-7.671149896665951,0.030007840141791368,0.45263427234098297,1.6067157950670437,0.027020903890668302,0.008641206615710901,12,0.7938418919686983,False,
458571154238965248,Gaia DR3 458571154238965248,458372554953553792,-7.731920059193281,0.033071131092057185,0.3995843997822636,0.8538585467884194,0.02542333468011151,0.008463277442980687,12,0.9387901223334414,False,
458571154238965248,Gaia DR3 458571154238965248,458380217175281280,-6.577431688580387,0.031092867544417414,1.638335187713857,1.3194602219835674,0.04360478137846296,0.015855160810231535,6,0.9387901223334414,True,invNV
458571154238965248,Gaia DR3 458571154238965248,458471304841223040,-7.786611819101137,0.040342903184369505,0.5211318478063867,0.9471736658591842,0.024525364224526686,0.008296188791780068,12,0.9387901223334414,False,
458571154238965248,Gaia DR3 458571154238965248,458471888956756864,-6.873756563604171,0.013250724485424279,0.7269603847472605,2.659027209206221,0.04734140208794968,0.01801142914692699,11,0.9387901223334414,False,
458571154238965248,Gaia DR3 458571154238965248,458558509855408256,-8.176621001208735,0.01593597276481363,0.4908025988700498,1.9813894304545168,0.020022828866922887,0.00799529271109966,12,0.9387901223334414,False,
458571154238965248,Gaia DR3 458571154238965248,458562117627835904,-7.94654556692472,0.018911605232186837,0.4152607027260354,1.9009875651350936,0.0226789785816084,0.008172798266386314,12,0.9387901223334414,False,
458571154238965248,Gaia DR3 458571154238965248,458579125698219008,-7.671149896665951,0.024185885351186664,0.4633932950320858,1.8107024713538866,0.027020903890668302,0.008929953006186176,12,0.9387901223334414,False,
458571154238965248,Gaia DR3 458571154238965248,458579812892903936,-8.029872535712395,0.022903536945305274,0.6148773635263214,1.035382158491873,0.021716994504256744,0.008108510656059558,12,0.9387901223334414,False,
458577923107415808,Gaia DR3 458577923107415808,458538649925633280,-7.256706904411785,0.049468376658125784,1.1193141735145393,0.8319682055770714,0.03769734259024213,0.012246873559068823,12,0.8169483786020535,True,invNV
458577923107415808,Gaia DR3 458577923107415808,458558509855408256,-8.176621001208735,0.02215591370740928,0.36864056163002534,0.9949369854833103,0.020022828866922887,0.00801148374844346,12,0.8169483786020535,False,
458577923107415808,Gaia DR3 458577923107415808,458565038205568384,-7.564293177793262,0.03158508030872703,0.4419434672327106,1.0135730814415276,0.02974768420324006,0.009869881385463242,12,0.8169483786020535,False,
458577923107415808,Gaia DR3 458577923107415808,458568336740391040,-7.645403436416796,0.032189430799385695,0.7172859678513303,1.0213909924283202,0.027651365532547025,0.00924307041686013,12,0.8169483786020535,False,
458577923107415808,Gaia DR3 458577923107415808,458569436251952128,-7.256736519114359,0.036759529719301985,0.40964250470050045,1.2257025487273236,0.037696577189477956,0.01224664469997356,12,0.8169483786020535,False,
458577923107415808,Gaia DR3 458577923107415808,458576308199930624,-8.744581148067198,0.013568844595839813,1.0739969029937728,1.364083554565825,0.012542734246978096,0.004490302356457676,12,0.8169483786020535,True,invNV
458577923107415808,Gaia DR3 458577923107415808,458578541582659456,-7.059480969236352,0.033998405523793525,0.4597990994709526,1.0694133625979565,0.042638600576251406,0.015208335142953168,12,0.8169483786020535,False,
458577923107415808,Gaia DR3 458577923107415808,458579125698219008,-7.671149896665951,0.03821181755172939,0.6117789717868581,0.763026902681322,0.026985940637589287,0.009044104663813057,12,0.8169483786020535,False,
458578197985296256,Gaia DR3 458578197985296256,458379117663562368,-10.459956813296266,0.009462724233356538,0.7124809061031039,0.9286004599460181,0.006799883540112169,0.0024527882349936435,12,0.8316942388586375,False,
458578197985296256,Gaia DR3 458578197985296256,458381385406372352,-9.868669180301849,0.010059271708769637,0.39756229293432827,0.9885895468300709,0.007422933653102558,0.002665944046719646,12,0.8316942388586375,False,
458578197985296256,Gaia DR3 458578197985296256,458551942839335680,-9.776099636143254,0.004398744347854308,0.33528327122923096,1.2708140531345806,0.007502780195264415,0.0026650526330814707,12,0.8316942388586375,False,
458578197985296256,Gaia DR3 458578197985296256,458563423297975424,-10.096879973397414,0.006927257785438325,0.6765112300793004,1.1198072677299604,0.007226088752565106,0.002668141640055481,12,0.8316942388586375,False,
458578197985296256,Gaia DR3 458578197985296256,458565897199040128,-9.477392486795802,0.006939225984636341,0.35484860806936547,1.1489856146874928,0.008403979775102047,0.003041371467645232,12,0.8316942388586375,False,
458578197985296256,Gaia DR3 458578197985296256,458570089087001856,-9.51343469269466,0.006511990523692268,0.6798170784748522,1.4366779665914995,0.008287806076584543,0.0029915840671677083,12,0.8316942388586375,False,
458578197985296256,Gaia DR3 458578197985296256,458570565817512192,-10.090630540983497,0.01168174470682621,0.37572111907518596,0.8066486990303855,0.007231479246525739,0.0026680814601190315,12,0.8316942388586375,False,
458578197985296256,Gaia DR3 458578197985296256,458573765571034880,-10.315747749473363,0.004391859383645967,0.433004194479232,1.5308347452172653,0.007001907326698091,0.0026017167118064116,12,0.8316942388586375,False,
458578507222893696,Gaia DR3 458578507222893696,458379323822123776,-8.391257656867388,0.007909048058831929,0.6136132553520441,2.123246836122034,0.017281247745149768,0.0069537865683141405,12,1.1452618007041115,False,
458578507222893696,Gaia DR3 458578507222893696,458538649925633280,-7.256706904411785,0.05525100582712793,2.026597507343371,0.7523892762489506,0.03750131023167773,0.008075931178636583,12,1.1452618007041115,True,invNV
458578507222893696,Gaia DR3 458578507222893696,458565038205568384,-7.564293177793262,0.02764082634292438,0.5404601445771656,1.103596681577249,0.029768060885535123,0.00832626647931778,12,1.1452618007041115,False,
458578507222893696,Gaia DR3 458578507222893696,458566412595039104,-7.534155442684934,0.02829384129606914,0.42108628904690665,1.2118148001480102,0.030525775518761438,0.008301738274930595,12,1.1452618007041115,False,
458578507222893696,Gaia DR3 458578507222893696,458568817776680192,-8.483467541368748,0.03313021290585104,0.5688240136671576,0.9321941482665953,0.01604459693291309,0.006310869807034469,12,1.1452618007041115,False,
458578507222893696,Gaia DR3 458578507222893696,458577476430838272,-7.993510624396777,0.01937535118069539,0.34977710392798705,0.9298333434527289,0.02221425915114807,0.008215035906700148,12,1.1452618007041115,False,
458578507222893696,Gaia DR3 458578507222893696,458578541582659456,-7.059480969236352,0.043113392587551494,0.41645410725418697,0.8925414870351218,0.04251434325674897,0.012591221003917899,12,1.1452618007041115,False,
458578507222893696,Gaia DR3 458578507222893696,458579125698219008,-7.671149896665951,0.027020783930021133,0.6424448238415719,1.0753741277235616,0.027081498698384773,0.008413233978077469,12,1.1452618007041115,False,
458579228777427712,Gaia DR3 458579228777427712,458551942839335680,-9.776099636143254,0.0021745843310344666,0.4526669279925616,2.541986094014278,0.007502780195264415,0.0026650526330814707,12,0.9159659547037707,False,
458579228777427712,Gaia DR3 458579228777427712,458561052475969920,-9.5015727286764,0.010213987306462639,0.423159453043348,1.3835021478107044,0.00832604036877936,0.00300796975550999,12,0.9159659547037707,False,
458579228777427712,Gaia DR3 458579228777427712,458565897199040128,-9.477392486795802,0.0060713016289672996,0.5652710077659838,1.2442862765984426,0.008403979775102047,0.003041371467645232,12,0.9159659547037707,False,
458579228777427712,Gaia DR3 458579228777427712,458566786246306560,-8.803538473675529,0.017544968831651724,0.5659283979403688,1.427869784732072,0.012113158812688932,0.004335053000030626,12,0.9159659547037707,False,
458579228777427712,Gaia DR3 458579228777427712,458566820606044800,-9.885630202308977,0.011345663752560178,0.5564824369389658,0.8564677866737563,0.007408303798638975,0.0026661073756684053,12,0.9159659547037707,False,
458579228777427712,Gaia DR3 458579228777427712,458566962350914688,-8.74392367884989,0.013779658061345,0.45850186477338006,0.9248493527476204,0.012551551738139701,0.004494886441798613,12,0.9159659547037707,False,
458579228777427712,Gaia DR3 458579228777427712,458570565817512192,-10.090630540983497,0.011975899007471133,0.37868281912310114,1.0040299828345056,0.007231479246525739,0.0026680814601190315,12,0.9159659547037707,False,
458579228777427712,Gaia DR3 458579228777427712,458573765571034880,-10.315747749473363,0.0025112235559798315,0.37722229309915073,2.0812847149750304,0.007001907326698091,0.0026017167118064116,12,0.9159659547037707,False,
458582905269333632,Gaia DR3 458582905269333632,458562117627835904,-7.94654556692472,0.028804910998760508,0.37694827438035655,1.4568587933655808,0.022770642924572815,0.008265638658252004,12,0.571041841473281,False,
458582905269333632,Gaia DR3 458582905269333632,458565038205568384,-7.564293177793262,0.03255215867752812,0.47046644045876435,1.3574407887487123,0.029768060885535123,0.00832626647931778,12,0.571041841473281,False,
458582905269333632,Gaia DR3 458582905269333632,458567782678710784,-7.3479155582595475,0.03550262622277843,0.6856977677634403,1.0951019231655132,0.03520816738438306,0.00815016318364348,12,0.571041841473281,False,
458582905269333632,Gaia DR3 458582905269333632,458568336740391040,-7.645403436416796,0.054140638951394,0.4182095156996457,0.9376440590816647,0.027728809108886514,0.008392279701421713,12,0.571041841473281,False,
458582905269333632,Gaia DR3 458582905269333632,458573112743932544,-7.959888731457982,0.0522383287660197,0.416127569317906,0.9895537946889204,0.022612569654102306,0.008251261994490996,12,0.571041841473281,False,
458582905269333632,Gaia DR3 458582905269333632,458575586645330048,-6.691920653684921,0.06818060104858634,0.31251872997624713,0.924452348080234,0.04810216348736088,0.01856174164813524,8,0.571041841473281,False,
458582905269333632,Gaia DR3 458582905269333632,458578541582659456,-7.059480969236352,0.0344300423781942,0.40818022690096023,1.7635797833456357,0.04251434325674897,0.012591221003917899,12,0.571041841473281,False,
458582905269333632,Gaia DR3 458582905269333632,458579125698219008,-7.671149896665951,0.04882611657555705,0.39377456293905205,0.9379607476498236,0.027081498698384773,0.008413233978077469,12,0.571041841473281,False,
458585138652331264,Gaia DR3 458585138652331264,458561602231793024,-10.166105557380249,0.010303947187782322,0.42560568274205907,0.9152067522434028,0.007166377715199569,0.0026688082591928425,12,1.488195699878962,False,
458585138652331264,Gaia DR3 458585138652331264,458562083268100736,-10.435516058357265,0.00875779139435113,0.7853194540132137,1.1929043275097886,0.006834122815570327,0.0024780288426831127,12,1.488195699878962,False,
458585138652331264,Gaia DR3 458585138652331264,458566481314534144,-11.666334447023253,0.006264428798956639,0.5939849523895785,1.2325215778314549,0.006053021398344921,0.0018218184013225687,12,1.488195699878962,False,
458585138652331264,Gaia DR3 458585138652331264,458576445638701824,-10.956210191277254,0.0036375639524865513,0.637957514831706,1.4974218728831554,0.006037572265349939,0.002063359149896336,12,1.488195699878962,False,
458585138652331264,Gaia DR3 458585138652331264,458577162887287552,-9.472533085298274,0.014184477028757886,0.4911617527642228,0.9524164303665441,0.008419642929741736,0.003048084069230092,12,1.488195699878962,False,
458585138652331264,Gaia DR3 458585138652331264,458577338991874048,-9.77662070335489,0.008541274815020913,1.047965070475383,1.1151715296919422,0.0075023307449029455,0.0026650576507838163,12,1.488195699878962,False,
458663822451552256,Gaia DR3 458663822451552256,458371730320069120,-9.8802032707685,0.006454530258335002,0.603779400339677,1.629579085819839,0.007412984838412854,0.002666055116139285,12,0.9262207816243064,False,
458663822451552256,Gaia DR3 458663822451552256,458377807688592768,-9.278556349557137,0.014391370135139669,0.38843823015272344,0.9922590075198351,0.009044881986436515,0.0033160365206635093,12,0.9262207816243064,False,
458663822451552256,Gaia DR3 458663822451552256,458379358181844096,-9.283069893731392,0.006740408122813583,0.3274965631252781,1.3491706281463842,0.009030333622731562,0.003309801673883952,12,0.9262207816243064,False,
458663822451552256,Gaia DR3 458663822451552256,458381385406372352,-9.868669180301849,0.010333759984527253,0.4640553316663999,0.9504628487627661,0.007422933653102558,0.002665944046719646,12,0.9262207816243064,False,
458663822451552256,Gaia DR3 458663822451552256,458470755085403520,-9.980781409717522,0.006086537692811525,0.5049931455787274,1.4505418569845314,0.007326230423824884,0.0026670236498571114,12,0.9262207816243064,False,
458663822451552256,Gaia DR3 458663822451552256,458565897199040128,-9.477392486795802,0.009554919156612773,0.3700438332121494,0.9087146665356914,0.008403979775102047,0.003041371467645232,12,0.9262207816243064,False,
458663822451552256,Gaia DR3 458663822451552256,458570089087001856,-9.51343469269466,0.0071546462963709544,0.48611759366452256,1.3613566767877683,0.008287806076584543,0.0029915840671677083,12,0.9262207816243064,False,
458663822451552256,Gaia DR3 458663822451552256,458573765571034880,-10.315747749473363,0.0037090006670723176,0.540583279221594,1.3762259700888446,0.007001907326698091,0.0026017167118064116,12,0.9262207816243064,False,
